condition,condition_family,detector,chord_cluster_window_s,confirmation_delay_s,fixed_cutoff_s,theta,window_size,min_intensity,min_cutoff_s,max_cutoff_s,call_id,midi_file,midi_sha256,note_on_count,reference_final_note_off_s,candidate_count,cancel_count,decision_count,premature_decision_count,late_decision_count_2s,candidate_cancel_rate,decision_times_s,first_commit_outcome_500ms,matched_500ms,matched_decision_index_500ms,endpoint_error_s_500ms,false_positive_count_500ms,false_negative_count_500ms,first_commit_outcome_1000ms,matched_1000ms,matched_decision_index_1000ms,endpoint_error_s_1000ms,false_positive_count_1000ms,false_negative_count_1000ms,first_commit_outcome_2000ms,matched_2000ms,matched_decision_index_2000ms,endpoint_error_s_2000ms,false_positive_count_2000ms,false_negative_count_2000ms
adaptive_full,main,adaptive,0.08,0.15,,0.05,8,0.25,,,A01,A01_c_pentatonic_balanced.mid,e7a1620ba70d4372e998376d91e2f55590448a9cf5878e969a0f70d410659845,14,4.8,1,0,1,0,0,0.0,5.470000,late,0,-1,,0,1,success,1,0,0.669999999999976,0,0,success,1,0,0.669999999999976,0,0
adaptive_full,main,adaptive,0.08,0.15,,0.05,8,0.25,,,A02,A02_a_minor_pentatonic_question.mid,5166d8996017b0341f9265fc4539b25d09211f1cc291b1e25a4623e68b1bbc0e,12,5.054348499999999,1,0,1,0,0,0.0,5.747174,late,0,-1,,0,1,success,1,0,0.6928259999999717,0,0,success,1,0,0.6928259999999717,0,0
adaptive_full,main,adaptive,0.08,0.15,,0.05,8,0.25,,,A03,A03_a_blues_tension.mid,1c61cef65142077e0ea54a46832f15bf535a35b23c920ee8e40193b877467fd4,13,4.166669999999999,1,0,1,0,0,0.0,4.721114,late,0,-1,,0,1,success,1,0,0.5544439999999771,0,0,success,1,0,0.5544439999999771,0,0
adaptive_full,main,adaptive,0.08,0.15,,0.05,8,0.25,,,A04,A04_classical_antecedent.mid,3b1b42414601831b09678bb49b714e6512be53f451a517170b48c6c3addb07f1,10,4.6499999999999995,1,0,1,0,0,0.0,5.425000,late,0,-1,,0,1,success,1,0,0.774999999999971,0,0,success,1,0,0.774999999999971,0,0
adaptive_full,main,adaptive,0.08,0.15,,0.05,8,0.25,,,A05,A05_repetition_tail.mid,c615435e6cf9b0af8c8e4a2d9b7f28ccef90f4cc20ddffc10e23c15ec2296b28,12,4.182691749999999,2,1,1,0,0,0.5,4.720769,late,0,-1,,0,1,success,1,0,0.5380769999999764,0,0,success,1,0,0.5380769999999764,0,0
adaptive_full,main,adaptive,0.08,0.15,,0.05,8,0.25,,,A06,A06_syncopated_pop.mid,25a2a2e4aea59cacc8434b36ae5173bd34aaa66ee7eec8c2e460f3f72addaf0e,12,4.3867945,1,0,1,0,0,0.0,5.318775,late,0,-1,,0,1,success,1,0,0.9319809999999737,0,0,success,1,0,0.9319809999999737,0,0
adaptive_full,main,adaptive,0.08,0.15,,0.05,8,0.25,,,A07,A07_sparse_long_tones.mid,fb6faee9d721a971b5d6388dc979e5a15c26d45366bfef7ade9a8f82eec3358d,6,5.454543999999999,1,0,1,0,1,0.0,7.787726,late,0,-1,,0,1,late,0,-1,,0,1,late,0,-1,,0,1
adaptive_full,main,adaptive,0.08,0.15,,0.05,8,0.25,,,A08,A08_dense_eighth_motion.mid,48faeb92585381b6928f2dc31a3119ec234d815efc25ec9d1ba67538fc3f6b41,16,4.285712000000002,1,0,1,0,0,0.0,4.977855,late,0,-1,,0,1,success,1,0,0.6921429999999793,0,0,success,1,0,0.6921429999999793,0,0
adaptive_full,main,adaptive,0.08,0.15,,0.05,8,0.25,,,A09,A09_arched_contour.mid,91acd677fdf9a30e64f3584796b5fc38d648b1ddf3785f4d6a6445102c15ee7c,11,4.6875,1,0,1,0,0,0.0,5.492500,late,0,-1,,0,1,success,1,0,0.8049999999999695,0,0,success,1,0,0.8049999999999695,0,0
adaptive_full,main,adaptive,0.08,0.15,,0.05,8,0.25,,,A10,A10_leap_gap_fill.mid,6639c3bceab3644ea59e759d1e92e76bcc9a082b5edaea30893d44682f7f3a97,13,4.6499999999999995,1,0,1,0,0,0.0,5.385000,late,0,-1,,0,1,success,1,0,0.7349999999999746,0,0,success,1,0,0.7349999999999746,0,0
adaptive_full,main,adaptive,0.08,0.15,,0.05,8,0.25,,,R01,R01_390-v1.mid,e44793c8c043f7c92184c6189f5e7b1af47c202aaa6df435a76a4d26268313aa,13,4.0,1,0,1,1,0,0.0,2.044583,premature,0,-1,,1,1,premature,0,-1,,1,1,premature,0,-1,,1,1
adaptive_full,main,adaptive,0.08,0.15,,0.05,8,0.25,,,R02,R02_667-v3.mid,af3cbab9e93480a553c9a217fc1abefdf3db788d071132050fca4cbfe862cdaa,8,4.0,1,0,1,0,0,0.0,4.377083,success,1,0,0.37708333333330746,0,0,success,1,0,0.37708333333330746,0,0,success,1,0,0.37708333333330746,0,0
adaptive_full,main,adaptive,0.08,0.15,,0.05,8,0.25,,,R03,R03_174-v2.mid,88f11f634584a21ce30b0dc39c608cde9da43c7936400bba985f8702ecf9e962,12,3.9999999999999996,1,0,1,1,0,0.0,2.002917,premature,0,-1,,1,1,premature,0,-1,,1,1,premature,0,-1,,1,1
adaptive_full,main,adaptive,0.08,0.15,,0.05,8,0.25,,,R04,R04_339-v2.mid,828aff4f088b889d0715fee3e65e9243f89520710a795fa7e4b585407a7da650,9,3.817708333333333,1,0,1,0,0,0.0,4.622292,late,0,-1,,0,1,success,1,0,0.8045833333333121,0,0,success,1,0,0.8045833333333121,0,0
adaptive_full,main,adaptive,0.08,0.15,,0.05,8,0.25,,,R05,R05_581.mid,766b0c79d6f6905d1c32f244469b14bf48cb861e79ceede6ac2ee1929437dcf4,13,4.0,1,0,1,0,0,0.0,4.776875,late,0,-1,,0,1,success,1,0,0.7768749999999809,0,0,success,1,0,0.7768749999999809,0,0
adaptive_full,main,adaptive,0.08,0.15,,0.05,8,0.25,,,R06,R06_132-v2.mid,e1ccff44d4528b8e4af0e40bdc4699a89e46169a5a6c766acc8ac50740c17bc4,15,4.0,1,0,1,0,0,0.0,4.744792,late,0,-1,,0,1,success,1,0,0.7447916666666501,0,0,success,1,0,0.7447916666666501,0,0
adaptive_full,main,adaptive,0.08,0.15,,0.05,8,0.25,,,R07,R07_664-v2.mid,d84d97d7bfa78ff716110978692047e182ce9f01efee7a44f583544e113fed69,11,4.0,1,0,1,1,0,0.0,2.920625,premature,0,-1,,1,1,premature,0,-1,,1,1,premature,0,-1,,1,1
adaptive_full,main,adaptive,0.08,0.15,,0.05,8,0.25,,,R08,R08_266-v1.mid,a60f28e61f3323d5039cd94cdaea65c36ca0311962a73686837cf9dfdde0799d,8,4.0,1,0,1,0,0,0.0,4.440000,success,1,0,0.4399999999999702,0,0,success,1,0,0.4399999999999702,0,0,success,1,0,0.4399999999999702,0,0
adaptive_full,main,adaptive,0.08,0.15,,0.05,8,0.25,,,R09,R09_433.mid,e1f859f9f55ce2a1718a88f1ce5f88ffffd035cd2ac61aeba9f71e42eb3d1658,23,4.000000000000001,1,0,1,0,0,0.0,4.607708,late,0,-1,,0,1,success,1,0,0.6077083333333198,0,0,success,1,0,0.6077083333333198,0,0
adaptive_full,main,adaptive,0.08,0.15,,0.05,8,0.25,,,R10,R10_039-v2.mid,25635c75dc841999c02ffb9b7d67ef21f421bef585b28e0635701689b574a8f6,11,4.000000000000001,1,0,1,1,0,0.0,3.580833,premature,0,-1,,1,1,premature,0,-1,,1,1,premature,0,-1,,1,1
adaptive_full,main,adaptive,0.08,0.15,,0.05,8,0.25,,,R11,R11_538.mid,676637ee06573aad6e8ea80367346578ac11b8ed36c9f8ce5702eda3643830ab,20,3.921875,1,0,1,0,0,0.0,4.330833,success,1,0,0.4089583333333211,0,0,success,1,0,0.4089583333333211,0,0,success,1,0,0.4089583333333211,0,0
adaptive_full,main,adaptive,0.08,0.15,,0.05,8,0.25,,,R12,R12_457.mid,151dd04bd54d11512876bab817410ae94fb81547894ff0a3b96401968101f6df,13,4.0,1,0,1,1,0,0.0,2.326250,premature,0,-1,,1,1,premature,0,-1,,1,1,premature,0,-1,,1,1
adaptive_full,main,adaptive,0.08,0.15,,0.05,8,0.25,,,R13,R13_353-v1.mid,ef59a3cdc969d70fd54c9cd52a37e30deb9772958305ace368edde9ea5afc7c3,11,4.0,1,0,1,1,0,0.0,1.859167,premature,0,-1,,1,1,premature,0,-1,,1,1,premature,0,-1,,1,1
adaptive_full,main,adaptive,0.08,0.15,,0.05,8,0.25,,,R14,R14_073.mid,6014529ddd8b96a82fd599bf2e0268f5da21dad2080ba59e69de225512a58ee3,12,3.939583333333333,1,0,1,0,0,0.0,4.832708,late,0,-1,,0,1,success,1,0,0.8931249999999782,0,0,success,1,0,0.8931249999999782,0,0
adaptive_full,main,adaptive,0.08,0.15,,0.05,8,0.25,,,R15,R15_156-v2.mid,d6ae647242ceff286d61867ebb06ee767c382eed20c618f7988a94d4733b7d8d,9,4.0,1,0,1,1,0,0.0,3.896875,premature,0,-1,,1,1,premature,0,-1,,1,1,premature,0,-1,,1,1
adaptive_full,main,adaptive,0.08,0.15,,0.05,8,0.25,,,R16,R16_249.mid,32c21206c709d04269f4de5a9705ca310189a55c657a53ea8612ed3c5ac480dd,8,4.0,1,0,1,0,0,0.0,5.295625,late,0,-1,,0,1,late,0,-1,,0,1,success,1,0,1.2956249999999647,0,0
adaptive_full,main,adaptive,0.08,0.15,,0.05,8,0.25,,,R17,R17_319.mid,7b40b95a494f202130093514531c7232c45d539c2a7ebafe5dee64fac4bc0e7e,18,4.0,1,0,1,0,0,0.0,4.570208,late,0,-1,,0,1,success,1,0,0.5702083333333201,0,0,success,1,0,0.5702083333333201,0,0
adaptive_full,main,adaptive,0.08,0.15,,0.05,8,0.25,,,R18,R18_249.mid,0dc5853f595ca79ae339d76ccf661f166c739dba3b0cb0d66eeb860ef17dd7c0,9,4.0,1,0,1,0,0,0.0,4.365625,success,1,0,0.3656249999999739,0,0,success,1,0,0.3656249999999739,0,0,success,1,0,0.3656249999999739,0,0
adaptive_full,main,adaptive,0.08,0.15,,0.05,8,0.25,,,R19,R19_733.mid,73dc520e4f2e19e784486fb5160d0686a1f7d90b81c9bb57b8e6478f3b2032fe,10,4.0,1,0,1,1,0,0.0,1.744583,premature,0,-1,,1,1,premature,0,-1,,1,1,premature,0,-1,,1,1
adaptive_full,main,adaptive,0.08,0.15,,0.05,8,0.25,,,R20,R20_660.mid,a3a01235dabd1fd09f3b7047e7b59bee8af87f41bc4456aa3e261bc412d6998a,8,3.983333333333334,1,0,1,0,0,0.0,5.447708,late,0,-1,,0,1,late,0,-1,,0,1,success,1,0,1.4643749999999653,0,0
adaptive_full,main,adaptive,0.08,0.15,,0.05,8,0.25,,,R21,R21_756-v2.mid,7b479a282dd8ac5742239c1fda08a8a89a1834843d91b2b219beaa12a020ebdc,8,4.0,1,0,1,0,0,0.0,5.600625,late,0,-1,,0,1,late,0,-1,,0,1,success,1,0,1.6006249999999627,0,0
adaptive_full,main,adaptive,0.08,0.15,,0.05,8,0.25,,,R22,R22_156.mid,530aaba96af00f7031edd5c0b26b6a257808c3f3d7df6c3d36f325fc29229487,10,4.0,1,0,1,1,0,0.0,3.791875,premature,0,-1,,1,1,premature,0,-1,,1,1,premature,0,-1,,1,1
adaptive_full,main,adaptive,0.08,0.15,,0.05,8,0.25,,,R23,R23_645.mid,4089adb020ffa2aa242ec57c10ef8efd9ad726c8c6bf22e335e91d65a5783ac4,12,3.9999999999999996,1,0,1,1,0,0.0,3.363958,premature,0,-1,,1,1,premature,0,-1,,1,1,premature,0,-1,,1,1
adaptive_full,main,adaptive,0.08,0.15,,0.05,8,0.25,,,R24,R24_242-v2.mid,5a18cae5a6fd996e3688bb05a6723665c26e561d21b88c112d65d4a6bdb51fca,15,4.000000000000001,2,1,1,1,0,0.5,3.341458,premature,0,-1,,1,1,premature,0,-1,,1,1,premature,0,-1,,1,1
adaptive_full,main,adaptive,0.08,0.15,,0.05,8,0.25,,,R25,R25_618-v1.mid,56ff3fa00dc9e75c7913306f4a8cede335d24189bb8e26cfce827120f12743c7,10,4.0,1,0,1,1,0,0.0,3.186250,premature,0,-1,,1,1,premature,0,-1,,1,1,premature,0,-1,,1,1
adaptive_full,main,adaptive,0.08,0.15,,0.05,8,0.25,,,R26,R26_560-v1.mid,f0d0a16aff422f9a5877f2944cdd0b959b4801aa449310959626fa7dbd7a6edb,15,3.951041666666667,2,1,1,0,0,0.5,4.622917,late,0,-1,,0,1,success,1,0,0.6718749999999831,0,0,success,1,0,0.6718749999999831,0,0
adaptive_full,main,adaptive,0.08,0.15,,0.05,8,0.25,,,R27,R27_735.mid,c6fabc901af844a2236d5a2956bd48e11d7952607af238e872c0dc7f65dbaa6f,16,4.0,2,1,1,0,0,0.5,4.795625,late,0,-1,,0,1,success,1,0,0.7956249999999816,0,0,success,1,0,0.7956249999999816,0,0
adaptive_full,main,adaptive,0.08,0.15,,0.05,8,0.25,,,R28,R28_804-v3.mid,f2326f94ae3ec36fd956ed7a74f507c37dfaeae99fddbfc7f2cbf87414f92030,11,3.9802083333333336,1,0,1,1,0,0.0,2.786250,premature,0,-1,,1,1,premature,0,-1,,1,1,premature,0,-1,,1,1
adaptive_full,main,adaptive,0.08,0.15,,0.05,8,0.25,,,R29,R29_846-v2.mid,b750d5ab04a7fcc02298fea281e624dbc92dd1640a17037e580bb5b845ab517b,12,4.0,2,1,1,0,0,0.5,4.812917,late,0,-1,,0,1,success,1,0,0.8129166666666441,0,0,success,1,0,0.8129166666666441,0,0
adaptive_full,main,adaptive,0.08,0.15,,0.05,8,0.25,,,R30,R30_002-v2.mid,3b8c10e5c6886af05080687f0bc745791d33e73b2cec916337c1799e43024254,19,4.0,1,0,1,0,0,0.0,4.747917,late,0,-1,,0,1,success,1,0,0.7479166666666499,0,0,success,1,0,0.7479166666666499,0,0
adaptive_full,main,adaptive,0.08,0.15,,0.05,8,0.25,,,R31,R31_069-v5.mid,ad5859e7014674fc2b088288d32445f60e2790c868a97bae22f5c6c6f7a9c906,10,4.0,1,0,1,0,0,0.0,4.614583,late,0,-1,,0,1,success,1,0,0.6145833333333073,0,0,success,1,0,0.6145833333333073,0,0
adaptive_full,main,adaptive,0.08,0.15,,0.05,8,0.25,,,R32,R32_290-v2.mid,b6d63759467030d9561098d602d2077dba3fd2e6533d64bc6401940ec9398bd7,11,4.0,1,0,1,1,0,0.0,0.866667,premature,0,-1,,1,1,premature,0,-1,,1,1,premature,0,-1,,1,1
adaptive_full,main,adaptive,0.08,0.15,,0.05,8,0.25,,,R33,R33_144-v1.mid,14914529875824c38e895baf4969bc1f01031d5a20038d87474333091ce8bf16,21,4.0,1,0,1,0,0,0.0,4.573542,late,0,-1,,0,1,success,1,0,0.5735416666666548,0,0,success,1,0,0.5735416666666548,0,0
adaptive_full,main,adaptive,0.08,0.15,,0.05,8,0.25,,,R34,R34_680-v3.mid,193fa77f9af23482857e237a7f27c3f78c79243d9a1ffca85d491c191040a3d9,15,4.0,1,0,1,0,0,0.0,4.773750,late,0,-1,,0,1,success,1,0,0.7737499999999811,0,0,success,1,0,0.7737499999999811,0,0
adaptive_full,main,adaptive,0.08,0.15,,0.05,8,0.25,,,R35,R35_436-v2.mid,0db58df01ff0e7ef7665b41a914d45f2c8da7ce346a391eafaadda58c2fbcbd1,8,3.9999999999999996,1,0,1,1,0,0.0,2.049792,premature,0,-1,,1,1,premature,0,-1,,1,1,premature,0,-1,,1,1
adaptive_full,main,adaptive,0.08,0.15,,0.05,8,0.25,,,R36,R36_230.mid,292e936198ef29131aa14fa25acb693df0d1183ea1dde8ce70b941f2378a5b3c,11,4.0,1,0,1,1,0,0.0,2.227917,premature,0,-1,,1,1,premature,0,-1,,1,1,premature,0,-1,,1,1
adaptive_full,main,adaptive,0.08,0.15,,0.05,8,0.25,,,R37,R37_667-v3.mid,3423caa4b45632a7f2c919a198ed678b6eb9786448d01e549dc32a5398afcf9f,7,4.0,1,0,1,0,0,0.0,5.932083,late,0,-1,,0,1,late,0,-1,,0,1,success,1,0,1.9320833333332903,0,0
adaptive_full,main,adaptive,0.08,0.15,,0.05,8,0.25,,,R38,R38_136.mid,3abb38ce19d8de517c62b2014f88ea09cffbe9e6bf5ed9c01ed0c1155a8acbe5,14,4.0,2,1,1,0,0,0.5,4.935833,late,0,-1,,0,1,success,1,0,0.9358333333333118,0,0,success,1,0,0.9358333333333118,0,0
adaptive_full,main,adaptive,0.08,0.15,,0.05,8,0.25,,,R39,R39_578-v3.mid,fceb1f97ce180f42e04547ff0aa0b9478cd06770ac604a3832d919926ad92aa7,16,4.0,1,0,1,0,0,0.0,4.743958,late,0,-1,,0,1,success,1,0,0.7439583333333175,0,0,success,1,0,0.7439583333333175,0,0
adaptive_full,main,adaptive,0.08,0.15,,0.05,8,0.25,,,R40,R40_454.mid,d848f11068ba98d752767ac7826bc58b93c22e9b031ee710f0fae41eccde2eec,12,3.9187499999999997,1,0,1,0,0,0.0,4.954375,late,0,-1,,0,1,late,0,-1,,0,1,success,1,0,1.035624999999976,0,0
adaptive_full,main,adaptive,0.08,0.15,,0.05,8,0.25,,,P001,P001_pop909_clear_motif_melody_298_bridge.mid,8b00372060ba7b623d803e3af7e70f5ef60b65f66816ad377f725005f4c84fa9,10,4.948456,2,1,1,0,0,0.5,6.278662,late,0,-1,,0,1,late,0,-1,,0,1,success,1,0,1.330206047916632,0,0
adaptive_full,main,adaptive,0.08,0.15,,0.05,8,0.25,,,P002,P002_pop909_clear_motif_melody_248_bridge.mid,ccb942640a73e3e0122c796c0971c8f675a924861614fa62562f002ab9ef196d,10,3.478248,1,0,1,0,0,0.0,4.030315,late,0,-1,,0,1,success,1,0,0.5520668562499793,0,0,success,1,0,0.5520668562499793,0,0
adaptive_full,main,adaptive,0.08,0.15,,0.05,8,0.25,,,P003,P003_pop909_clear_motif_melody_339_melody.mid,628d1079f63c4bf7a08c4ee78f0765919be119f7b82f8dc3ffde83afbb2238ec,10,6.3124899,1,0,1,1,0,0.0,4.710481,premature,0,-1,,1,1,premature,0,-1,,1,1,premature,0,-1,,1,1
adaptive_full,main,adaptive,0.08,0.15,,0.05,8,0.25,,,P004,P004_pop909_clear_motif_melody_268_melody.mid,e1ad81a5ae674340b836f4d87a0f82f0920845ccc4214feb28ccf9b9603f0948,10,8.0,1,0,1,0,0,0.0,8.347500,success,1,0,0.347500000000041,0,0,success,1,0,0.347500000000041,0,0,success,1,0,0.347500000000041,0,0
adaptive_full,main,adaptive,0.08,0.15,,0.05,8,0.25,,,P005,P005_pop909_clear_motif_melody_021_melody.mid,a1fe99526a41a4b56b5a507d209dd13d4105ef53e85d25dd53ce7e9ee5915ff3,10,4.13157275,2,1,1,0,0,0.5,5.173503,late,0,-1,,0,1,late,0,-1,,0,1,success,1,0,1.0419303541666372,0,0
adaptive_full,main,adaptive,0.08,0.15,,0.05,8,0.25,,,P006,P006_pop909_clear_motif_melody_220_melody.mid,81d85ebdbdb62cf3dd0eb82602b7fe26907e395242e71f5bb78ef112438b09cc,10,3.870936,2,1,1,0,0,0.5,5.055615,late,0,-1,,0,1,late,0,-1,,0,1,success,1,0,1.1846787749999712,0,0
adaptive_full,main,adaptive,0.08,0.15,,0.05,8,0.25,,,P007,P007_pop909_clear_motif_melody_273_melody.mid,b6f10983b8aa291a839fc6e5232bc1920fa3b1e354e6e03e788a7a6b17af9d59,10,6.48648,1,0,1,1,0,0.0,5.257293,premature,0,-1,,1,1,premature,0,-1,,1,1,premature,0,-1,,1,1
adaptive_full,main,adaptive,0.08,0.15,,0.05,8,0.25,,,P008,P008_pop909_clear_motif_melody_713_melody.mid,cc0088d140a0c7f748d7a717a6f796eed7338f6a4d8889e8e2eebd7fab8f8f51,10,5.454544,1,0,1,1,0,0.0,3.470284,premature,0,-1,,1,1,premature,0,-1,,1,1,premature,0,-1,,1,1
adaptive_full,main,adaptive,0.08,0.15,,0.05,8,0.25,,,P009,P009_pop909_clear_motif_melody_328_melody.mid,e8885a270c794ef4d50b9e6e050e3a0d3d8301d178169d86d88126123dbf06e2,10,5.333328,1,0,1,1,0,0.0,2.229999,premature,0,-1,,1,1,premature,0,-1,,1,1,premature,0,-1,,1,1
adaptive_full,main,adaptive,0.08,0.15,,0.05,8,0.25,,,P010,P010_pop909_clear_motif_melody_407_melody.mid,42e7658af7a87529d58b908a6d60cc195eeb297cdd129a98e1cb2649ce5aecce,10,6.15,1,0,1,1,0,0.0,5.520000,premature,0,-1,,1,1,premature,0,-1,,1,1,premature,0,-1,,1,1
adaptive_full,main,adaptive,0.08,0.15,,0.05,8,0.25,,,P011,P011_pop909_clear_motif_melody_119_melody.mid,896c48c32a15cf85bd286aa4436d0a697c9a91692eb0fb128687d212976619d5,10,7.272728,1,0,1,1,0,0.0,2.383182,premature,0,-1,,1,1,premature,0,-1,,1,1,premature,0,-1,,1,1
adaptive_full,main,adaptive,0.08,0.15,,0.05,8,0.25,,,P012,P012_pop909_clear_motif_melody_188_melody.mid,54bf4eb2f8bff2ccd5d214afc84523384678bdefdf3145e821781182c58bc003,10,4.363632000000001,1,0,1,1,0,0.0,1.535227,premature,0,-1,,1,1,premature,0,-1,,1,1,premature,0,-1,,1,1
adaptive_full,main,adaptive,0.08,0.15,,0.05,8,0.25,,,P013,P013_pop909_expressive_rubato_203_bridge.mid,d94792fd3118efad79013d413549904951e6acf204434771004ef7b6bac68e4a,9,3.000000000000001,1,0,1,1,0,0.0,1.478958,premature,0,-1,,1,1,premature,0,-1,,1,1,premature,0,-1,,1,1
adaptive_full,main,adaptive,0.08,0.15,,0.05,8,0.25,,,P014,P014_pop909_expressive_rubato_203_bridge.mid,d78dea53ea8b5558568755412ec7c72b704ce448c1990fbb631bad2aba3c7411,9,3.0,1,0,1,0,1,0.0,5.228958,late,0,-1,,0,1,late,0,-1,,0,1,late,0,-1,,0,1
adaptive_full,main,adaptive,0.08,0.15,,0.05,8,0.25,,,P015,P015_pop909_expressive_rubato_263_bridge.mid,fdbb28e369fed211abc0a0b53b2006a331c357c454f4284639fd36961d3aac40,16,5.333328000000002,1,0,1,0,1,0.0,7.450550,late,0,-1,,0,1,late,0,-1,,0,1,late,0,-1,,0,1
adaptive_full,main,adaptive,0.08,0.15,,0.05,8,0.25,,,P016,P016_pop909_expressive_rubato_617_bridge.mid,37d4c7b2c4a5856f926b9e67a662ac676aa83beca73c7dfc2dd6c188e52a38a4,4,1.3348119999999997,1,0,1,0,0,0.0,3.228689,late,0,-1,,0,1,late,0,-1,,0,1,success,1,0,1.893876566666626,0,0
adaptive_full,main,adaptive,0.08,0.15,,0.05,8,0.25,,,P017,P017_pop909_expressive_rubato_178_bridge.mid,cfbf91b1d04e90e9d2e6b6f7ddd9fc480393f1166fde55646495523c989f5d8e,20,6.760552000000001,1,0,1,0,1,0.0,8.855200,late,0,-1,,0,1,late,0,-1,,0,1,late,0,-1,,0,1
adaptive_full,main,adaptive,0.08,0.15,,0.05,8,0.25,,,P018,P018_pop909_expressive_rubato_191_bridge.mid,b6e56889014ca3786b340c447e92d66f50ed149b21600186179487f5799f9b73,22,7.272727999999999,1,0,1,1,0,0.0,3.178712,premature,0,-1,,1,1,premature,0,-1,,1,1,premature,0,-1,,1,1
adaptive_full,main,adaptive,0.08,0.15,,0.05,8,0.25,,,P019,P019_pop909_expressive_rubato_178_bridge.mid,51d4e82b5c0b217263d7a849828b0f05a8411876b0a87f85f4c175bf27767739,20,6.760551999999999,1,0,1,1,0,0.0,1.409717,premature,0,-1,,1,1,premature,0,-1,,1,1,premature,0,-1,,1,1
adaptive_full,main,adaptive,0.08,0.15,,0.05,8,0.25,,,P020,P020_pop909_expressive_rubato_212_bridge.mid,6f5eee7b1684521d31dac9b4e36649e423a8ce813df0a5f142967525e2bf2e17,17,5.783128,1,0,1,1,0,0.0,4.248793,premature,0,-1,,1,1,premature,0,-1,,1,1,premature,0,-1,,1,1
adaptive_full,main,adaptive,0.08,0.15,,0.05,8,0.25,,,P021,P021_pop909_chord_arpeggio_polyphonic_227_piano.mid,41b21fee0bca14bd00917fcf3d879b2fcebb9856fef2228a36e0b912e58444c9,18,7.1641759999999985,1,0,1,0,0,0.0,8.476340,late,0,-1,,0,1,late,0,-1,,0,1,success,1,0,1.3121642583333868,0,0
adaptive_full,main,adaptive,0.08,0.15,,0.05,8,0.25,,,P022,P022_pop909_chord_arpeggio_polyphonic_003_piano.mid,ea9963c2ef0400f7458ed0b378c21cc36273462aabccb9685efcd21625bbdcfd,19,2.9268239999999985,1,0,1,0,0,0.0,3.706763,late,0,-1,,0,1,success,1,0,0.7799393124999803,0,0,success,1,0,0.7799393124999803,0,0
adaptive_full,main,adaptive,0.08,0.15,,0.05,8,0.25,,,P023,P023_pop909_chord_arpeggio_polyphonic_222_piano.mid,bddeab49734bbbb17982dc09bdfaac6a8c2e1a112b7fd3464c5e7c9deadcfc94,19,6.1538400000000015,1,0,1,0,0,0.0,7.295507,late,0,-1,,0,1,late,0,-1,,0,1,success,1,0,1.141666999999969,0,0
adaptive_full,main,adaptive,0.08,0.15,,0.05,8,0.25,,,P024,P024_pop909_chord_arpeggio_polyphonic_287_piano.mid,ec7a6fe844d8678913cee3e05d68bc85d02d45d316e498dcfe79e58c814953c2,26,6.9347729000000005,1,0,1,0,1,0.0,9.017672,late,0,-1,,0,1,late,0,-1,,0,1,late,0,-1,,0,1
adaptive_full,main,adaptive,0.08,0.15,,0.05,8,0.25,,,P025,P025_pop909_chord_arpeggio_polyphonic_566_piano.mid,52dae62297b7cdeff27e0bea0925c8bebbbb999e9935efba566c8ffc51c206e8,22,5.783128,1,0,1,0,0,0.0,6.842405,late,0,-1,,0,1,late,0,-1,,0,1,success,1,0,1.0592772499999734,0,0
adaptive_full,main,adaptive,0.08,0.15,,0.05,8,0.25,,,P026,P026_pop909_chord_arpeggio_polyphonic_106_piano.mid,5a21694b1c7abc6be7e5c6ee6dd6611dbca54dacb44c602d9f7dc226f5eaad89,28,7.1641759999999985,1,0,1,0,0,0.0,8.537907,late,0,-1,,0,1,late,0,-1,,0,1,success,1,0,1.3737313958333965,0,0
adaptive_full,main,adaptive,0.08,0.15,,0.05,8,0.25,,,P027,P027_pop909_chord_arpeggio_polyphonic_218_piano.mid,3d2716434e914a4c1b7b0fee64a762d631c9eb844e328c4f880eb95f36c370a6,32,7.0588159999999975,1,0,1,0,0,0.0,7.957198,late,0,-1,,0,1,success,1,0,0.8983824666666456,0,0,success,1,0,0.8983824666666456,0,0
adaptive_full,main,adaptive,0.08,0.15,,0.05,8,0.25,,,P028,P028_pop909_chord_arpeggio_polyphonic_242_piano.mid,cd5c6e16ed3247ea34a6331d4c2e4dd980c5793b2def6bf2d11ae3b4d6d7560e,27,7.868856,1,0,1,0,0,0.0,9.021069,late,0,-1,,0,1,late,0,-1,,0,1,success,1,0,1.1522130437501543,0,0
adaptive_full,main,adaptive,0.08,0.15,,0.05,8,0.25,,,P029,P029_pop909_sparse_short_062_melody.mid,de331be603af62c8ecaeb6b4de4413d0dfe0f3c4a24efa36a90905ae0bb82a26,3,3.24324,1,0,1,0,0,0.0,4.500268,late,0,-1,,0,1,late,0,-1,,0,1,success,1,0,1.257027749999958,0,0
adaptive_full,main,adaptive,0.08,0.15,,0.05,8,0.25,,,P030,P030_pop909_sparse_short_062_melody.mid,f2c561cfdf3ae696074a8292cfd9b6e91d18a740bb99c9c5ad4661e2b5225717,3,2.12837625,1,0,1,1,0,0.0,1.258243,premature,0,-1,,1,1,premature,0,-1,,1,1,premature,0,-1,,1,1
adaptive_full,main,adaptive,0.08,0.15,,0.05,8,0.25,,,P031,P031_pop909_sparse_short_062_melody.mid,113bb580ca65ca779549df831e3b90b62932fe9eb9935891172b6636ee9e6079,3,3.24324,1,0,1,0,0,0.0,4.500268,late,0,-1,,0,1,late,0,-1,,0,1,success,1,0,1.257027749999958,0,0
adaptive_full,main,adaptive,0.08,0.15,,0.05,8,0.25,,,P032,P032_pop909_sparse_short_062_melody.mid,2638d2ec8832338b8f57a7147f9874c863c36279707599ffbd8782269c399746,3,3.24324,1,0,1,0,0,0.0,4.500268,late,0,-1,,0,1,late,0,-1,,0,1,success,1,0,1.257027749999958,0,0
adaptive_full,main,adaptive,0.08,0.15,,0.05,8,0.25,,,P033,P033_pop909_sparse_short_062_melody.mid,dcf51fe0bedf2f9e1acede760976dcde4a78650e163ec3c6ce86d970b4cc65c3,3,3.24324,1,0,1,0,0,0.0,4.500268,late,0,-1,,0,1,late,0,-1,,0,1,success,1,0,1.257027749999958,0,0
adaptive_full,main,adaptive,0.08,0.15,,0.05,8,0.25,,,P034,P034_pop909_dense_fast_095_bridge.mid,1eec4634489ebc2145d5d07f86a58778c994982c97d2dd5704238989cafe8164,49,1.7610275333333312,1,0,1,0,0,0.0,2.165807,success,1,0,0.40477943333332433,0,0,success,1,0,0.40477943333332433,0,0,success,1,0,0.40477943333332433,0,0
adaptive_full,main,adaptive,0.08,0.15,,0.05,8,0.25,,,P035,P035_pop909_dense_fast_351_bridge.mid,cce631ae36062ea5c6c5856ce61c72dee517b0d26fc59e569c45986becb91fa5,28,1.0351939999999993,1,0,1,0,0,0.0,1.402946,success,1,0,0.36775208541665805,0,0,success,1,0,0.36775208541665805,0,0,success,1,0,0.36775208541665805,0,0
adaptive_full,main,adaptive,0.08,0.15,,0.05,8,0.25,,,P036,P036_pop909_dense_fast_095_bridge.mid,8d7b860e3c98cfc78be2b1d435ac9d52da48b3df427707b2c9dc6e28266f4b58,38,1.6801452666666645,1,0,1,0,0,0.0,2.092572,success,1,0,0.4124264999999909,0,0,success,1,0,0.4124264999999909,0,0,success,1,0,0.4124264999999909,0,0
adaptive_full,main,adaptive,0.08,0.15,,0.05,8,0.25,,,P037,P037_pop909_dense_fast_095_bridge.mid,14ee870cca3317109b67f85cc0241e6678d38b8efed31130577d8d722e145a58,30,0.7977932666666666,1,0,1,0,0,0.0,1.200220,success,1,0,0.4024264999999959,0,0,success,1,0,0.4024264999999959,0,0,success,1,0,0.4024264999999959,0,0
adaptive_full,main,adaptive,0.08,0.15,,0.05,8,0.25,,,P038,P038_pop909_dense_fast_727_bridge.mid,4cec022a9c9e7dd2ec868ae3124b7089c195126defe23b8a3d440d2c7bbaf873,45,1.2854942770833329,1,0,1,0,0,0.0,1.688828,success,1,0,0.40333331874999057,0,0,success,1,0,0.40333331874999057,0,0,success,1,0,0.40333331874999057,0,0
adaptive_full,main,adaptive,0.08,0.15,,0.05,8,0.25,,,P039,P039_pop909_chromatic_outside_789_piano.mid,89dc01789fe23c4372b236cc806e6567b05346295e667c74639aa4642a3e304b,16,7.272728,1,0,1,0,1,0.0,9.297879,late,0,-1,,0,1,late,0,-1,,0,1,late,0,-1,,0,1
adaptive_full,main,adaptive,0.08,0.15,,0.05,8,0.25,,,P040,P040_pop909_chromatic_outside_064_piano.mid,76f70f424a678deaed9e02ef3b85db1c47a828b39689b0fb75fd6c5cd5f84a3f,23,7.562499999999999,1,0,1,0,0,0.0,7.688333,success,1,0,0.12583333333331392,0,0,success,1,0,0.12583333333331392,0,0,success,1,0,0.12583333333331392,0,0
adaptive_full,main,adaptive,0.08,0.15,,0.05,8,0.25,,,P041,P041_pop909_chromatic_outside_796_piano.mid,5313ed35276167210c99ca9b0d50773ad1c5a71997072b20b1653efba88eb36f,20,6.486488,1,0,1,0,0,0.0,7.736556,late,0,-1,,0,1,late,0,-1,,0,1,success,1,0,1.2500675395833039,0,0
adaptive_full,main,adaptive,0.08,0.15,,0.05,8,0.25,,,P042,P042_pop909_chromatic_outside_254_piano.mid,dfb97d893bd303a0043e98fe7c14dc376233ce114864c10be992cad37ef88538,24,3.3027539999999993,1,0,1,0,0,0.0,4.121791,late,0,-1,,0,1,success,1,0,0.8190365520833103,0,0,success,1,0,0.8190365520833103,0,0
adaptive_full,main,adaptive,0.08,0.15,,0.05,8,0.25,,,P043,P043_pop909_chromatic_outside_311_bridge.mid,8bb993a52d683a9b093e77f22d9fa6d3df633472edafb5a0056e4e19b5852902,14,7.5,1,0,1,1,0,0.0,2.180937,premature,0,-1,,1,1,premature,0,-1,,1,1,premature,0,-1,,1,1
adaptive_full,main,adaptive,0.08,0.15,,0.05,8,0.25,,,P044,P044_pop909_false_ending_pause_322_bridge.mid,92fa6bc714e6881f40bd275254b082416486b9d155453539c6e2e9cce641a65c,7,4.633333333333333,1,0,1,0,0,0.0,4.742500,success,1,0,0.10916666666663222,0,0,success,1,0,0.10916666666663222,0,0,success,1,0,0.10916666666663222,0,0
adaptive_full,main,adaptive,0.08,0.15,,0.05,8,0.25,,,P045,P045_pop909_false_ending_pause_008_bridge.mid,28ee69826748317d665163811014939ed01825addd8f2c9505d27364a6b4adc8,7,4.876923483333333,1,0,1,1,0,0.0,2.204615,premature,0,-1,,1,1,premature,0,-1,,1,1,premature,0,-1,,1,1
adaptive_full,main,adaptive,0.08,0.15,,0.05,8,0.25,,,P046,P046_pop909_false_ending_pause_253_bridge.mid,0e6ab6a38b763c541fa954510aaf319efab974b676865fe44aaa2c2338435f50,7,5.9943121875,1,0,1,1,0,0.0,2.430226,premature,0,-1,,1,1,premature,0,-1,,1,1,premature,0,-1,,1,1
adaptive_full,main,adaptive,0.08,0.15,,0.05,8,0.25,,,P047,P047_pop909_false_ending_pause_396_melody.mid,45f3dedbc0915a84ff315fcf7040e15383bbafbc739845cd8f4e4db11fbe1207,7,3.8673180812499997,1,0,1,1,0,0.0,3.542681,premature,0,-1,,1,1,premature,0,-1,,1,1,premature,0,-1,,1,1
adaptive_full,main,adaptive,0.08,0.15,,0.05,8,0.25,,,P048,P048_pop909_repetition_tail_234_bridge.mid,8edaf0b3c05cb78569d9801754c34b780426e21b3654154ff150d50ac4c12b59,8,4.000000000000001,1,0,1,1,0,0.0,3.011250,premature,0,-1,,1,1,premature,0,-1,,1,1,premature,0,-1,,1,1
adaptive_full,main,adaptive,0.08,0.15,,0.05,8,0.25,,,P049,P049_pop909_repetition_tail_282_bridge.mid,b5bf7675db361f16e2641027f14dbd38a665a77edf6ca030a9254be54ddab400,8,5.691775224999999,1,0,1,0,0,0.0,7.096159,late,0,-1,,0,1,late,0,-1,,0,1,success,1,0,1.4043838916666296,0,0
adaptive_full,main,adaptive,0.08,0.15,,0.05,8,0.25,,,P050,P050_pop909_repetition_tail_340_bridge.mid,92dfb3e992339ebac2e7204e10ece5a799d2ae91faeb4c2a0ff6f5611e0bfbac,8,5.245888,1,0,1,1,0,0.0,3.827151,premature,0,-1,,1,1,premature,0,-1,,1,1,premature,0,-1,,1,1
adaptive_no_clustering,main,adaptive,0.0,0.15,,0.05,8,0.25,,,A01,A01_c_pentatonic_balanced.mid,e7a1620ba70d4372e998376d91e2f55590448a9cf5878e969a0f70d410659845,14,4.8,1,0,1,0,0,0.0,5.470000,late,0,-1,,0,1,success,1,0,0.669999999999976,0,0,success,1,0,0.669999999999976,0,0
adaptive_no_clustering,main,adaptive,0.0,0.15,,0.05,8,0.25,,,A02,A02_a_minor_pentatonic_question.mid,5166d8996017b0341f9265fc4539b25d09211f1cc291b1e25a4623e68b1bbc0e,12,5.054348499999999,1,0,1,0,0,0.0,5.747174,late,0,-1,,0,1,success,1,0,0.6928259999999717,0,0,success,1,0,0.6928259999999717,0,0
adaptive_no_clustering,main,adaptive,0.0,0.15,,0.05,8,0.25,,,A03,A03_a_blues_tension.mid,1c61cef65142077e0ea54a46832f15bf535a35b23c920ee8e40193b877467fd4,13,4.166669999999999,1,0,1,0,0,0.0,4.721114,late,0,-1,,0,1,success,1,0,0.5544439999999771,0,0,success,1,0,0.5544439999999771,0,0
adaptive_no_clustering,main,adaptive,0.0,0.15,,0.05,8,0.25,,,A04,A04_classical_antecedent.mid,3b1b42414601831b09678bb49b714e6512be53f451a517170b48c6c3addb07f1,10,4.6499999999999995,1,0,1,0,0,0.0,5.425000,late,0,-1,,0,1,success,1,0,0.774999999999971,0,0,success,1,0,0.774999999999971,0,0
adaptive_no_clustering,main,adaptive,0.0,0.15,,0.05,8,0.25,,,A05,A05_repetition_tail.mid,c615435e6cf9b0af8c8e4a2d9b7f28ccef90f4cc20ddffc10e23c15ec2296b28,12,4.182691749999999,2,1,1,0,0,0.5,4.720769,late,0,-1,,0,1,success,1,0,0.5380769999999764,0,0,success,1,0,0.5380769999999764,0,0
adaptive_no_clustering,main,adaptive,0.0,0.15,,0.05,8,0.25,,,A06,A06_syncopated_pop.mid,25a2a2e4aea59cacc8434b36ae5173bd34aaa66ee7eec8c2e460f3f72addaf0e,12,4.3867945,1,0,1,0,0,0.0,5.318775,late,0,-1,,0,1,success,1,0,0.9319809999999737,0,0,success,1,0,0.9319809999999737,0,0
adaptive_no_clustering,main,adaptive,0.0,0.15,,0.05,8,0.25,,,A07,A07_sparse_long_tones.mid,fb6faee9d721a971b5d6388dc979e5a15c26d45366bfef7ade9a8f82eec3358d,6,5.454543999999999,1,0,1,0,1,0.0,7.787726,late,0,-1,,0,1,late,0,-1,,0,1,late,0,-1,,0,1
adaptive_no_clustering,main,adaptive,0.0,0.15,,0.05,8,0.25,,,A08,A08_dense_eighth_motion.mid,48faeb92585381b6928f2dc31a3119ec234d815efc25ec9d1ba67538fc3f6b41,16,4.285712000000002,1,0,1,0,0,0.0,4.977855,late,0,-1,,0,1,success,1,0,0.6921429999999793,0,0,success,1,0,0.6921429999999793,0,0
adaptive_no_clustering,main,adaptive,0.0,0.15,,0.05,8,0.25,,,A09,A09_arched_contour.mid,91acd677fdf9a30e64f3584796b5fc38d648b1ddf3785f4d6a6445102c15ee7c,11,4.6875,1,0,1,0,0,0.0,5.492500,late,0,-1,,0,1,success,1,0,0.8049999999999695,0,0,success,1,0,0.8049999999999695,0,0
adaptive_no_clustering,main,adaptive,0.0,0.15,,0.05,8,0.25,,,A10,A10_leap_gap_fill.mid,6639c3bceab3644ea59e759d1e92e76bcc9a082b5edaea30893d44682f7f3a97,13,4.6499999999999995,1,0,1,0,0,0.0,5.385000,late,0,-1,,0,1,success,1,0,0.7349999999999746,0,0,success,1,0,0.7349999999999746,0,0
adaptive_no_clustering,main,adaptive,0.0,0.15,,0.05,8,0.25,,,R01,R01_390-v1.mid,e44793c8c043f7c92184c6189f5e7b1af47c202aaa6df435a76a4d26268313aa,13,4.0,1,0,1,1,0,0.0,2.044583,premature,0,-1,,1,1,premature,0,-1,,1,1,premature,0,-1,,1,1
adaptive_no_clustering,main,adaptive,0.0,0.15,,0.05,8,0.25,,,R02,R02_667-v3.mid,af3cbab9e93480a553c9a217fc1abefdf3db788d071132050fca4cbfe862cdaa,8,4.0,1,0,1,0,0,0.0,4.377083,success,1,0,0.37708333333330746,0,0,success,1,0,0.37708333333330746,0,0,success,1,0,0.37708333333330746,0,0
adaptive_no_clustering,main,adaptive,0.0,0.15,,0.05,8,0.25,,,R03,R03_174-v2.mid,88f11f634584a21ce30b0dc39c608cde9da43c7936400bba985f8702ecf9e962,12,3.9999999999999996,1,0,1,1,0,0.0,2.002917,premature,0,-1,,1,1,premature,0,-1,,1,1,premature,0,-1,,1,1
adaptive_no_clustering,main,adaptive,0.0,0.15,,0.05,8,0.25,,,R04,R04_339-v2.mid,828aff4f088b889d0715fee3e65e9243f89520710a795fa7e4b585407a7da650,9,3.817708333333333,1,0,1,0,0,0.0,4.622292,late,0,-1,,0,1,success,1,0,0.8045833333333121,0,0,success,1,0,0.8045833333333121,0,0
adaptive_no_clustering,main,adaptive,0.0,0.15,,0.05,8,0.25,,,R05,R05_581.mid,766b0c79d6f6905d1c32f244469b14bf48cb861e79ceede6ac2ee1929437dcf4,13,4.0,1,0,1,0,0,0.0,4.776875,late,0,-1,,0,1,success,1,0,0.7768749999999809,0,0,success,1,0,0.7768749999999809,0,0
adaptive_no_clustering,main,adaptive,0.0,0.15,,0.05,8,0.25,,,R06,R06_132-v2.mid,e1ccff44d4528b8e4af0e40bdc4699a89e46169a5a6c766acc8ac50740c17bc4,15,4.0,1,0,1,0,0,0.0,4.744792,late,0,-1,,0,1,success,1,0,0.7447916666666501,0,0,success,1,0,0.7447916666666501,0,0
adaptive_no_clustering,main,adaptive,0.0,0.15,,0.05,8,0.25,,,R07,R07_664-v2.mid,d84d97d7bfa78ff716110978692047e182ce9f01efee7a44f583544e113fed69,11,4.0,1,0,1,1,0,0.0,2.920625,premature,0,-1,,1,1,premature,0,-1,,1,1,premature,0,-1,,1,1
adaptive_no_clustering,main,adaptive,0.0,0.15,,0.05,8,0.25,,,R08,R08_266-v1.mid,a60f28e61f3323d5039cd94cdaea65c36ca0311962a73686837cf9dfdde0799d,8,4.0,1,0,1,0,0,0.0,4.440000,success,1,0,0.4399999999999702,0,0,success,1,0,0.4399999999999702,0,0,success,1,0,0.4399999999999702,0,0
adaptive_no_clustering,main,adaptive,0.0,0.15,,0.05,8,0.25,,,R09,R09_433.mid,e1f859f9f55ce2a1718a88f1ce5f88ffffd035cd2ac61aeba9f71e42eb3d1658,23,4.000000000000001,1,0,1,0,0,0.0,4.607708,late,0,-1,,0,1,success,1,0,0.6077083333333198,0,0,success,1,0,0.6077083333333198,0,0
adaptive_no_clustering,main,adaptive,0.0,0.15,,0.05,8,0.25,,,R10,R10_039-v2.mid,25635c75dc841999c02ffb9b7d67ef21f421bef585b28e0635701689b574a8f6,11,4.000000000000001,1,0,1,1,0,0.0,3.580833,premature,0,-1,,1,1,premature,0,-1,,1,1,premature,0,-1,,1,1
adaptive_no_clustering,main,adaptive,0.0,0.15,,0.05,8,0.25,,,R11,R11_538.mid,676637ee06573aad6e8ea80367346578ac11b8ed36c9f8ce5702eda3643830ab,20,3.921875,1,0,1,0,0,0.0,4.330833,success,1,0,0.4089583333333211,0,0,success,1,0,0.4089583333333211,0,0,success,1,0,0.4089583333333211,0,0
adaptive_no_clustering,main,adaptive,0.0,0.15,,0.05,8,0.25,,,R12,R12_457.mid,151dd04bd54d11512876bab817410ae94fb81547894ff0a3b96401968101f6df,13,4.0,1,0,1,1,0,0.0,2.326250,premature,0,-1,,1,1,premature,0,-1,,1,1,premature,0,-1,,1,1
adaptive_no_clustering,main,adaptive,0.0,0.15,,0.05,8,0.25,,,R13,R13_353-v1.mid,ef59a3cdc969d70fd54c9cd52a37e30deb9772958305ace368edde9ea5afc7c3,11,4.0,1,0,1,1,0,0.0,1.859167,premature,0,-1,,1,1,premature,0,-1,,1,1,premature,0,-1,,1,1
adaptive_no_clustering,main,adaptive,0.0,0.15,,0.05,8,0.25,,,R14,R14_073.mid,6014529ddd8b96a82fd599bf2e0268f5da21dad2080ba59e69de225512a58ee3,12,3.939583333333333,1,0,1,0,0,0.0,4.832708,late,0,-1,,0,1,success,1,0,0.8931249999999782,0,0,success,1,0,0.8931249999999782,0,0
adaptive_no_clustering,main,adaptive,0.0,0.15,,0.05,8,0.25,,,R15,R15_156-v2.mid,d6ae647242ceff286d61867ebb06ee767c382eed20c618f7988a94d4733b7d8d,9,4.0,1,0,1,1,0,0.0,3.896875,premature,0,-1,,1,1,premature,0,-1,,1,1,premature,0,-1,,1,1
adaptive_no_clustering,main,adaptive,0.0,0.15,,0.05,8,0.25,,,R16,R16_249.mid,32c21206c709d04269f4de5a9705ca310189a55c657a53ea8612ed3c5ac480dd,8,4.0,1,0,1,0,0,0.0,5.295625,late,0,-1,,0,1,late,0,-1,,0,1,success,1,0,1.2956249999999647,0,0
adaptive_no_clustering,main,adaptive,0.0,0.15,,0.05,8,0.25,,,R17,R17_319.mid,7b40b95a494f202130093514531c7232c45d539c2a7ebafe5dee64fac4bc0e7e,18,4.0,1,0,1,0,0,0.0,4.570208,late,0,-1,,0,1,success,1,0,0.5702083333333201,0,0,success,1,0,0.5702083333333201,0,0
adaptive_no_clustering,main,adaptive,0.0,0.15,,0.05,8,0.25,,,R18,R18_249.mid,0dc5853f595ca79ae339d76ccf661f166c739dba3b0cb0d66eeb860ef17dd7c0,9,4.0,1,0,1,0,0,0.0,4.365625,success,1,0,0.3656249999999739,0,0,success,1,0,0.3656249999999739,0,0,success,1,0,0.3656249999999739,0,0
adaptive_no_clustering,main,adaptive,0.0,0.15,,0.05,8,0.25,,,R19,R19_733.mid,73dc520e4f2e19e784486fb5160d0686a1f7d90b81c9bb57b8e6478f3b2032fe,10,4.0,1,0,1,1,0,0.0,1.744583,premature,0,-1,,1,1,premature,0,-1,,1,1,premature,0,-1,,1,1
adaptive_no_clustering,main,adaptive,0.0,0.15,,0.05,8,0.25,,,R20,R20_660.mid,a3a01235dabd1fd09f3b7047e7b59bee8af87f41bc4456aa3e261bc412d6998a,8,3.983333333333334,1,0,1,0,0,0.0,5.447708,late,0,-1,,0,1,late,0,-1,,0,1,success,1,0,1.4643749999999653,0,0
adaptive_no_clustering,main,adaptive,0.0,0.15,,0.05,8,0.25,,,R21,R21_756-v2.mid,7b479a282dd8ac5742239c1fda08a8a89a1834843d91b2b219beaa12a020ebdc,8,4.0,1,0,1,0,0,0.0,5.600625,late,0,-1,,0,1,late,0,-1,,0,1,success,1,0,1.6006249999999627,0,0
adaptive_no_clustering,main,adaptive,0.0,0.15,,0.05,8,0.25,,,R22,R22_156.mid,530aaba96af00f7031edd5c0b26b6a257808c3f3d7df6c3d36f325fc29229487,10,4.0,1,0,1,1,0,0.0,3.791875,premature,0,-1,,1,1,premature,0,-1,,1,1,premature,0,-1,,1,1
adaptive_no_clustering,main,adaptive,0.0,0.15,,0.05,8,0.25,,,R23,R23_645.mid,4089adb020ffa2aa242ec57c10ef8efd9ad726c8c6bf22e335e91d65a5783ac4,12,3.9999999999999996,1,0,1,1,0,0.0,3.363958,premature,0,-1,,1,1,premature,0,-1,,1,1,premature,0,-1,,1,1
adaptive_no_clustering,main,adaptive,0.0,0.15,,0.05,8,0.25,,,R24,R24_242-v2.mid,5a18cae5a6fd996e3688bb05a6723665c26e561d21b88c112d65d4a6bdb51fca,15,4.000000000000001,2,1,1,1,0,0.5,3.341458,premature,0,-1,,1,1,premature,0,-1,,1,1,premature,0,-1,,1,1
adaptive_no_clustering,main,adaptive,0.0,0.15,,0.05,8,0.25,,,R25,R25_618-v1.mid,56ff3fa00dc9e75c7913306f4a8cede335d24189bb8e26cfce827120f12743c7,10,4.0,1,0,1,1,0,0.0,3.186250,premature,0,-1,,1,1,premature,0,-1,,1,1,premature,0,-1,,1,1
adaptive_no_clustering,main,adaptive,0.0,0.15,,0.05,8,0.25,,,R26,R26_560-v1.mid,f0d0a16aff422f9a5877f2944cdd0b959b4801aa449310959626fa7dbd7a6edb,15,3.951041666666667,2,1,1,0,0,0.5,4.622917,late,0,-1,,0,1,success,1,0,0.6718749999999831,0,0,success,1,0,0.6718749999999831,0,0
adaptive_no_clustering,main,adaptive,0.0,0.15,,0.05,8,0.25,,,R27,R27_735.mid,c6fabc901af844a2236d5a2956bd48e11d7952607af238e872c0dc7f65dbaa6f,16,4.0,2,1,1,0,0,0.5,4.795625,late,0,-1,,0,1,success,1,0,0.7956249999999816,0,0,success,1,0,0.7956249999999816,0,0
adaptive_no_clustering,main,adaptive,0.0,0.15,,0.05,8,0.25,,,R28,R28_804-v3.mid,f2326f94ae3ec36fd956ed7a74f507c37dfaeae99fddbfc7f2cbf87414f92030,11,3.9802083333333336,1,0,1,1,0,0.0,2.786250,premature,0,-1,,1,1,premature,0,-1,,1,1,premature,0,-1,,1,1
adaptive_no_clustering,main,adaptive,0.0,0.15,,0.05,8,0.25,,,R29,R29_846-v2.mid,b750d5ab04a7fcc02298fea281e624dbc92dd1640a17037e580bb5b845ab517b,12,4.0,2,1,1,0,0,0.5,4.812917,late,0,-1,,0,1,success,1,0,0.8129166666666441,0,0,success,1,0,0.8129166666666441,0,0
adaptive_no_clustering,main,adaptive,0.0,0.15,,0.05,8,0.25,,,R30,R30_002-v2.mid,3b8c10e5c6886af05080687f0bc745791d33e73b2cec916337c1799e43024254,19,4.0,1,0,1,0,0,0.0,4.747917,late,0,-1,,0,1,success,1,0,0.7479166666666499,0,0,success,1,0,0.7479166666666499,0,0
adaptive_no_clustering,main,adaptive,0.0,0.15,,0.05,8,0.25,,,R31,R31_069-v5.mid,ad5859e7014674fc2b088288d32445f60e2790c868a97bae22f5c6c6f7a9c906,10,4.0,1,0,1,0,0,0.0,4.614583,late,0,-1,,0,1,success,1,0,0.6145833333333073,0,0,success,1,0,0.6145833333333073,0,0
adaptive_no_clustering,main,adaptive,0.0,0.15,,0.05,8,0.25,,,R32,R32_290-v2.mid,b6d63759467030d9561098d602d2077dba3fd2e6533d64bc6401940ec9398bd7,11,4.0,1,0,1,1,0,0.0,0.866667,premature,0,-1,,1,1,premature,0,-1,,1,1,premature,0,-1,,1,1
adaptive_no_clustering,main,adaptive,0.0,0.15,,0.05,8,0.25,,,R33,R33_144-v1.mid,14914529875824c38e895baf4969bc1f01031d5a20038d87474333091ce8bf16,21,4.0,1,0,1,0,0,0.0,4.573542,late,0,-1,,0,1,success,1,0,0.5735416666666548,0,0,success,1,0,0.5735416666666548,0,0
adaptive_no_clustering,main,adaptive,0.0,0.15,,0.05,8,0.25,,,R34,R34_680-v3.mid,193fa77f9af23482857e237a7f27c3f78c79243d9a1ffca85d491c191040a3d9,15,4.0,1,0,1,0,0,0.0,4.773750,late,0,-1,,0,1,success,1,0,0.7737499999999811,0,0,success,1,0,0.7737499999999811,0,0
adaptive_no_clustering,main,adaptive,0.0,0.15,,0.05,8,0.25,,,R35,R35_436-v2.mid,0db58df01ff0e7ef7665b41a914d45f2c8da7ce346a391eafaadda58c2fbcbd1,8,3.9999999999999996,1,0,1,1,0,0.0,2.049792,premature,0,-1,,1,1,premature,0,-1,,1,1,premature,0,-1,,1,1
adaptive_no_clustering,main,adaptive,0.0,0.15,,0.05,8,0.25,,,R36,R36_230.mid,292e936198ef29131aa14fa25acb693df0d1183ea1dde8ce70b941f2378a5b3c,11,4.0,1,0,1,1,0,0.0,2.227917,premature,0,-1,,1,1,premature,0,-1,,1,1,premature,0,-1,,1,1
adaptive_no_clustering,main,adaptive,0.0,0.15,,0.05,8,0.25,,,R37,R37_667-v3.mid,3423caa4b45632a7f2c919a198ed678b6eb9786448d01e549dc32a5398afcf9f,7,4.0,1,0,1,0,0,0.0,5.932083,late,0,-1,,0,1,late,0,-1,,0,1,success,1,0,1.9320833333332903,0,0
adaptive_no_clustering,main,adaptive,0.0,0.15,,0.05,8,0.25,,,R38,R38_136.mid,3abb38ce19d8de517c62b2014f88ea09cffbe9e6bf5ed9c01ed0c1155a8acbe5,14,4.0,2,1,1,0,0,0.5,4.935833,late,0,-1,,0,1,success,1,0,0.9358333333333118,0,0,success,1,0,0.9358333333333118,0,0
adaptive_no_clustering,main,adaptive,0.0,0.15,,0.05,8,0.25,,,R39,R39_578-v3.mid,fceb1f97ce180f42e04547ff0aa0b9478cd06770ac604a3832d919926ad92aa7,16,4.0,1,0,1,0,0,0.0,4.743958,late,0,-1,,0,1,success,1,0,0.7439583333333175,0,0,success,1,0,0.7439583333333175,0,0
adaptive_no_clustering,main,adaptive,0.0,0.15,,0.05,8,0.25,,,R40,R40_454.mid,d848f11068ba98d752767ac7826bc58b93c22e9b031ee710f0fae41eccde2eec,12,3.9187499999999997,1,0,1,0,0,0.0,4.954375,late,0,-1,,0,1,late,0,-1,,0,1,success,1,0,1.035624999999976,0,0
adaptive_no_clustering,main,adaptive,0.0,0.15,,0.05,8,0.25,,,P001,P001_pop909_clear_motif_melody_298_bridge.mid,8b00372060ba7b623d803e3af7e70f5ef60b65f66816ad377f725005f4c84fa9,10,4.948456,2,1,1,0,0,0.5,6.278662,late,0,-1,,0,1,late,0,-1,,0,1,success,1,0,1.330206047916632,0,0
adaptive_no_clustering,main,adaptive,0.0,0.15,,0.05,8,0.25,,,P002,P002_pop909_clear_motif_melody_248_bridge.mid,ccb942640a73e3e0122c796c0971c8f675a924861614fa62562f002ab9ef196d,10,3.478248,1,0,1,0,0,0.0,4.030315,late,0,-1,,0,1,success,1,0,0.5520668562499793,0,0,success,1,0,0.5520668562499793,0,0
adaptive_no_clustering,main,adaptive,0.0,0.15,,0.05,8,0.25,,,P003,P003_pop909_clear_motif_melody_339_melody.mid,628d1079f63c4bf7a08c4ee78f0765919be119f7b82f8dc3ffde83afbb2238ec,10,6.3124899,1,0,1,1,0,0.0,4.710481,premature,0,-1,,1,1,premature,0,-1,,1,1,premature,0,-1,,1,1
adaptive_no_clustering,main,adaptive,0.0,0.15,,0.05,8,0.25,,,P004,P004_pop909_clear_motif_melody_268_melody.mid,e1ad81a5ae674340b836f4d87a0f82f0920845ccc4214feb28ccf9b9603f0948,10,8.0,1,0,1,0,0,0.0,8.347500,success,1,0,0.347500000000041,0,0,success,1,0,0.347500000000041,0,0,success,1,0,0.347500000000041,0,0
adaptive_no_clustering,main,adaptive,0.0,0.15,,0.05,8,0.25,,,P005,P005_pop909_clear_motif_melody_021_melody.mid,a1fe99526a41a4b56b5a507d209dd13d4105ef53e85d25dd53ce7e9ee5915ff3,10,4.13157275,2,1,1,0,0,0.5,5.173503,late,0,-1,,0,1,late,0,-1,,0,1,success,1,0,1.0419303541666372,0,0
adaptive_no_clustering,main,adaptive,0.0,0.15,,0.05,8,0.25,,,P006,P006_pop909_clear_motif_melody_220_melody.mid,81d85ebdbdb62cf3dd0eb82602b7fe26907e395242e71f5bb78ef112438b09cc,10,3.870936,2,1,1,0,0,0.5,5.055615,late,0,-1,,0,1,late,0,-1,,0,1,success,1,0,1.1846787749999712,0,0
adaptive_no_clustering,main,adaptive,0.0,0.15,,0.05,8,0.25,,,P007,P007_pop909_clear_motif_melody_273_melody.mid,b6f10983b8aa291a839fc6e5232bc1920fa3b1e354e6e03e788a7a6b17af9d59,10,6.48648,1,0,1,1,0,0.0,5.257293,premature,0,-1,,1,1,premature,0,-1,,1,1,premature,0,-1,,1,1
adaptive_no_clustering,main,adaptive,0.0,0.15,,0.05,8,0.25,,,P008,P008_pop909_clear_motif_melody_713_melody.mid,cc0088d140a0c7f748d7a717a6f796eed7338f6a4d8889e8e2eebd7fab8f8f51,10,5.454544,1,0,1,1,0,0.0,3.470284,premature,0,-1,,1,1,premature,0,-1,,1,1,premature,0,-1,,1,1
adaptive_no_clustering,main,adaptive,0.0,0.15,,0.05,8,0.25,,,P009,P009_pop909_clear_motif_melody_328_melody.mid,e8885a270c794ef4d50b9e6e050e3a0d3d8301d178169d86d88126123dbf06e2,10,5.333328,1,0,1,1,0,0.0,2.229999,premature,0,-1,,1,1,premature,0,-1,,1,1,premature,0,-1,,1,1
adaptive_no_clustering,main,adaptive,0.0,0.15,,0.05,8,0.25,,,P010,P010_pop909_clear_motif_melody_407_melody.mid,42e7658af7a87529d58b908a6d60cc195eeb297cdd129a98e1cb2649ce5aecce,10,6.15,1,0,1,1,0,0.0,5.520000,premature,0,-1,,1,1,premature,0,-1,,1,1,premature,0,-1,,1,1
adaptive_no_clustering,main,adaptive,0.0,0.15,,0.05,8,0.25,,,P011,P011_pop909_clear_motif_melody_119_melody.mid,896c48c32a15cf85bd286aa4436d0a697c9a91692eb0fb128687d212976619d5,10,7.272728,1,0,1,1,0,0.0,2.383182,premature,0,-1,,1,1,premature,0,-1,,1,1,premature,0,-1,,1,1
adaptive_no_clustering,main,adaptive,0.0,0.15,,0.05,8,0.25,,,P012,P012_pop909_clear_motif_melody_188_melody.mid,54bf4eb2f8bff2ccd5d214afc84523384678bdefdf3145e821781182c58bc003,10,4.363632000000001,1,0,1,1,0,0.0,1.535227,premature,0,-1,,1,1,premature,0,-1,,1,1,premature,0,-1,,1,1
adaptive_no_clustering,main,adaptive,0.0,0.15,,0.05,8,0.25,,,P013,P013_pop909_expressive_rubato_203_bridge.mid,d94792fd3118efad79013d413549904951e6acf204434771004ef7b6bac68e4a,9,3.000000000000001,1,0,1,1,0,0.0,1.478958,premature,0,-1,,1,1,premature,0,-1,,1,1,premature,0,-1,,1,1
adaptive_no_clustering,main,adaptive,0.0,0.15,,0.05,8,0.25,,,P014,P014_pop909_expressive_rubato_203_bridge.mid,d78dea53ea8b5558568755412ec7c72b704ce448c1990fbb631bad2aba3c7411,9,3.0,1,0,1,0,1,0.0,5.228958,late,0,-1,,0,1,late,0,-1,,0,1,late,0,-1,,0,1
adaptive_no_clustering,main,adaptive,0.0,0.15,,0.05,8,0.25,,,P015,P015_pop909_expressive_rubato_263_bridge.mid,fdbb28e369fed211abc0a0b53b2006a331c357c454f4284639fd36961d3aac40,16,5.333328000000002,1,0,1,0,1,0.0,7.450550,late,0,-1,,0,1,late,0,-1,,0,1,late,0,-1,,0,1
adaptive_no_clustering,main,adaptive,0.0,0.15,,0.05,8,0.25,,,P016,P016_pop909_expressive_rubato_617_bridge.mid,37d4c7b2c4a5856f926b9e67a662ac676aa83beca73c7dfc2dd6c188e52a38a4,4,1.3348119999999997,1,0,1,0,0,0.0,3.228689,late,0,-1,,0,1,late,0,-1,,0,1,success,1,0,1.893876566666626,0,0
adaptive_no_clustering,main,adaptive,0.0,0.15,,0.05,8,0.25,,,P017,P017_pop909_expressive_rubato_178_bridge.mid,cfbf91b1d04e90e9d2e6b6f7ddd9fc480393f1166fde55646495523c989f5d8e,20,6.760552000000001,1,0,1,0,1,0.0,8.855200,late,0,-1,,0,1,late,0,-1,,0,1,late,0,-1,,0,1
adaptive_no_clustering,main,adaptive,0.0,0.15,,0.05,8,0.25,,,P018,P018_pop909_expressive_rubato_191_bridge.mid,b6e56889014ca3786b340c447e92d66f50ed149b21600186179487f5799f9b73,22,7.272727999999999,1,0,1,1,0,0.0,3.178712,premature,0,-1,,1,1,premature,0,-1,,1,1,premature,0,-1,,1,1
adaptive_no_clustering,main,adaptive,0.0,0.15,,0.05,8,0.25,,,P019,P019_pop909_expressive_rubato_178_bridge.mid,51d4e82b5c0b217263d7a849828b0f05a8411876b0a87f85f4c175bf27767739,20,6.760551999999999,1,0,1,1,0,0.0,1.409717,premature,0,-1,,1,1,premature,0,-1,,1,1,premature,0,-1,,1,1
adaptive_no_clustering,main,adaptive,0.0,0.15,,0.05,8,0.25,,,P020,P020_pop909_expressive_rubato_212_bridge.mid,6f5eee7b1684521d31dac9b4e36649e423a8ce813df0a5f142967525e2bf2e17,17,5.783128,1,0,1,1,0,0.0,4.248793,premature,0,-1,,1,1,premature,0,-1,,1,1,premature,0,-1,,1,1
adaptive_no_clustering,main,adaptive,0.0,0.15,,0.05,8,0.25,,,P021,P021_pop909_chord_arpeggio_polyphonic_227_piano.mid,41b21fee0bca14bd00917fcf3d879b2fcebb9856fef2228a36e0b912e58444c9,18,7.1641759999999985,1,0,1,0,0,0.0,8.476340,late,0,-1,,0,1,late,0,-1,,0,1,success,1,0,1.3121642583333868,0,0
adaptive_no_clustering,main,adaptive,0.0,0.15,,0.05,8,0.25,,,P022,P022_pop909_chord_arpeggio_polyphonic_003_piano.mid,ea9963c2ef0400f7458ed0b378c21cc36273462aabccb9685efcd21625bbdcfd,19,2.9268239999999985,1,0,1,0,0,0.0,3.706763,late,0,-1,,0,1,success,1,0,0.7799393124999803,0,0,success,1,0,0.7799393124999803,0,0
adaptive_no_clustering,main,adaptive,0.0,0.15,,0.05,8,0.25,,,P023,P023_pop909_chord_arpeggio_polyphonic_222_piano.mid,bddeab49734bbbb17982dc09bdfaac6a8c2e1a112b7fd3464c5e7c9deadcfc94,19,6.1538400000000015,1,0,1,0,0,0.0,7.295507,late,0,-1,,0,1,late,0,-1,,0,1,success,1,0,1.141666999999969,0,0
adaptive_no_clustering,main,adaptive,0.0,0.15,,0.05,8,0.25,,,P024,P024_pop909_chord_arpeggio_polyphonic_287_piano.mid,ec7a6fe844d8678913cee3e05d68bc85d02d45d316e498dcfe79e58c814953c2,26,6.9347729000000005,1,0,1,0,1,0.0,9.017672,late,0,-1,,0,1,late,0,-1,,0,1,late,0,-1,,0,1
adaptive_no_clustering,main,adaptive,0.0,0.15,,0.05,8,0.25,,,P025,P025_pop909_chord_arpeggio_polyphonic_566_piano.mid,52dae62297b7cdeff27e0bea0925c8bebbbb999e9935efba566c8ffc51c206e8,22,5.783128,1,0,1,0,0,0.0,6.842405,late,0,-1,,0,1,late,0,-1,,0,1,success,1,0,1.0592772499999734,0,0
adaptive_no_clustering,main,adaptive,0.0,0.15,,0.05,8,0.25,,,P026,P026_pop909_chord_arpeggio_polyphonic_106_piano.mid,5a21694b1c7abc6be7e5c6ee6dd6611dbca54dacb44c602d9f7dc226f5eaad89,28,7.1641759999999985,1,0,1,0,0,0.0,8.537907,late,0,-1,,0,1,late,0,-1,,0,1,success,1,0,1.3737313958333965,0,0
adaptive_no_clustering,main,adaptive,0.0,0.15,,0.05,8,0.25,,,P027,P027_pop909_chord_arpeggio_polyphonic_218_piano.mid,3d2716434e914a4c1b7b0fee64a762d631c9eb844e328c4f880eb95f36c370a6,32,7.0588159999999975,1,0,1,0,0,0.0,7.957198,late,0,-1,,0,1,success,1,0,0.8983824666666456,0,0,success,1,0,0.8983824666666456,0,0
adaptive_no_clustering,main,adaptive,0.0,0.15,,0.05,8,0.25,,,P028,P028_pop909_chord_arpeggio_polyphonic_242_piano.mid,cd5c6e16ed3247ea34a6331d4c2e4dd980c5793b2def6bf2d11ae3b4d6d7560e,27,7.868856,1,0,1,0,0,0.0,9.021069,late,0,-1,,0,1,late,0,-1,,0,1,success,1,0,1.1522130437501543,0,0
adaptive_no_clustering,main,adaptive,0.0,0.15,,0.05,8,0.25,,,P029,P029_pop909_sparse_short_062_melody.mid,de331be603af62c8ecaeb6b4de4413d0dfe0f3c4a24efa36a90905ae0bb82a26,3,3.24324,1,0,1,0,0,0.0,4.500268,late,0,-1,,0,1,late,0,-1,,0,1,success,1,0,1.257027749999958,0,0
adaptive_no_clustering,main,adaptive,0.0,0.15,,0.05,8,0.25,,,P030,P030_pop909_sparse_short_062_melody.mid,f2c561cfdf3ae696074a8292cfd9b6e91d18a740bb99c9c5ad4661e2b5225717,3,2.12837625,1,0,1,1,0,0.0,1.258243,premature,0,-1,,1,1,premature,0,-1,,1,1,premature,0,-1,,1,1
adaptive_no_clustering,main,adaptive,0.0,0.15,,0.05,8,0.25,,,P031,P031_pop909_sparse_short_062_melody.mid,113bb580ca65ca779549df831e3b90b62932fe9eb9935891172b6636ee9e6079,3,3.24324,1,0,1,0,0,0.0,4.500268,late,0,-1,,0,1,late,0,-1,,0,1,success,1,0,1.257027749999958,0,0
adaptive_no_clustering,main,adaptive,0.0,0.15,,0.05,8,0.25,,,P032,P032_pop909_sparse_short_062_melody.mid,2638d2ec8832338b8f57a7147f9874c863c36279707599ffbd8782269c399746,3,3.24324,1,0,1,0,0,0.0,4.500268,late,0,-1,,0,1,late,0,-1,,0,1,success,1,0,1.257027749999958,0,0
adaptive_no_clustering,main,adaptive,0.0,0.15,,0.05,8,0.25,,,P033,P033_pop909_sparse_short_062_melody.mid,dcf51fe0bedf2f9e1acede760976dcde4a78650e163ec3c6ce86d970b4cc65c3,3,3.24324,1,0,1,0,0,0.0,4.500268,late,0,-1,,0,1,late,0,-1,,0,1,success,1,0,1.257027749999958,0,0
adaptive_no_clustering,main,adaptive,0.0,0.15,,0.05,8,0.25,,,P034,P034_pop909_dense_fast_095_bridge.mid,1eec4634489ebc2145d5d07f86a58778c994982c97d2dd5704238989cafe8164,49,1.7610275333333312,1,0,1,0,0,0.0,1.960807,success,1,0,0.1997794333333287,0,0,success,1,0,0.1997794333333287,0,0,success,1,0,0.1997794333333287,0,0
adaptive_no_clustering,main,adaptive,0.0,0.15,,0.05,8,0.25,,,P035,P035_pop909_dense_fast_351_bridge.mid,cce631ae36062ea5c6c5856ce61c72dee517b0d26fc59e569c45986becb91fa5,28,1.0351939999999993,2,1,1,0,0,0.5,1.192946,success,1,0,0.15775208541666252,0,0,success,1,0,0.15775208541666252,0,0,success,1,0,0.15775208541666252,0,0
adaptive_no_clustering,main,adaptive,0.0,0.15,,0.05,8,0.25,,,P036,P036_pop909_dense_fast_095_bridge.mid,8d7b860e3c98cfc78be2b1d435ac9d52da48b3df427707b2c9dc6e28266f4b58,38,1.6801452666666645,1,0,1,0,0,0.0,1.897572,success,1,0,0.21742649999999486,0,0,success,1,0,0.21742649999999486,0,0,success,1,0,0.21742649999999486,0,0
adaptive_no_clustering,main,adaptive,0.0,0.15,,0.05,8,0.25,,,P037,P037_pop909_dense_fast_095_bridge.mid,14ee870cca3317109b67f85cc0241e6678d38b8efed31130577d8d722e145a58,30,0.7977932666666666,1,0,1,0,0,0.0,1.015220,success,1,0,0.21742649999999986,0,0,success,1,0,0.21742649999999986,0,0,success,1,0,0.21742649999999986,0,0
adaptive_no_clustering,main,adaptive,0.0,0.15,,0.05,8,0.25,,,P038,P038_pop909_dense_fast_727_bridge.mid,4cec022a9c9e7dd2ec868ae3124b7089c195126defe23b8a3d440d2c7bbaf873,45,1.2854942770833329,1,0,1,0,0,0.0,1.503828,success,1,0,0.2183333187499945,0,0,success,1,0,0.2183333187499945,0,0,success,1,0,0.2183333187499945,0,0
adaptive_no_clustering,main,adaptive,0.0,0.15,,0.05,8,0.25,,,P039,P039_pop909_chromatic_outside_789_piano.mid,89dc01789fe23c4372b236cc806e6567b05346295e667c74639aa4642a3e304b,16,7.272728,2,1,1,1,0,0.5,1.163030,premature,0,-1,,1,1,premature,0,-1,,1,1,premature,0,-1,,1,1
adaptive_no_clustering,main,adaptive,0.0,0.15,,0.05,8,0.25,,,P040,P040_pop909_chromatic_outside_064_piano.mid,76f70f424a678deaed9e02ef3b85db1c47a828b39689b0fb75fd6c5cd5f84a3f,23,7.562499999999999,1,0,1,0,0,0.0,7.688333,success,1,0,0.12583333333331392,0,0,success,1,0,0.12583333333331392,0,0,success,1,0,0.12583333333331392,0,0
adaptive_no_clustering,main,adaptive,0.0,0.15,,0.05,8,0.25,,,P041,P041_pop909_chromatic_outside_796_piano.mid,5313ed35276167210c99ca9b0d50773ad1c5a71997072b20b1653efba88eb36f,20,6.486488,1,0,1,0,0,0.0,7.736556,late,0,-1,,0,1,late,0,-1,,0,1,success,1,0,1.2500675395833039,0,0
adaptive_no_clustering,main,adaptive,0.0,0.15,,0.05,8,0.25,,,P042,P042_pop909_chromatic_outside_254_piano.mid,dfb97d893bd303a0043e98fe7c14dc376233ce114864c10be992cad37ef88538,24,3.3027539999999993,1,0,1,0,0,0.0,4.121791,late,0,-1,,0,1,success,1,0,0.8190365520833103,0,0,success,1,0,0.8190365520833103,0,0
adaptive_no_clustering,main,adaptive,0.0,0.15,,0.05,8,0.25,,,P043,P043_pop909_chromatic_outside_311_bridge.mid,8bb993a52d683a9b093e77f22d9fa6d3df633472edafb5a0056e4e19b5852902,14,7.5,1,0,1,1,0,0.0,2.180937,premature,0,-1,,1,1,premature,0,-1,,1,1,premature,0,-1,,1,1
adaptive_no_clustering,main,adaptive,0.0,0.15,,0.05,8,0.25,,,P044,P044_pop909_false_ending_pause_322_bridge.mid,92fa6bc714e6881f40bd275254b082416486b9d155453539c6e2e9cce641a65c,7,4.633333333333333,1,0,1,0,0,0.0,4.742500,success,1,0,0.10916666666663222,0,0,success,1,0,0.10916666666663222,0,0,success,1,0,0.10916666666663222,0,0
adaptive_no_clustering,main,adaptive,0.0,0.15,,0.05,8,0.25,,,P045,P045_pop909_false_ending_pause_008_bridge.mid,28ee69826748317d665163811014939ed01825addd8f2c9505d27364a6b4adc8,7,4.876923483333333,1,0,1,1,0,0.0,2.204615,premature,0,-1,,1,1,premature,0,-1,,1,1,premature,0,-1,,1,1
adaptive_no_clustering,main,adaptive,0.0,0.15,,0.05,8,0.25,,,P046,P046_pop909_false_ending_pause_253_bridge.mid,0e6ab6a38b763c541fa954510aaf319efab974b676865fe44aaa2c2338435f50,7,5.9943121875,1,0,1,1,0,0.0,2.430226,premature,0,-1,,1,1,premature,0,-1,,1,1,premature,0,-1,,1,1
adaptive_no_clustering,main,adaptive,0.0,0.15,,0.05,8,0.25,,,P047,P047_pop909_false_ending_pause_396_melody.mid,45f3dedbc0915a84ff315fcf7040e15383bbafbc739845cd8f4e4db11fbe1207,7,3.8673180812499997,1,0,1,1,0,0.0,3.542681,premature,0,-1,,1,1,premature,0,-1,,1,1,premature,0,-1,,1,1
adaptive_no_clustering,main,adaptive,0.0,0.15,,0.05,8,0.25,,,P048,P048_pop909_repetition_tail_234_bridge.mid,8edaf0b3c05cb78569d9801754c34b780426e21b3654154ff150d50ac4c12b59,8,4.000000000000001,1,0,1,1,0,0.0,3.011250,premature,0,-1,,1,1,premature,0,-1,,1,1,premature,0,-1,,1,1
adaptive_no_clustering,main,adaptive,0.0,0.15,,0.05,8,0.25,,,P049,P049_pop909_repetition_tail_282_bridge.mid,b5bf7675db361f16e2641027f14dbd38a665a77edf6ca030a9254be54ddab400,8,5.691775224999999,1,0,1,0,0,0.0,7.096159,late,0,-1,,0,1,late,0,-1,,0,1,success,1,0,1.4043838916666296,0,0
adaptive_no_clustering,main,adaptive,0.0,0.15,,0.05,8,0.25,,,P050,P050_pop909_repetition_tail_340_bridge.mid,92dfb3e992339ebac2e7204e10ece5a799d2ae91faeb4c2a0ff6f5611e0bfbac,8,5.245888,1,0,1,1,0,0.0,3.827151,premature,0,-1,,1,1,premature,0,-1,,1,1,premature,0,-1,,1,1
adaptive_no_confirmation,main,adaptive,0.08,0.0,,0.05,8,0.25,,,A01,A01_c_pentatonic_balanced.mid,e7a1620ba70d4372e998376d91e2f55590448a9cf5878e969a0f70d410659845,14,4.8,1,0,1,0,0,0.0,5.315000,late,0,-1,,0,1,success,1,0,0.5149999999999793,0,0,success,1,0,0.5149999999999793,0,0
adaptive_no_confirmation,main,adaptive,0.08,0.0,,0.05,8,0.25,,,A02,A02_a_minor_pentatonic_question.mid,5166d8996017b0341f9265fc4539b25d09211f1cc291b1e25a4623e68b1bbc0e,12,5.054348499999999,1,0,1,0,0,0.0,5.592174,late,0,-1,,0,1,success,1,0,0.537825999999975,0,0,success,1,0,0.537825999999975,0,0
adaptive_no_confirmation,main,adaptive,0.08,0.0,,0.05,8,0.25,,,A03,A03_a_blues_tension.mid,1c61cef65142077e0ea54a46832f15bf535a35b23c920ee8e40193b877467fd4,13,4.166669999999999,1,0,1,0,0,0.0,4.566114,success,1,0,0.39944399999998037,0,0,success,1,0,0.39944399999998037,0,0,success,1,0,0.39944399999998037,0,0
adaptive_no_confirmation,main,adaptive,0.08,0.0,,0.05,8,0.25,,,A04,A04_classical_antecedent.mid,3b1b42414601831b09678bb49b714e6512be53f451a517170b48c6c3addb07f1,10,4.6499999999999995,1,0,1,0,0,0.0,5.270000,late,0,-1,,0,1,success,1,0,0.6199999999999743,0,0,success,1,0,0.6199999999999743,0,0
adaptive_no_confirmation,main,adaptive,0.08,0.0,,0.05,8,0.25,,,A05,A05_repetition_tail.mid,c615435e6cf9b0af8c8e4a2d9b7f28ccef90f4cc20ddffc10e23c15ec2296b28,12,4.182691749999999,1,0,1,1,0,0.0,2.884230,premature,0,-1,,1,1,premature,0,-1,,1,1,premature,0,-1,,1,1
adaptive_no_confirmation,main,adaptive,0.08,0.0,,0.05,8,0.25,,,A06,A06_syncopated_pop.mid,25a2a2e4aea59cacc8434b36ae5173bd34aaa66ee7eec8c2e460f3f72addaf0e,12,4.3867945,1,0,1,0,0,0.0,5.163775,late,0,-1,,0,1,success,1,0,0.776980999999977,0,0,success,1,0,0.776980999999977,0,0
adaptive_no_confirmation,main,adaptive,0.08,0.0,,0.05,8,0.25,,,A07,A07_sparse_long_tones.mid,fb6faee9d721a971b5d6388dc979e5a15c26d45366bfef7ade9a8f82eec3358d,6,5.454543999999999,1,0,1,0,1,0.0,7.632726,late,0,-1,,0,1,late,0,-1,,0,1,late,0,-1,,0,1
adaptive_no_confirmation,main,adaptive,0.08,0.0,,0.05,8,0.25,,,A08,A08_dense_eighth_motion.mid,48faeb92585381b6928f2dc31a3119ec234d815efc25ec9d1ba67538fc3f6b41,16,4.285712000000002,1,0,1,0,0,0.0,4.822855,late,0,-1,,0,1,success,1,0,0.5371429999999826,0,0,success,1,0,0.5371429999999826,0,0
adaptive_no_confirmation,main,adaptive,0.08,0.0,,0.05,8,0.25,,,A09,A09_arched_contour.mid,91acd677fdf9a30e64f3584796b5fc38d648b1ddf3785f4d6a6445102c15ee7c,11,4.6875,1,0,1,0,0,0.0,5.337500,late,0,-1,,0,1,success,1,0,0.6499999999999728,0,0,success,1,0,0.6499999999999728,0,0
adaptive_no_confirmation,main,adaptive,0.08,0.0,,0.05,8,0.25,,,A10,A10_leap_gap_fill.mid,6639c3bceab3644ea59e759d1e92e76bcc9a082b5edaea30893d44682f7f3a97,13,4.6499999999999995,1,0,1,0,0,0.0,5.230000,late,0,-1,,0,1,success,1,0,0.5799999999999779,0,0,success,1,0,0.5799999999999779,0,0
adaptive_no_confirmation,main,adaptive,0.08,0.0,,0.05,8,0.25,,,R01,R01_390-v1.mid,e44793c8c043f7c92184c6189f5e7b1af47c202aaa6df435a76a4d26268313aa,13,4.0,1,0,1,1,0,0.0,1.889583,premature,0,-1,,1,1,premature,0,-1,,1,1,premature,0,-1,,1,1
adaptive_no_confirmation,main,adaptive,0.08,0.0,,0.05,8,0.25,,,R02,R02_667-v3.mid,af3cbab9e93480a553c9a217fc1abefdf3db788d071132050fca4cbfe862cdaa,8,4.0,1,0,1,0,0,0.0,4.222083,success,1,0,0.22208333333331076,0,0,success,1,0,0.22208333333331076,0,0,success,1,0,0.22208333333331076,0,0
adaptive_no_confirmation,main,adaptive,0.08,0.0,,0.05,8,0.25,,,R03,R03_174-v2.mid,88f11f634584a21ce30b0dc39c608cde9da43c7936400bba985f8702ecf9e962,12,3.9999999999999996,1,0,1,1,0,0.0,1.847917,premature,0,-1,,1,1,premature,0,-1,,1,1,premature,0,-1,,1,1
adaptive_no_confirmation,main,adaptive,0.08,0.0,,0.05,8,0.25,,,R04,R04_339-v2.mid,828aff4f088b889d0715fee3e65e9243f89520710a795fa7e4b585407a7da650,9,3.817708333333333,1,0,1,0,0,0.0,4.467292,late,0,-1,,0,1,success,1,0,0.6495833333333154,0,0,success,1,0,0.6495833333333154,0,0
adaptive_no_confirmation,main,adaptive,0.08,0.0,,0.05,8,0.25,,,R05,R05_581.mid,766b0c79d6f6905d1c32f244469b14bf48cb861e79ceede6ac2ee1929437dcf4,13,4.0,1,0,1,0,0,0.0,4.621875,late,0,-1,,0,1,success,1,0,0.6218749999999842,0,0,success,1,0,0.6218749999999842,0,0
adaptive_no_confirmation,main,adaptive,0.08,0.0,,0.05,8,0.25,,,R06,R06_132-v2.mid,e1ccff44d4528b8e4af0e40bdc4699a89e46169a5a6c766acc8ac50740c17bc4,15,4.0,1,0,1,0,0,0.0,4.589792,late,0,-1,,0,1,success,1,0,0.5897916666666534,0,0,success,1,0,0.5897916666666534,0,0
adaptive_no_confirmation,main,adaptive,0.08,0.0,,0.05,8,0.25,,,R07,R07_664-v2.mid,d84d97d7bfa78ff716110978692047e182ce9f01efee7a44f583544e113fed69,11,4.0,1,0,1,1,0,0.0,2.765625,premature,0,-1,,1,1,premature,0,-1,,1,1,premature,0,-1,,1,1
adaptive_no_confirmation,main,adaptive,0.08,0.0,,0.05,8,0.25,,,R08,R08_266-v1.mid,a60f28e61f3323d5039cd94cdaea65c36ca0311962a73686837cf9dfdde0799d,8,4.0,1,0,1,0,0,0.0,4.285000,success,1,0,0.2849999999999735,0,0,success,1,0,0.2849999999999735,0,0,success,1,0,0.2849999999999735,0,0
adaptive_no_confirmation,main,adaptive,0.08,0.0,,0.05,8,0.25,,,R09,R09_433.mid,e1f859f9f55ce2a1718a88f1ce5f88ffffd035cd2ac61aeba9f71e42eb3d1658,23,4.000000000000001,1,0,1,0,0,0.0,4.452708,success,1,0,0.45270833333332305,0,0,success,1,0,0.45270833333332305,0,0,success,1,0,0.45270833333332305,0,0
adaptive_no_confirmation,main,adaptive,0.08,0.0,,0.05,8,0.25,,,R10,R10_039-v2.mid,25635c75dc841999c02ffb9b7d67ef21f421bef585b28e0635701689b574a8f6,11,4.000000000000001,1,0,1,1,0,0.0,3.425833,premature,0,-1,,1,1,premature,0,-1,,1,1,premature,0,-1,,1,1
adaptive_no_confirmation,main,adaptive,0.08,0.0,,0.05,8,0.25,,,R11,R11_538.mid,676637ee06573aad6e8ea80367346578ac11b8ed36c9f8ce5702eda3643830ab,20,3.921875,1,0,1,0,0,0.0,4.175833,success,1,0,0.2539583333333244,0,0,success,1,0,0.2539583333333244,0,0,success,1,0,0.2539583333333244,0,0
adaptive_no_confirmation,main,adaptive,0.08,0.0,,0.05,8,0.25,,,R12,R12_457.mid,151dd04bd54d11512876bab817410ae94fb81547894ff0a3b96401968101f6df,13,4.0,1,0,1,1,0,0.0,2.171250,premature,0,-1,,1,1,premature,0,-1,,1,1,premature,0,-1,,1,1
adaptive_no_confirmation,main,adaptive,0.08,0.0,,0.05,8,0.25,,,R13,R13_353-v1.mid,ef59a3cdc969d70fd54c9cd52a37e30deb9772958305ace368edde9ea5afc7c3,11,4.0,1,0,1,1,0,0.0,1.704167,premature,0,-1,,1,1,premature,0,-1,,1,1,premature,0,-1,,1,1
adaptive_no_confirmation,main,adaptive,0.08,0.0,,0.05,8,0.25,,,R14,R14_073.mid,6014529ddd8b96a82fd599bf2e0268f5da21dad2080ba59e69de225512a58ee3,12,3.939583333333333,1,0,1,0,0,0.0,4.677708,late,0,-1,,0,1,success,1,0,0.7381249999999815,0,0,success,1,0,0.7381249999999815,0,0
adaptive_no_confirmation,main,adaptive,0.08,0.0,,0.05,8,0.25,,,R15,R15_156-v2.mid,d6ae647242ceff286d61867ebb06ee767c382eed20c618f7988a94d4733b7d8d,9,4.0,1,0,1,1,0,0.0,3.741875,premature,0,-1,,1,1,premature,0,-1,,1,1,premature,0,-1,,1,1
adaptive_no_confirmation,main,adaptive,0.08,0.0,,0.05,8,0.25,,,R16,R16_249.mid,32c21206c709d04269f4de5a9705ca310189a55c657a53ea8612ed3c5ac480dd,8,4.0,1,0,1,0,0,0.0,5.140625,late,0,-1,,0,1,late,0,-1,,0,1,success,1,0,1.140624999999968,0,0
adaptive_no_confirmation,main,adaptive,0.08,0.0,,0.05,8,0.25,,,R17,R17_319.mid,7b40b95a494f202130093514531c7232c45d539c2a7ebafe5dee64fac4bc0e7e,18,4.0,1,0,1,0,0,0.0,4.415208,success,1,0,0.4152083333333234,0,0,success,1,0,0.4152083333333234,0,0,success,1,0,0.4152083333333234,0,0
adaptive_no_confirmation,main,adaptive,0.08,0.0,,0.05,8,0.25,,,R18,R18_249.mid,0dc5853f595ca79ae339d76ccf661f166c739dba3b0cb0d66eeb860ef17dd7c0,9,4.0,1,0,1,0,0,0.0,4.210625,success,1,0,0.2106249999999772,0,0,success,1,0,0.2106249999999772,0,0,success,1,0,0.2106249999999772,0,0
adaptive_no_confirmation,main,adaptive,0.08,0.0,,0.05,8,0.25,,,R19,R19_733.mid,73dc520e4f2e19e784486fb5160d0686a1f7d90b81c9bb57b8e6478f3b2032fe,10,4.0,1,0,1,1,0,0.0,1.589583,premature,0,-1,,1,1,premature,0,-1,,1,1,premature,0,-1,,1,1
adaptive_no_confirmation,main,adaptive,0.08,0.0,,0.05,8,0.25,,,R20,R20_660.mid,a3a01235dabd1fd09f3b7047e7b59bee8af87f41bc4456aa3e261bc412d6998a,8,3.983333333333334,1,0,1,0,0,0.0,5.292708,late,0,-1,,0,1,late,0,-1,,0,1,success,1,0,1.3093749999999686,0,0
adaptive_no_confirmation,main,adaptive,0.08,0.0,,0.05,8,0.25,,,R21,R21_756-v2.mid,7b479a282dd8ac5742239c1fda08a8a89a1834843d91b2b219beaa12a020ebdc,8,4.0,1,0,1,0,0,0.0,5.445625,late,0,-1,,0,1,late,0,-1,,0,1,success,1,0,1.445624999999966,0,0
adaptive_no_confirmation,main,adaptive,0.08,0.0,,0.05,8,0.25,,,R22,R22_156.mid,530aaba96af00f7031edd5c0b26b6a257808c3f3d7df6c3d36f325fc29229487,10,4.0,1,0,1,1,0,0.0,3.636875,premature,0,-1,,1,1,premature,0,-1,,1,1,premature,0,-1,,1,1
adaptive_no_confirmation,main,adaptive,0.08,0.0,,0.05,8,0.25,,,R23,R23_645.mid,4089adb020ffa2aa242ec57c10ef8efd9ad726c8c6bf22e335e91d65a5783ac4,12,3.9999999999999996,1,0,1,1,0,0.0,3.208958,premature,0,-1,,1,1,premature,0,-1,,1,1,premature,0,-1,,1,1
adaptive_no_confirmation,main,adaptive,0.08,0.0,,0.05,8,0.25,,,R24,R24_242-v2.mid,5a18cae5a6fd996e3688bb05a6723665c26e561d21b88c112d65d4a6bdb51fca,15,4.000000000000001,1,0,1,1,0,0.0,1.281458,premature,0,-1,,1,1,premature,0,-1,,1,1,premature,0,-1,,1,1
adaptive_no_confirmation,main,adaptive,0.08,0.0,,0.05,8,0.25,,,R25,R25_618-v1.mid,56ff3fa00dc9e75c7913306f4a8cede335d24189bb8e26cfce827120f12743c7,10,4.0,1,0,1,1,0,0.0,3.031250,premature,0,-1,,1,1,premature,0,-1,,1,1,premature,0,-1,,1,1
adaptive_no_confirmation,main,adaptive,0.08,0.0,,0.05,8,0.25,,,R26,R26_560-v1.mid,f0d0a16aff422f9a5877f2944cdd0b959b4801aa449310959626fa7dbd7a6edb,15,3.951041666666667,1,0,1,1,0,0.0,1.822917,premature,0,-1,,1,1,premature,0,-1,,1,1,premature,0,-1,,1,1
adaptive_no_confirmation,main,adaptive,0.08,0.0,,0.05,8,0.25,,,R27,R27_735.mid,c6fabc901af844a2236d5a2956bd48e11d7952607af238e872c0dc7f65dbaa6f,16,4.0,1,0,1,1,0,0.0,3.800625,premature,0,-1,,1,1,premature,0,-1,,1,1,premature,0,-1,,1,1
adaptive_no_confirmation,main,adaptive,0.08,0.0,,0.05,8,0.25,,,R28,R28_804-v3.mid,f2326f94ae3ec36fd956ed7a74f507c37dfaeae99fddbfc7f2cbf87414f92030,11,3.9802083333333336,1,0,1,1,0,0.0,2.631250,premature,0,-1,,1,1,premature,0,-1,,1,1,premature,0,-1,,1,1
adaptive_no_confirmation,main,adaptive,0.08,0.0,,0.05,8,0.25,,,R29,R29_846-v2.mid,b750d5ab04a7fcc02298fea281e624dbc92dd1640a17037e580bb5b845ab517b,12,4.0,1,0,1,1,0,0.0,2.622917,premature,0,-1,,1,1,premature,0,-1,,1,1,premature,0,-1,,1,1
adaptive_no_confirmation,main,adaptive,0.08,0.0,,0.05,8,0.25,,,R30,R30_002-v2.mid,3b8c10e5c6886af05080687f0bc745791d33e73b2cec916337c1799e43024254,19,4.0,1,0,1,0,0,0.0,4.592917,late,0,-1,,0,1,success,1,0,0.5929166666666532,0,0,success,1,0,0.5929166666666532,0,0
adaptive_no_confirmation,main,adaptive,0.08,0.0,,0.05,8,0.25,,,R31,R31_069-v5.mid,ad5859e7014674fc2b088288d32445f60e2790c868a97bae22f5c6c6f7a9c906,10,4.0,1,0,1,0,0,0.0,4.459583,success,1,0,0.4595833333333106,0,0,success,1,0,0.4595833333333106,0,0,success,1,0,0.4595833333333106,0,0
adaptive_no_confirmation,main,adaptive,0.08,0.0,,0.05,8,0.25,,,R32,R32_290-v2.mid,b6d63759467030d9561098d602d2077dba3fd2e6533d64bc6401940ec9398bd7,11,4.0,1,0,1,1,0,0.0,0.716667,premature,0,-1,,1,1,premature,0,-1,,1,1,premature,0,-1,,1,1
adaptive_no_confirmation,main,adaptive,0.08,0.0,,0.05,8,0.25,,,R33,R33_144-v1.mid,14914529875824c38e895baf4969bc1f01031d5a20038d87474333091ce8bf16,21,4.0,1,0,1,0,0,0.0,4.418542,success,1,0,0.41854166666665815,0,0,success,1,0,0.41854166666665815,0,0,success,1,0,0.41854166666665815,0,0
adaptive_no_confirmation,main,adaptive,0.08,0.0,,0.05,8,0.25,,,R34,R34_680-v3.mid,193fa77f9af23482857e237a7f27c3f78c79243d9a1ffca85d491c191040a3d9,15,4.0,1,0,1,0,0,0.0,4.618750,late,0,-1,,0,1,success,1,0,0.6187499999999844,0,0,success,1,0,0.6187499999999844,0,0
adaptive_no_confirmation,main,adaptive,0.08,0.0,,0.05,8,0.25,,,R35,R35_436-v2.mid,0db58df01ff0e7ef7665b41a914d45f2c8da7ce346a391eafaadda58c2fbcbd1,8,3.9999999999999996,1,0,1,1,0,0.0,1.894792,premature,0,-1,,1,1,premature,0,-1,,1,1,premature,0,-1,,1,1
adaptive_no_confirmation,main,adaptive,0.08,0.0,,0.05,8,0.25,,,R36,R36_230.mid,292e936198ef29131aa14fa25acb693df0d1183ea1dde8ce70b941f2378a5b3c,11,4.0,1,0,1,1,0,0.0,2.072917,premature,0,-1,,1,1,premature,0,-1,,1,1,premature,0,-1,,1,1
adaptive_no_confirmation,main,adaptive,0.08,0.0,,0.05,8,0.25,,,R37,R37_667-v3.mid,3423caa4b45632a7f2c919a198ed678b6eb9786448d01e549dc32a5398afcf9f,7,4.0,1,0,1,0,0,0.0,5.777083,late,0,-1,,0,1,late,0,-1,,0,1,success,1,0,1.7770833333332936,0,0
adaptive_no_confirmation,main,adaptive,0.08,0.0,,0.05,8,0.25,,,R38,R38_136.mid,3abb38ce19d8de517c62b2014f88ea09cffbe9e6bf5ed9c01ed0c1155a8acbe5,14,4.0,1,0,1,1,0,0.0,1.295833,premature,0,-1,,1,1,premature,0,-1,,1,1,premature,0,-1,,1,1
adaptive_no_confirmation,main,adaptive,0.08,0.0,,0.05,8,0.25,,,R39,R39_578-v3.mid,fceb1f97ce180f42e04547ff0aa0b9478cd06770ac604a3832d919926ad92aa7,16,4.0,1,0,1,0,0,0.0,4.588958,late,0,-1,,0,1,success,1,0,0.5889583333333208,0,0,success,1,0,0.5889583333333208,0,0
adaptive_no_confirmation,main,adaptive,0.08,0.0,,0.05,8,0.25,,,R40,R40_454.mid,d848f11068ba98d752767ac7826bc58b93c22e9b031ee710f0fae41eccde2eec,12,3.9187499999999997,1,0,1,0,0,0.0,4.799375,late,0,-1,,0,1,success,1,0,0.8806249999999793,0,0,success,1,0,0.8806249999999793,0,0
adaptive_no_confirmation,main,adaptive,0.08,0.0,,0.05,8,0.25,,,P001,P001_pop909_clear_motif_melody_298_bridge.mid,8b00372060ba7b623d803e3af7e70f5ef60b65f66816ad377f725005f4c84fa9,10,4.948456,1,0,1,1,0,0.0,4.312270,premature,0,-1,,1,1,premature,0,-1,,1,1,premature,0,-1,,1,1
adaptive_no_confirmation,main,adaptive,0.08,0.0,,0.05,8,0.25,,,P002,P002_pop909_clear_motif_melody_248_bridge.mid,ccb942640a73e3e0122c796c0971c8f675a924861614fa62562f002ab9ef196d,10,3.478248,1,0,1,0,0,0.0,3.875315,success,1,0,0.39706685624998217,0,0,success,1,0,0.39706685624998217,0,0,success,1,0,0.39706685624998217,0,0
adaptive_no_confirmation,main,adaptive,0.08,0.0,,0.05,8,0.25,,,P003,P003_pop909_clear_motif_melody_339_melody.mid,628d1079f63c4bf7a08c4ee78f0765919be119f7b82f8dc3ffde83afbb2238ec,10,6.3124899,1,0,1,1,0,0.0,4.555481,premature,0,-1,,1,1,premature,0,-1,,1,1,premature,0,-1,,1,1
adaptive_no_confirmation,main,adaptive,0.08,0.0,,0.05,8,0.25,,,P004,P004_pop909_clear_motif_melody_268_melody.mid,e1ad81a5ae674340b836f4d87a0f82f0920845ccc4214feb28ccf9b9603f0948,10,8.0,1,0,1,0,0,0.0,8.197500,success,1,0,0.19750000000001755,0,0,success,1,0,0.19750000000001755,0,0,success,1,0,0.19750000000001755,0,0
adaptive_no_confirmation,main,adaptive,0.08,0.0,,0.05,8,0.25,,,P005,P005_pop909_clear_motif_melody_021_melody.mid,a1fe99526a41a4b56b5a507d209dd13d4105ef53e85d25dd53ce7e9ee5915ff3,10,4.13157275,1,0,1,1,0,0.0,2.068771,premature,0,-1,,1,1,premature,0,-1,,1,1,premature,0,-1,,1,1
adaptive_no_confirmation,main,adaptive,0.08,0.0,,0.05,8,0.25,,,P006,P006_pop909_clear_motif_melody_220_melody.mid,81d85ebdbdb62cf3dd0eb82602b7fe26907e395242e71f5bb78ef112438b09cc,10,3.870936,1,0,1,1,0,0.0,1.890313,premature,0,-1,,1,1,premature,0,-1,,1,1,premature,0,-1,,1,1
adaptive_no_confirmation,main,adaptive,0.08,0.0,,0.05,8,0.25,,,P007,P007_pop909_clear_motif_melody_273_melody.mid,b6f10983b8aa291a839fc6e5232bc1920fa3b1e354e6e03e788a7a6b17af9d59,10,6.48648,1,0,1,1,0,0.0,5.102293,premature,0,-1,,1,1,premature,0,-1,,1,1,premature,0,-1,,1,1
adaptive_no_confirmation,main,adaptive,0.08,0.0,,0.05,8,0.25,,,P008,P008_pop909_clear_motif_melody_713_melody.mid,cc0088d140a0c7f748d7a717a6f796eed7338f6a4d8889e8e2eebd7fab8f8f51,10,5.454544,1,0,1,1,0,0.0,3.315284,premature,0,-1,,1,1,premature,0,-1,,1,1,premature,0,-1,,1,1
adaptive_no_confirmation,main,adaptive,0.08,0.0,,0.05,8,0.25,,,P009,P009_pop909_clear_motif_melody_328_melody.mid,e8885a270c794ef4d50b9e6e050e3a0d3d8301d178169d86d88126123dbf06e2,10,5.333328,1,0,1,1,0,0.0,2.074999,premature,0,-1,,1,1,premature,0,-1,,1,1,premature,0,-1,,1,1
adaptive_no_confirmation,main,adaptive,0.08,0.0,,0.05,8,0.25,,,P010,P010_pop909_clear_motif_melody_407_melody.mid,42e7658af7a87529d58b908a6d60cc195eeb297cdd129a98e1cb2649ce5aecce,10,6.15,1,0,1,1,0,0.0,5.365000,premature,0,-1,,1,1,premature,0,-1,,1,1,premature,0,-1,,1,1
adaptive_no_confirmation,main,adaptive,0.08,0.0,,0.05,8,0.25,,,P011,P011_pop909_clear_motif_melody_119_melody.mid,896c48c32a15cf85bd286aa4436d0a697c9a91692eb0fb128687d212976619d5,10,7.272728,1,0,1,1,0,0.0,2.228182,premature,0,-1,,1,1,premature,0,-1,,1,1,premature,0,-1,,1,1
adaptive_no_confirmation,main,adaptive,0.08,0.0,,0.05,8,0.25,,,P012,P012_pop909_clear_motif_melody_188_melody.mid,54bf4eb2f8bff2ccd5d214afc84523384678bdefdf3145e821781182c58bc003,10,4.363632000000001,1,0,1,1,0,0.0,1.380227,premature,0,-1,,1,1,premature,0,-1,,1,1,premature,0,-1,,1,1
adaptive_no_confirmation,main,adaptive,0.08,0.0,,0.05,8,0.25,,,P013,P013_pop909_expressive_rubato_203_bridge.mid,d94792fd3118efad79013d413549904951e6acf204434771004ef7b6bac68e4a,9,3.000000000000001,1,0,1,1,0,0.0,1.323958,premature,0,-1,,1,1,premature,0,-1,,1,1,premature,0,-1,,1,1
adaptive_no_confirmation,main,adaptive,0.08,0.0,,0.05,8,0.25,,,P014,P014_pop909_expressive_rubato_203_bridge.mid,d78dea53ea8b5558568755412ec7c72b704ce448c1990fbb631bad2aba3c7411,9,3.0,1,0,1,0,1,0.0,5.073958,late,0,-1,,0,1,late,0,-1,,0,1,late,0,-1,,0,1
adaptive_no_confirmation,main,adaptive,0.08,0.0,,0.05,8,0.25,,,P015,P015_pop909_expressive_rubato_263_bridge.mid,fdbb28e369fed211abc0a0b53b2006a331c357c454f4284639fd36961d3aac40,16,5.333328000000002,1,0,1,0,0,0.0,7.295550,late,0,-1,,0,1,late,0,-1,,0,1,success,1,0,1.9622223999999546,0,0
adaptive_no_confirmation,main,adaptive,0.08,0.0,,0.05,8,0.25,,,P016,P016_pop909_expressive_rubato_617_bridge.mid,37d4c7b2c4a5856f926b9e67a662ac676aa83beca73c7dfc2dd6c188e52a38a4,4,1.3348119999999997,1,0,1,0,0,0.0,3.073689,late,0,-1,,0,1,late,0,-1,,0,1,success,1,0,1.7388765666666293,0,0
adaptive_no_confirmation,main,adaptive,0.08,0.0,,0.05,8,0.25,,,P017,P017_pop909_expressive_rubato_178_bridge.mid,cfbf91b1d04e90e9d2e6b6f7ddd9fc480393f1166fde55646495523c989f5d8e,20,6.760552000000001,1,0,1,0,0,0.0,8.705200,late,0,-1,,0,1,late,0,-1,,0,1,success,1,0,1.9446482666667464,0,0
adaptive_no_confirmation,main,adaptive,0.08,0.0,,0.05,8,0.25,,,P018,P018_pop909_expressive_rubato_191_bridge.mid,b6e56889014ca3786b340c447e92d66f50ed149b21600186179487f5799f9b73,22,7.272727999999999,1,0,1,1,0,0.0,3.023712,premature,0,-1,,1,1,premature,0,-1,,1,1,premature,0,-1,,1,1
adaptive_no_confirmation,main,adaptive,0.08,0.0,,0.05,8,0.25,,,P019,P019_pop909_expressive_rubato_178_bridge.mid,51d4e82b5c0b217263d7a849828b0f05a8411876b0a87f85f4c175bf27767739,20,6.760551999999999,1,0,1,1,0,0.0,1.254717,premature,0,-1,,1,1,premature,0,-1,,1,1,premature,0,-1,,1,1
adaptive_no_confirmation,main,adaptive,0.08,0.0,,0.05,8,0.25,,,P020,P020_pop909_expressive_rubato_212_bridge.mid,6f5eee7b1684521d31dac9b4e36649e423a8ce813df0a5f142967525e2bf2e17,17,5.783128,1,0,1,1,0,0.0,4.093793,premature,0,-1,,1,1,premature,0,-1,,1,1,premature,0,-1,,1,1
adaptive_no_confirmation,main,adaptive,0.08,0.0,,0.05,8,0.25,,,P021,P021_pop909_chord_arpeggio_polyphonic_227_piano.mid,41b21fee0bca14bd00917fcf3d879b2fcebb9856fef2228a36e0b912e58444c9,18,7.1641759999999985,1,0,1,0,0,0.0,8.326340,late,0,-1,,0,1,late,0,-1,,0,1,success,1,0,1.1621642583333633,0,0
adaptive_no_confirmation,main,adaptive,0.08,0.0,,0.05,8,0.25,,,P022,P022_pop909_chord_arpeggio_polyphonic_003_piano.mid,ea9963c2ef0400f7458ed0b378c21cc36273462aabccb9685efcd21625bbdcfd,19,2.9268239999999985,1,0,1,0,0,0.0,3.551763,late,0,-1,,0,1,success,1,0,0.6249393124999836,0,0,success,1,0,0.6249393124999836,0,0
adaptive_no_confirmation,main,adaptive,0.08,0.0,,0.05,8,0.25,,,P023,P023_pop909_chord_arpeggio_polyphonic_222_piano.mid,bddeab49734bbbb17982dc09bdfaac6a8c2e1a112b7fd3464c5e7c9deadcfc94,19,6.1538400000000015,1,0,1,0,0,0.0,7.140507,late,0,-1,,0,1,success,1,0,0.9866669999999722,0,0,success,1,0,0.9866669999999722,0,0
adaptive_no_confirmation,main,adaptive,0.08,0.0,,0.05,8,0.25,,,P024,P024_pop909_chord_arpeggio_polyphonic_287_piano.mid,ec7a6fe844d8678913cee3e05d68bc85d02d45d316e498dcfe79e58c814953c2,26,6.9347729000000005,1,0,1,0,0,0.0,8.867672,late,0,-1,,0,1,late,0,-1,,0,1,success,1,0,1.932899491666765,0,0
adaptive_no_confirmation,main,adaptive,0.08,0.0,,0.05,8,0.25,,,P025,P025_pop909_chord_arpeggio_polyphonic_566_piano.mid,52dae62297b7cdeff27e0bea0925c8bebbbb999e9935efba566c8ffc51c206e8,22,5.783128,1,0,1,0,0,0.0,6.687405,late,0,-1,,0,1,success,1,0,0.9042772499999767,0,0,success,1,0,0.9042772499999767,0,0
adaptive_no_confirmation,main,adaptive,0.08,0.0,,0.05,8,0.25,,,P026,P026_pop909_chord_arpeggio_polyphonic_106_piano.mid,5a21694b1c7abc6be7e5c6ee6dd6611dbca54dacb44c602d9f7dc226f5eaad89,28,7.1641759999999985,1,0,1,0,0,0.0,8.387907,late,0,-1,,0,1,late,0,-1,,0,1,success,1,0,1.223731395833373,0,0
adaptive_no_confirmation,main,adaptive,0.08,0.0,,0.05,8,0.25,,,P027,P027_pop909_chord_arpeggio_polyphonic_218_piano.mid,3d2716434e914a4c1b7b0fee64a762d631c9eb844e328c4f880eb95f36c370a6,32,7.0588159999999975,1,0,1,0,0,0.0,7.802198,late,0,-1,,0,1,success,1,0,0.7433824666666489,0,0,success,1,0,0.7433824666666489,0,0
adaptive_no_confirmation,main,adaptive,0.08,0.0,,0.05,8,0.25,,,P028,P028_pop909_chord_arpeggio_polyphonic_242_piano.mid,cd5c6e16ed3247ea34a6331d4c2e4dd980c5793b2def6bf2d11ae3b4d6d7560e,27,7.868856,1,0,1,0,0,0.0,8.871069,late,0,-1,,0,1,late,0,-1,,0,1,success,1,0,1.0022130437501309,0,0
adaptive_no_confirmation,main,adaptive,0.08,0.0,,0.05,8,0.25,,,P029,P029_pop909_sparse_short_062_melody.mid,de331be603af62c8ecaeb6b4de4413d0dfe0f3c4a24efa36a90905ae0bb82a26,3,3.24324,1,0,1,0,0,0.0,4.345268,late,0,-1,,0,1,late,0,-1,,0,1,success,1,0,1.1020277499999613,0,0
adaptive_no_confirmation,main,adaptive,0.08,0.0,,0.05,8,0.25,,,P030,P030_pop909_sparse_short_062_melody.mid,f2c561cfdf3ae696074a8292cfd9b6e91d18a740bb99c9c5ad4661e2b5225717,3,2.12837625,1,0,1,1,0,0.0,1.103243,premature,0,-1,,1,1,premature,0,-1,,1,1,premature,0,-1,,1,1
adaptive_no_confirmation,main,adaptive,0.08,0.0,,0.05,8,0.25,,,P031,P031_pop909_sparse_short_062_melody.mid,113bb580ca65ca779549df831e3b90b62932fe9eb9935891172b6636ee9e6079,3,3.24324,1,0,1,0,0,0.0,4.345268,late,0,-1,,0,1,late,0,-1,,0,1,success,1,0,1.1020277499999613,0,0
adaptive_no_confirmation,main,adaptive,0.08,0.0,,0.05,8,0.25,,,P032,P032_pop909_sparse_short_062_melody.mid,2638d2ec8832338b8f57a7147f9874c863c36279707599ffbd8782269c399746,3,3.24324,1,0,1,0,0,0.0,4.345268,late,0,-1,,0,1,late,0,-1,,0,1,success,1,0,1.1020277499999613,0,0
adaptive_no_confirmation,main,adaptive,0.08,0.0,,0.05,8,0.25,,,P033,P033_pop909_sparse_short_062_melody.mid,dcf51fe0bedf2f9e1acede760976dcde4a78650e163ec3c6ce86d970b4cc65c3,3,3.24324,1,0,1,0,0,0.0,4.345268,late,0,-1,,0,1,late,0,-1,,0,1,success,1,0,1.1020277499999613,0,0
adaptive_no_confirmation,main,adaptive,0.08,0.0,,0.05,8,0.25,,,P034,P034_pop909_dense_fast_095_bridge.mid,1eec4634489ebc2145d5d07f86a58778c994982c97d2dd5704238989cafe8164,49,1.7610275333333312,1,0,1,0,0,0.0,2.010807,success,1,0,0.24977943333332764,0,0,success,1,0,0.24977943333332764,0,0,success,1,0,0.24977943333332764,0,0
adaptive_no_confirmation,main,adaptive,0.08,0.0,,0.05,8,0.25,,,P035,P035_pop909_dense_fast_351_bridge.mid,cce631ae36062ea5c6c5856ce61c72dee517b0d26fc59e569c45986becb91fa5,28,1.0351939999999993,1,0,1,0,0,0.0,1.247946,success,1,0,0.21275208541666135,0,0,success,1,0,0.21275208541666135,0,0,success,1,0,0.21275208541666135,0,0
adaptive_no_confirmation,main,adaptive,0.08,0.0,,0.05,8,0.25,,,P036,P036_pop909_dense_fast_095_bridge.mid,8d7b860e3c98cfc78be2b1d435ac9d52da48b3df427707b2c9dc6e28266f4b58,38,1.6801452666666645,1,0,1,0,0,0.0,1.937572,success,1,0,0.257426499999994,0,0,success,1,0,0.257426499999994,0,0,success,1,0,0.257426499999994,0,0
adaptive_no_confirmation,main,adaptive,0.08,0.0,,0.05,8,0.25,,,P037,P037_pop909_dense_fast_095_bridge.mid,14ee870cca3317109b67f85cc0241e6678d38b8efed31130577d8d722e145a58,30,0.7977932666666666,1,0,1,0,0,0.0,1.045220,success,1,0,0.24742649999999922,0,0,success,1,0,0.24742649999999922,0,0,success,1,0,0.24742649999999922,0,0
adaptive_no_confirmation,main,adaptive,0.08,0.0,,0.05,8,0.25,,,P038,P038_pop909_dense_fast_727_bridge.mid,4cec022a9c9e7dd2ec868ae3124b7089c195126defe23b8a3d440d2c7bbaf873,45,1.2854942770833329,1,0,1,0,0,0.0,1.533828,success,1,0,0.24833331874999387,0,0,success,1,0,0.24833331874999387,0,0,success,1,0,0.24833331874999387,0,0
adaptive_no_confirmation,main,adaptive,0.08,0.0,,0.05,8,0.25,,,P039,P039_pop909_chromatic_outside_789_piano.mid,89dc01789fe23c4372b236cc806e6567b05346295e667c74639aa4642a3e304b,16,7.272728,1,0,1,0,0,0.0,9.147879,late,0,-1,,0,1,late,0,-1,,0,1,success,1,0,1.8751513916668037,0,0
adaptive_no_confirmation,main,adaptive,0.08,0.0,,0.05,8,0.25,,,P040,P040_pop909_chromatic_outside_064_piano.mid,76f70f424a678deaed9e02ef3b85db1c47a828b39689b0fb75fd6c5cd5f84a3f,23,7.562499999999999,1,0,1,0,0,0.0,7.533333,success,1,0,-0.029166666666682772,0,0,success,1,0,-0.029166666666682772,0,0,success,1,0,-0.029166666666682772,0,0
adaptive_no_confirmation,main,adaptive,0.08,0.0,,0.05,8,0.25,,,P041,P041_pop909_chromatic_outside_796_piano.mid,5313ed35276167210c99ca9b0d50773ad1c5a71997072b20b1653efba88eb36f,20,6.486488,1,0,1,0,0,0.0,7.581556,late,0,-1,,0,1,late,0,-1,,0,1,success,1,0,1.0950675395833072,0,0
adaptive_no_confirmation,main,adaptive,0.08,0.0,,0.05,8,0.25,,,P042,P042_pop909_chromatic_outside_254_piano.mid,dfb97d893bd303a0043e98fe7c14dc376233ce114864c10be992cad37ef88538,24,3.3027539999999993,1,0,1,0,0,0.0,3.966791,late,0,-1,,0,1,success,1,0,0.6640365520833131,0,0,success,1,0,0.6640365520833131,0,0
adaptive_no_confirmation,main,adaptive,0.08,0.0,,0.05,8,0.25,,,P043,P043_pop909_chromatic_outside_311_bridge.mid,8bb993a52d683a9b093e77f22d9fa6d3df633472edafb5a0056e4e19b5852902,14,7.5,1,0,1,1,0,0.0,2.025937,premature,0,-1,,1,1,premature,0,-1,,1,1,premature,0,-1,,1,1
adaptive_no_confirmation,main,adaptive,0.08,0.0,,0.05,8,0.25,,,P044,P044_pop909_false_ending_pause_322_bridge.mid,92fa6bc714e6881f40bd275254b082416486b9d155453539c6e2e9cce641a65c,7,4.633333333333333,1,0,1,0,0,0.0,4.587500,success,1,0,-0.04583333333336448,0,0,success,1,0,-0.04583333333336448,0,0,success,1,0,-0.04583333333336448,0,0
adaptive_no_confirmation,main,adaptive,0.08,0.0,,0.05,8,0.25,,,P045,P045_pop909_false_ending_pause_008_bridge.mid,28ee69826748317d665163811014939ed01825addd8f2c9505d27364a6b4adc8,7,4.876923483333333,1,0,1,1,0,0.0,2.049615,premature,0,-1,,1,1,premature,0,-1,,1,1,premature,0,-1,,1,1
adaptive_no_confirmation,main,adaptive,0.08,0.0,,0.05,8,0.25,,,P046,P046_pop909_false_ending_pause_253_bridge.mid,0e6ab6a38b763c541fa954510aaf319efab974b676865fe44aaa2c2338435f50,7,5.9943121875,1,0,1,1,0,0.0,2.275226,premature,0,-1,,1,1,premature,0,-1,,1,1,premature,0,-1,,1,1
adaptive_no_confirmation,main,adaptive,0.08,0.0,,0.05,8,0.25,,,P047,P047_pop909_false_ending_pause_396_melody.mid,45f3dedbc0915a84ff315fcf7040e15383bbafbc739845cd8f4e4db11fbe1207,7,3.8673180812499997,1,0,1,1,0,0.0,3.387681,premature,0,-1,,1,1,premature,0,-1,,1,1,premature,0,-1,,1,1
adaptive_no_confirmation,main,adaptive,0.08,0.0,,0.05,8,0.25,,,P048,P048_pop909_repetition_tail_234_bridge.mid,8edaf0b3c05cb78569d9801754c34b780426e21b3654154ff150d50ac4c12b59,8,4.000000000000001,1,0,1,1,0,0.0,2.856250,premature,0,-1,,1,1,premature,0,-1,,1,1,premature,0,-1,,1,1
adaptive_no_confirmation,main,adaptive,0.08,0.0,,0.05,8,0.25,,,P049,P049_pop909_repetition_tail_282_bridge.mid,b5bf7675db361f16e2641027f14dbd38a665a77edf6ca030a9254be54ddab400,8,5.691775224999999,1,0,1,0,0,0.0,6.941159,late,0,-1,,0,1,late,0,-1,,0,1,success,1,0,1.2493838916666329,0,0
adaptive_no_confirmation,main,adaptive,0.08,0.0,,0.05,8,0.25,,,P050,P050_pop909_repetition_tail_340_bridge.mid,92dfb3e992339ebac2e7204e10ece5a799d2ae91faeb4c2a0ff6f5611e0bfbac,8,5.245888,1,0,1,1,0,0.0,3.672151,premature,0,-1,,1,1,premature,0,-1,,1,1,premature,0,-1,,1,1
adaptive_neither,main,adaptive,0.0,0.0,,0.05,8,0.25,,,A01,A01_c_pentatonic_balanced.mid,e7a1620ba70d4372e998376d91e2f55590448a9cf5878e969a0f70d410659845,14,4.8,1,0,1,0,0,0.0,5.315000,late,0,-1,,0,1,success,1,0,0.5149999999999793,0,0,success,1,0,0.5149999999999793,0,0
adaptive_neither,main,adaptive,0.0,0.0,,0.05,8,0.25,,,A02,A02_a_minor_pentatonic_question.mid,5166d8996017b0341f9265fc4539b25d09211f1cc291b1e25a4623e68b1bbc0e,12,5.054348499999999,1,0,1,0,0,0.0,5.592174,late,0,-1,,0,1,success,1,0,0.537825999999975,0,0,success,1,0,0.537825999999975,0,0
adaptive_neither,main,adaptive,0.0,0.0,,0.05,8,0.25,,,A03,A03_a_blues_tension.mid,1c61cef65142077e0ea54a46832f15bf535a35b23c920ee8e40193b877467fd4,13,4.166669999999999,1,0,1,0,0,0.0,4.566114,success,1,0,0.39944399999998037,0,0,success,1,0,0.39944399999998037,0,0,success,1,0,0.39944399999998037,0,0
adaptive_neither,main,adaptive,0.0,0.0,,0.05,8,0.25,,,A04,A04_classical_antecedent.mid,3b1b42414601831b09678bb49b714e6512be53f451a517170b48c6c3addb07f1,10,4.6499999999999995,1,0,1,0,0,0.0,5.270000,late,0,-1,,0,1,success,1,0,0.6199999999999743,0,0,success,1,0,0.6199999999999743,0,0
adaptive_neither,main,adaptive,0.0,0.0,,0.05,8,0.25,,,A05,A05_repetition_tail.mid,c615435e6cf9b0af8c8e4a2d9b7f28ccef90f4cc20ddffc10e23c15ec2296b28,12,4.182691749999999,1,0,1,1,0,0.0,2.884230,premature,0,-1,,1,1,premature,0,-1,,1,1,premature,0,-1,,1,1
adaptive_neither,main,adaptive,0.0,0.0,,0.05,8,0.25,,,A06,A06_syncopated_pop.mid,25a2a2e4aea59cacc8434b36ae5173bd34aaa66ee7eec8c2e460f3f72addaf0e,12,4.3867945,1,0,1,0,0,0.0,5.163775,late,0,-1,,0,1,success,1,0,0.776980999999977,0,0,success,1,0,0.776980999999977,0,0
adaptive_neither,main,adaptive,0.0,0.0,,0.05,8,0.25,,,A07,A07_sparse_long_tones.mid,fb6faee9d721a971b5d6388dc979e5a15c26d45366bfef7ade9a8f82eec3358d,6,5.454543999999999,1,0,1,0,1,0.0,7.632726,late,0,-1,,0,1,late,0,-1,,0,1,late,0,-1,,0,1
adaptive_neither,main,adaptive,0.0,0.0,,0.05,8,0.25,,,A08,A08_dense_eighth_motion.mid,48faeb92585381b6928f2dc31a3119ec234d815efc25ec9d1ba67538fc3f6b41,16,4.285712000000002,1,0,1,0,0,0.0,4.822855,late,0,-1,,0,1,success,1,0,0.5371429999999826,0,0,success,1,0,0.5371429999999826,0,0
adaptive_neither,main,adaptive,0.0,0.0,,0.05,8,0.25,,,A09,A09_arched_contour.mid,91acd677fdf9a30e64f3584796b5fc38d648b1ddf3785f4d6a6445102c15ee7c,11,4.6875,1,0,1,0,0,0.0,5.337500,late,0,-1,,0,1,success,1,0,0.6499999999999728,0,0,success,1,0,0.6499999999999728,0,0
adaptive_neither,main,adaptive,0.0,0.0,,0.05,8,0.25,,,A10,A10_leap_gap_fill.mid,6639c3bceab3644ea59e759d1e92e76bcc9a082b5edaea30893d44682f7f3a97,13,4.6499999999999995,1,0,1,0,0,0.0,5.230000,late,0,-1,,0,1,success,1,0,0.5799999999999779,0,0,success,1,0,0.5799999999999779,0,0
adaptive_neither,main,adaptive,0.0,0.0,,0.05,8,0.25,,,R01,R01_390-v1.mid,e44793c8c043f7c92184c6189f5e7b1af47c202aaa6df435a76a4d26268313aa,13,4.0,1,0,1,1,0,0.0,1.889583,premature,0,-1,,1,1,premature,0,-1,,1,1,premature,0,-1,,1,1
adaptive_neither,main,adaptive,0.0,0.0,,0.05,8,0.25,,,R02,R02_667-v3.mid,af3cbab9e93480a553c9a217fc1abefdf3db788d071132050fca4cbfe862cdaa,8,4.0,1,0,1,0,0,0.0,4.222083,success,1,0,0.22208333333331076,0,0,success,1,0,0.22208333333331076,0,0,success,1,0,0.22208333333331076,0,0
adaptive_neither,main,adaptive,0.0,0.0,,0.05,8,0.25,,,R03,R03_174-v2.mid,88f11f634584a21ce30b0dc39c608cde9da43c7936400bba985f8702ecf9e962,12,3.9999999999999996,1,0,1,1,0,0.0,1.847917,premature,0,-1,,1,1,premature,0,-1,,1,1,premature,0,-1,,1,1
adaptive_neither,main,adaptive,0.0,0.0,,0.05,8,0.25,,,R04,R04_339-v2.mid,828aff4f088b889d0715fee3e65e9243f89520710a795fa7e4b585407a7da650,9,3.817708333333333,1,0,1,0,0,0.0,4.467292,late,0,-1,,0,1,success,1,0,0.6495833333333154,0,0,success,1,0,0.6495833333333154,0,0
adaptive_neither,main,adaptive,0.0,0.0,,0.05,8,0.25,,,R05,R05_581.mid,766b0c79d6f6905d1c32f244469b14bf48cb861e79ceede6ac2ee1929437dcf4,13,4.0,1,0,1,0,0,0.0,4.621875,late,0,-1,,0,1,success,1,0,0.6218749999999842,0,0,success,1,0,0.6218749999999842,0,0
adaptive_neither,main,adaptive,0.0,0.0,,0.05,8,0.25,,,R06,R06_132-v2.mid,e1ccff44d4528b8e4af0e40bdc4699a89e46169a5a6c766acc8ac50740c17bc4,15,4.0,1,0,1,0,0,0.0,4.589792,late,0,-1,,0,1,success,1,0,0.5897916666666534,0,0,success,1,0,0.5897916666666534,0,0
adaptive_neither,main,adaptive,0.0,0.0,,0.05,8,0.25,,,R07,R07_664-v2.mid,d84d97d7bfa78ff716110978692047e182ce9f01efee7a44f583544e113fed69,11,4.0,1,0,1,1,0,0.0,2.765625,premature,0,-1,,1,1,premature,0,-1,,1,1,premature,0,-1,,1,1
adaptive_neither,main,adaptive,0.0,0.0,,0.05,8,0.25,,,R08,R08_266-v1.mid,a60f28e61f3323d5039cd94cdaea65c36ca0311962a73686837cf9dfdde0799d,8,4.0,1,0,1,0,0,0.0,4.285000,success,1,0,0.2849999999999735,0,0,success,1,0,0.2849999999999735,0,0,success,1,0,0.2849999999999735,0,0
adaptive_neither,main,adaptive,0.0,0.0,,0.05,8,0.25,,,R09,R09_433.mid,e1f859f9f55ce2a1718a88f1ce5f88ffffd035cd2ac61aeba9f71e42eb3d1658,23,4.000000000000001,1,0,1,0,0,0.0,4.452708,success,1,0,0.45270833333332305,0,0,success,1,0,0.45270833333332305,0,0,success,1,0,0.45270833333332305,0,0
adaptive_neither,main,adaptive,0.0,0.0,,0.05,8,0.25,,,R10,R10_039-v2.mid,25635c75dc841999c02ffb9b7d67ef21f421bef585b28e0635701689b574a8f6,11,4.000000000000001,1,0,1,1,0,0.0,3.425833,premature,0,-1,,1,1,premature,0,-1,,1,1,premature,0,-1,,1,1
adaptive_neither,main,adaptive,0.0,0.0,,0.05,8,0.25,,,R11,R11_538.mid,676637ee06573aad6e8ea80367346578ac11b8ed36c9f8ce5702eda3643830ab,20,3.921875,1,0,1,0,0,0.0,4.175833,success,1,0,0.2539583333333244,0,0,success,1,0,0.2539583333333244,0,0,success,1,0,0.2539583333333244,0,0
adaptive_neither,main,adaptive,0.0,0.0,,0.05,8,0.25,,,R12,R12_457.mid,151dd04bd54d11512876bab817410ae94fb81547894ff0a3b96401968101f6df,13,4.0,1,0,1,1,0,0.0,2.171250,premature,0,-1,,1,1,premature,0,-1,,1,1,premature,0,-1,,1,1
adaptive_neither,main,adaptive,0.0,0.0,,0.05,8,0.25,,,R13,R13_353-v1.mid,ef59a3cdc969d70fd54c9cd52a37e30deb9772958305ace368edde9ea5afc7c3,11,4.0,1,0,1,1,0,0.0,1.704167,premature,0,-1,,1,1,premature,0,-1,,1,1,premature,0,-1,,1,1
adaptive_neither,main,adaptive,0.0,0.0,,0.05,8,0.25,,,R14,R14_073.mid,6014529ddd8b96a82fd599bf2e0268f5da21dad2080ba59e69de225512a58ee3,12,3.939583333333333,1,0,1,0,0,0.0,4.677708,late,0,-1,,0,1,success,1,0,0.7381249999999815,0,0,success,1,0,0.7381249999999815,0,0
adaptive_neither,main,adaptive,0.0,0.0,,0.05,8,0.25,,,R15,R15_156-v2.mid,d6ae647242ceff286d61867ebb06ee767c382eed20c618f7988a94d4733b7d8d,9,4.0,1,0,1,1,0,0.0,3.741875,premature,0,-1,,1,1,premature,0,-1,,1,1,premature,0,-1,,1,1
adaptive_neither,main,adaptive,0.0,0.0,,0.05,8,0.25,,,R16,R16_249.mid,32c21206c709d04269f4de5a9705ca310189a55c657a53ea8612ed3c5ac480dd,8,4.0,1,0,1,0,0,0.0,5.140625,late,0,-1,,0,1,late,0,-1,,0,1,success,1,0,1.140624999999968,0,0
adaptive_neither,main,adaptive,0.0,0.0,,0.05,8,0.25,,,R17,R17_319.mid,7b40b95a494f202130093514531c7232c45d539c2a7ebafe5dee64fac4bc0e7e,18,4.0,1,0,1,0,0,0.0,4.415208,success,1,0,0.4152083333333234,0,0,success,1,0,0.4152083333333234,0,0,success,1,0,0.4152083333333234,0,0
adaptive_neither,main,adaptive,0.0,0.0,,0.05,8,0.25,,,R18,R18_249.mid,0dc5853f595ca79ae339d76ccf661f166c739dba3b0cb0d66eeb860ef17dd7c0,9,4.0,1,0,1,0,0,0.0,4.210625,success,1,0,0.2106249999999772,0,0,success,1,0,0.2106249999999772,0,0,success,1,0,0.2106249999999772,0,0
adaptive_neither,main,adaptive,0.0,0.0,,0.05,8,0.25,,,R19,R19_733.mid,73dc520e4f2e19e784486fb5160d0686a1f7d90b81c9bb57b8e6478f3b2032fe,10,4.0,1,0,1,1,0,0.0,1.589583,premature,0,-1,,1,1,premature,0,-1,,1,1,premature,0,-1,,1,1
adaptive_neither,main,adaptive,0.0,0.0,,0.05,8,0.25,,,R20,R20_660.mid,a3a01235dabd1fd09f3b7047e7b59bee8af87f41bc4456aa3e261bc412d6998a,8,3.983333333333334,1,0,1,0,0,0.0,5.292708,late,0,-1,,0,1,late,0,-1,,0,1,success,1,0,1.3093749999999686,0,0
adaptive_neither,main,adaptive,0.0,0.0,,0.05,8,0.25,,,R21,R21_756-v2.mid,7b479a282dd8ac5742239c1fda08a8a89a1834843d91b2b219beaa12a020ebdc,8,4.0,1,0,1,0,0,0.0,5.445625,late,0,-1,,0,1,late,0,-1,,0,1,success,1,0,1.445624999999966,0,0
adaptive_neither,main,adaptive,0.0,0.0,,0.05,8,0.25,,,R22,R22_156.mid,530aaba96af00f7031edd5c0b26b6a257808c3f3d7df6c3d36f325fc29229487,10,4.0,1,0,1,1,0,0.0,3.636875,premature,0,-1,,1,1,premature,0,-1,,1,1,premature,0,-1,,1,1
adaptive_neither,main,adaptive,0.0,0.0,,0.05,8,0.25,,,R23,R23_645.mid,4089adb020ffa2aa242ec57c10ef8efd9ad726c8c6bf22e335e91d65a5783ac4,12,3.9999999999999996,1,0,1,1,0,0.0,3.208958,premature,0,-1,,1,1,premature,0,-1,,1,1,premature,0,-1,,1,1
adaptive_neither,main,adaptive,0.0,0.0,,0.05,8,0.25,,,R24,R24_242-v2.mid,5a18cae5a6fd996e3688bb05a6723665c26e561d21b88c112d65d4a6bdb51fca,15,4.000000000000001,1,0,1,1,0,0.0,1.281458,premature,0,-1,,1,1,premature,0,-1,,1,1,premature,0,-1,,1,1
adaptive_neither,main,adaptive,0.0,0.0,,0.05,8,0.25,,,R25,R25_618-v1.mid,56ff3fa00dc9e75c7913306f4a8cede335d24189bb8e26cfce827120f12743c7,10,4.0,1,0,1,1,0,0.0,3.031250,premature,0,-1,,1,1,premature,0,-1,,1,1,premature,0,-1,,1,1
adaptive_neither,main,adaptive,0.0,0.0,,0.05,8,0.25,,,R26,R26_560-v1.mid,f0d0a16aff422f9a5877f2944cdd0b959b4801aa449310959626fa7dbd7a6edb,15,3.951041666666667,1,0,1,1,0,0.0,1.822917,premature,0,-1,,1,1,premature,0,-1,,1,1,premature,0,-1,,1,1
adaptive_neither,main,adaptive,0.0,0.0,,0.05,8,0.25,,,R27,R27_735.mid,c6fabc901af844a2236d5a2956bd48e11d7952607af238e872c0dc7f65dbaa6f,16,4.0,1,0,1,1,0,0.0,3.800625,premature,0,-1,,1,1,premature,0,-1,,1,1,premature,0,-1,,1,1
adaptive_neither,main,adaptive,0.0,0.0,,0.05,8,0.25,,,R28,R28_804-v3.mid,f2326f94ae3ec36fd956ed7a74f507c37dfaeae99fddbfc7f2cbf87414f92030,11,3.9802083333333336,1,0,1,1,0,0.0,2.631250,premature,0,-1,,1,1,premature,0,-1,,1,1,premature,0,-1,,1,1
adaptive_neither,main,adaptive,0.0,0.0,,0.05,8,0.25,,,R29,R29_846-v2.mid,b750d5ab04a7fcc02298fea281e624dbc92dd1640a17037e580bb5b845ab517b,12,4.0,1,0,1,1,0,0.0,2.622917,premature,0,-1,,1,1,premature,0,-1,,1,1,premature,0,-1,,1,1
adaptive_neither,main,adaptive,0.0,0.0,,0.05,8,0.25,,,R30,R30_002-v2.mid,3b8c10e5c6886af05080687f0bc745791d33e73b2cec916337c1799e43024254,19,4.0,1,0,1,0,0,0.0,4.592917,late,0,-1,,0,1,success,1,0,0.5929166666666532,0,0,success,1,0,0.5929166666666532,0,0
adaptive_neither,main,adaptive,0.0,0.0,,0.05,8,0.25,,,R31,R31_069-v5.mid,ad5859e7014674fc2b088288d32445f60e2790c868a97bae22f5c6c6f7a9c906,10,4.0,1,0,1,0,0,0.0,4.459583,success,1,0,0.4595833333333106,0,0,success,1,0,0.4595833333333106,0,0,success,1,0,0.4595833333333106,0,0
adaptive_neither,main,adaptive,0.0,0.0,,0.05,8,0.25,,,R32,R32_290-v2.mid,b6d63759467030d9561098d602d2077dba3fd2e6533d64bc6401940ec9398bd7,11,4.0,1,0,1,1,0,0.0,0.716667,premature,0,-1,,1,1,premature,0,-1,,1,1,premature,0,-1,,1,1
adaptive_neither,main,adaptive,0.0,0.0,,0.05,8,0.25,,,R33,R33_144-v1.mid,14914529875824c38e895baf4969bc1f01031d5a20038d87474333091ce8bf16,21,4.0,1,0,1,0,0,0.0,4.418542,success,1,0,0.41854166666665815,0,0,success,1,0,0.41854166666665815,0,0,success,1,0,0.41854166666665815,0,0
adaptive_neither,main,adaptive,0.0,0.0,,0.05,8,0.25,,,R34,R34_680-v3.mid,193fa77f9af23482857e237a7f27c3f78c79243d9a1ffca85d491c191040a3d9,15,4.0,1,0,1,0,0,0.0,4.618750,late,0,-1,,0,1,success,1,0,0.6187499999999844,0,0,success,1,0,0.6187499999999844,0,0
adaptive_neither,main,adaptive,0.0,0.0,,0.05,8,0.25,,,R35,R35_436-v2.mid,0db58df01ff0e7ef7665b41a914d45f2c8da7ce346a391eafaadda58c2fbcbd1,8,3.9999999999999996,1,0,1,1,0,0.0,1.894792,premature,0,-1,,1,1,premature,0,-1,,1,1,premature,0,-1,,1,1
adaptive_neither,main,adaptive,0.0,0.0,,0.05,8,0.25,,,R36,R36_230.mid,292e936198ef29131aa14fa25acb693df0d1183ea1dde8ce70b941f2378a5b3c,11,4.0,1,0,1,1,0,0.0,2.072917,premature,0,-1,,1,1,premature,0,-1,,1,1,premature,0,-1,,1,1
adaptive_neither,main,adaptive,0.0,0.0,,0.05,8,0.25,,,R37,R37_667-v3.mid,3423caa4b45632a7f2c919a198ed678b6eb9786448d01e549dc32a5398afcf9f,7,4.0,1,0,1,0,0,0.0,5.777083,late,0,-1,,0,1,late,0,-1,,0,1,success,1,0,1.7770833333332936,0,0
adaptive_neither,main,adaptive,0.0,0.0,,0.05,8,0.25,,,R38,R38_136.mid,3abb38ce19d8de517c62b2014f88ea09cffbe9e6bf5ed9c01ed0c1155a8acbe5,14,4.0,1,0,1,1,0,0.0,1.295833,premature,0,-1,,1,1,premature,0,-1,,1,1,premature,0,-1,,1,1
adaptive_neither,main,adaptive,0.0,0.0,,0.05,8,0.25,,,R39,R39_578-v3.mid,fceb1f97ce180f42e04547ff0aa0b9478cd06770ac604a3832d919926ad92aa7,16,4.0,1,0,1,0,0,0.0,4.588958,late,0,-1,,0,1,success,1,0,0.5889583333333208,0,0,success,1,0,0.5889583333333208,0,0
adaptive_neither,main,adaptive,0.0,0.0,,0.05,8,0.25,,,R40,R40_454.mid,d848f11068ba98d752767ac7826bc58b93c22e9b031ee710f0fae41eccde2eec,12,3.9187499999999997,1,0,1,0,0,0.0,4.799375,late,0,-1,,0,1,success,1,0,0.8806249999999793,0,0,success,1,0,0.8806249999999793,0,0
adaptive_neither,main,adaptive,0.0,0.0,,0.05,8,0.25,,,P001,P001_pop909_clear_motif_melody_298_bridge.mid,8b00372060ba7b623d803e3af7e70f5ef60b65f66816ad377f725005f4c84fa9,10,4.948456,1,0,1,1,0,0.0,4.312270,premature,0,-1,,1,1,premature,0,-1,,1,1,premature,0,-1,,1,1
adaptive_neither,main,adaptive,0.0,0.0,,0.05,8,0.25,,,P002,P002_pop909_clear_motif_melody_248_bridge.mid,ccb942640a73e3e0122c796c0971c8f675a924861614fa62562f002ab9ef196d,10,3.478248,1,0,1,0,0,0.0,3.875315,success,1,0,0.39706685624998217,0,0,success,1,0,0.39706685624998217,0,0,success,1,0,0.39706685624998217,0,0
adaptive_neither,main,adaptive,0.0,0.0,,0.05,8,0.25,,,P003,P003_pop909_clear_motif_melody_339_melody.mid,628d1079f63c4bf7a08c4ee78f0765919be119f7b82f8dc3ffde83afbb2238ec,10,6.3124899,1,0,1,1,0,0.0,4.555481,premature,0,-1,,1,1,premature,0,-1,,1,1,premature,0,-1,,1,1
adaptive_neither,main,adaptive,0.0,0.0,,0.05,8,0.25,,,P004,P004_pop909_clear_motif_melody_268_melody.mid,e1ad81a5ae674340b836f4d87a0f82f0920845ccc4214feb28ccf9b9603f0948,10,8.0,1,0,1,0,0,0.0,8.197500,success,1,0,0.19750000000001755,0,0,success,1,0,0.19750000000001755,0,0,success,1,0,0.19750000000001755,0,0
adaptive_neither,main,adaptive,0.0,0.0,,0.05,8,0.25,,,P005,P005_pop909_clear_motif_melody_021_melody.mid,a1fe99526a41a4b56b5a507d209dd13d4105ef53e85d25dd53ce7e9ee5915ff3,10,4.13157275,1,0,1,1,0,0.0,2.068771,premature,0,-1,,1,1,premature,0,-1,,1,1,premature,0,-1,,1,1
adaptive_neither,main,adaptive,0.0,0.0,,0.05,8,0.25,,,P006,P006_pop909_clear_motif_melody_220_melody.mid,81d85ebdbdb62cf3dd0eb82602b7fe26907e395242e71f5bb78ef112438b09cc,10,3.870936,1,0,1,1,0,0.0,1.890313,premature,0,-1,,1,1,premature,0,-1,,1,1,premature,0,-1,,1,1
adaptive_neither,main,adaptive,0.0,0.0,,0.05,8,0.25,,,P007,P007_pop909_clear_motif_melody_273_melody.mid,b6f10983b8aa291a839fc6e5232bc1920fa3b1e354e6e03e788a7a6b17af9d59,10,6.48648,1,0,1,1,0,0.0,5.102293,premature,0,-1,,1,1,premature,0,-1,,1,1,premature,0,-1,,1,1
adaptive_neither,main,adaptive,0.0,0.0,,0.05,8,0.25,,,P008,P008_pop909_clear_motif_melody_713_melody.mid,cc0088d140a0c7f748d7a717a6f796eed7338f6a4d8889e8e2eebd7fab8f8f51,10,5.454544,1,0,1,1,0,0.0,3.315284,premature,0,-1,,1,1,premature,0,-1,,1,1,premature,0,-1,,1,1
adaptive_neither,main,adaptive,0.0,0.0,,0.05,8,0.25,,,P009,P009_pop909_clear_motif_melody_328_melody.mid,e8885a270c794ef4d50b9e6e050e3a0d3d8301d178169d86d88126123dbf06e2,10,5.333328,1,0,1,1,0,0.0,2.074999,premature,0,-1,,1,1,premature,0,-1,,1,1,premature,0,-1,,1,1
adaptive_neither,main,adaptive,0.0,0.0,,0.05,8,0.25,,,P010,P010_pop909_clear_motif_melody_407_melody.mid,42e7658af7a87529d58b908a6d60cc195eeb297cdd129a98e1cb2649ce5aecce,10,6.15,1,0,1,1,0,0.0,5.365000,premature,0,-1,,1,1,premature,0,-1,,1,1,premature,0,-1,,1,1
adaptive_neither,main,adaptive,0.0,0.0,,0.05,8,0.25,,,P011,P011_pop909_clear_motif_melody_119_melody.mid,896c48c32a15cf85bd286aa4436d0a697c9a91692eb0fb128687d212976619d5,10,7.272728,1,0,1,1,0,0.0,2.228182,premature,0,-1,,1,1,premature,0,-1,,1,1,premature,0,-1,,1,1
adaptive_neither,main,adaptive,0.0,0.0,,0.05,8,0.25,,,P012,P012_pop909_clear_motif_melody_188_melody.mid,54bf4eb2f8bff2ccd5d214afc84523384678bdefdf3145e821781182c58bc003,10,4.363632000000001,1,0,1,1,0,0.0,1.380227,premature,0,-1,,1,1,premature,0,-1,,1,1,premature,0,-1,,1,1
adaptive_neither,main,adaptive,0.0,0.0,,0.05,8,0.25,,,P013,P013_pop909_expressive_rubato_203_bridge.mid,d94792fd3118efad79013d413549904951e6acf204434771004ef7b6bac68e4a,9,3.000000000000001,1,0,1,1,0,0.0,1.323958,premature,0,-1,,1,1,premature,0,-1,,1,1,premature,0,-1,,1,1
adaptive_neither,main,adaptive,0.0,0.0,,0.05,8,0.25,,,P014,P014_pop909_expressive_rubato_203_bridge.mid,d78dea53ea8b5558568755412ec7c72b704ce448c1990fbb631bad2aba3c7411,9,3.0,1,0,1,0,1,0.0,5.073958,late,0,-1,,0,1,late,0,-1,,0,1,late,0,-1,,0,1
adaptive_neither,main,adaptive,0.0,0.0,,0.05,8,0.25,,,P015,P015_pop909_expressive_rubato_263_bridge.mid,fdbb28e369fed211abc0a0b53b2006a331c357c454f4284639fd36961d3aac40,16,5.333328000000002,1,0,1,0,0,0.0,7.295550,late,0,-1,,0,1,late,0,-1,,0,1,success,1,0,1.9622223999999546,0,0
adaptive_neither,main,adaptive,0.0,0.0,,0.05,8,0.25,,,P016,P016_pop909_expressive_rubato_617_bridge.mid,37d4c7b2c4a5856f926b9e67a662ac676aa83beca73c7dfc2dd6c188e52a38a4,4,1.3348119999999997,1,0,1,0,0,0.0,3.073689,late,0,-1,,0,1,late,0,-1,,0,1,success,1,0,1.7388765666666293,0,0
adaptive_neither,main,adaptive,0.0,0.0,,0.05,8,0.25,,,P017,P017_pop909_expressive_rubato_178_bridge.mid,cfbf91b1d04e90e9d2e6b6f7ddd9fc480393f1166fde55646495523c989f5d8e,20,6.760552000000001,1,0,1,0,0,0.0,8.705200,late,0,-1,,0,1,late,0,-1,,0,1,success,1,0,1.9446482666667464,0,0
adaptive_neither,main,adaptive,0.0,0.0,,0.05,8,0.25,,,P018,P018_pop909_expressive_rubato_191_bridge.mid,b6e56889014ca3786b340c447e92d66f50ed149b21600186179487f5799f9b73,22,7.272727999999999,1,0,1,1,0,0.0,3.023712,premature,0,-1,,1,1,premature,0,-1,,1,1,premature,0,-1,,1,1
adaptive_neither,main,adaptive,0.0,0.0,,0.05,8,0.25,,,P019,P019_pop909_expressive_rubato_178_bridge.mid,51d4e82b5c0b217263d7a849828b0f05a8411876b0a87f85f4c175bf27767739,20,6.760551999999999,1,0,1,1,0,0.0,1.254717,premature,0,-1,,1,1,premature,0,-1,,1,1,premature,0,-1,,1,1
adaptive_neither,main,adaptive,0.0,0.0,,0.05,8,0.25,,,P020,P020_pop909_expressive_rubato_212_bridge.mid,6f5eee7b1684521d31dac9b4e36649e423a8ce813df0a5f142967525e2bf2e17,17,5.783128,1,0,1,1,0,0.0,4.093793,premature,0,-1,,1,1,premature,0,-1,,1,1,premature,0,-1,,1,1
adaptive_neither,main,adaptive,0.0,0.0,,0.05,8,0.25,,,P021,P021_pop909_chord_arpeggio_polyphonic_227_piano.mid,41b21fee0bca14bd00917fcf3d879b2fcebb9856fef2228a36e0b912e58444c9,18,7.1641759999999985,1,0,1,0,0,0.0,8.326340,late,0,-1,,0,1,late,0,-1,,0,1,success,1,0,1.1621642583333633,0,0
adaptive_neither,main,adaptive,0.0,0.0,,0.05,8,0.25,,,P022,P022_pop909_chord_arpeggio_polyphonic_003_piano.mid,ea9963c2ef0400f7458ed0b378c21cc36273462aabccb9685efcd21625bbdcfd,19,2.9268239999999985,1,0,1,0,0,0.0,3.551763,late,0,-1,,0,1,success,1,0,0.6249393124999836,0,0,success,1,0,0.6249393124999836,0,0
adaptive_neither,main,adaptive,0.0,0.0,,0.05,8,0.25,,,P023,P023_pop909_chord_arpeggio_polyphonic_222_piano.mid,bddeab49734bbbb17982dc09bdfaac6a8c2e1a112b7fd3464c5e7c9deadcfc94,19,6.1538400000000015,1,0,1,0,0,0.0,7.140507,late,0,-1,,0,1,success,1,0,0.9866669999999722,0,0,success,1,0,0.9866669999999722,0,0
adaptive_neither,main,adaptive,0.0,0.0,,0.05,8,0.25,,,P024,P024_pop909_chord_arpeggio_polyphonic_287_piano.mid,ec7a6fe844d8678913cee3e05d68bc85d02d45d316e498dcfe79e58c814953c2,26,6.9347729000000005,1,0,1,0,0,0.0,8.867672,late,0,-1,,0,1,late,0,-1,,0,1,success,1,0,1.932899491666765,0,0
adaptive_neither,main,adaptive,0.0,0.0,,0.05,8,0.25,,,P025,P025_pop909_chord_arpeggio_polyphonic_566_piano.mid,52dae62297b7cdeff27e0bea0925c8bebbbb999e9935efba566c8ffc51c206e8,22,5.783128,1,0,1,0,0,0.0,6.687405,late,0,-1,,0,1,success,1,0,0.9042772499999767,0,0,success,1,0,0.9042772499999767,0,0
adaptive_neither,main,adaptive,0.0,0.0,,0.05,8,0.25,,,P026,P026_pop909_chord_arpeggio_polyphonic_106_piano.mid,5a21694b1c7abc6be7e5c6ee6dd6611dbca54dacb44c602d9f7dc226f5eaad89,28,7.1641759999999985,1,0,1,0,0,0.0,8.387907,late,0,-1,,0,1,late,0,-1,,0,1,success,1,0,1.223731395833373,0,0
adaptive_neither,main,adaptive,0.0,0.0,,0.05,8,0.25,,,P027,P027_pop909_chord_arpeggio_polyphonic_218_piano.mid,3d2716434e914a4c1b7b0fee64a762d631c9eb844e328c4f880eb95f36c370a6,32,7.0588159999999975,1,0,1,0,0,0.0,7.802198,late,0,-1,,0,1,success,1,0,0.7433824666666489,0,0,success,1,0,0.7433824666666489,0,0
adaptive_neither,main,adaptive,0.0,0.0,,0.05,8,0.25,,,P028,P028_pop909_chord_arpeggio_polyphonic_242_piano.mid,cd5c6e16ed3247ea34a6331d4c2e4dd980c5793b2def6bf2d11ae3b4d6d7560e,27,7.868856,1,0,1,0,0,0.0,8.871069,late,0,-1,,0,1,late,0,-1,,0,1,success,1,0,1.0022130437501309,0,0
adaptive_neither,main,adaptive,0.0,0.0,,0.05,8,0.25,,,P029,P029_pop909_sparse_short_062_melody.mid,de331be603af62c8ecaeb6b4de4413d0dfe0f3c4a24efa36a90905ae0bb82a26,3,3.24324,1,0,1,0,0,0.0,4.345268,late,0,-1,,0,1,late,0,-1,,0,1,success,1,0,1.1020277499999613,0,0
adaptive_neither,main,adaptive,0.0,0.0,,0.05,8,0.25,,,P030,P030_pop909_sparse_short_062_melody.mid,f2c561cfdf3ae696074a8292cfd9b6e91d18a740bb99c9c5ad4661e2b5225717,3,2.12837625,1,0,1,1,0,0.0,1.103243,premature,0,-1,,1,1,premature,0,-1,,1,1,premature,0,-1,,1,1
adaptive_neither,main,adaptive,0.0,0.0,,0.05,8,0.25,,,P031,P031_pop909_sparse_short_062_melody.mid,113bb580ca65ca779549df831e3b90b62932fe9eb9935891172b6636ee9e6079,3,3.24324,1,0,1,0,0,0.0,4.345268,late,0,-1,,0,1,late,0,-1,,0,1,success,1,0,1.1020277499999613,0,0
adaptive_neither,main,adaptive,0.0,0.0,,0.05,8,0.25,,,P032,P032_pop909_sparse_short_062_melody.mid,2638d2ec8832338b8f57a7147f9874c863c36279707599ffbd8782269c399746,3,3.24324,1,0,1,0,0,0.0,4.345268,late,0,-1,,0,1,late,0,-1,,0,1,success,1,0,1.1020277499999613,0,0
adaptive_neither,main,adaptive,0.0,0.0,,0.05,8,0.25,,,P033,P033_pop909_sparse_short_062_melody.mid,dcf51fe0bedf2f9e1acede760976dcde4a78650e163ec3c6ce86d970b4cc65c3,3,3.24324,1,0,1,0,0,0.0,4.345268,late,0,-1,,0,1,late,0,-1,,0,1,success,1,0,1.1020277499999613,0,0
adaptive_neither,main,adaptive,0.0,0.0,,0.05,8,0.25,,,P034,P034_pop909_dense_fast_095_bridge.mid,1eec4634489ebc2145d5d07f86a58778c994982c97d2dd5704238989cafe8164,49,1.7610275333333312,1,0,1,0,0,0.0,1.805807,success,1,0,0.04477943333333201,0,0,success,1,0,0.04477943333333201,0,0,success,1,0,0.04477943333333201,0,0
adaptive_neither,main,adaptive,0.0,0.0,,0.05,8,0.25,,,P035,P035_pop909_dense_fast_351_bridge.mid,cce631ae36062ea5c6c5856ce61c72dee517b0d26fc59e569c45986becb91fa5,28,1.0351939999999993,1,0,1,1,0,0.0,0.934228,premature,0,-1,,1,1,premature,0,-1,,1,1,premature,0,-1,,1,1
adaptive_neither,main,adaptive,0.0,0.0,,0.05,8,0.25,,,P036,P036_pop909_dense_fast_095_bridge.mid,8d7b860e3c98cfc78be2b1d435ac9d52da48b3df427707b2c9dc6e28266f4b58,38,1.6801452666666645,1,0,1,0,0,0.0,1.742572,success,1,0,0.062426499999998164,0,0,success,1,0,0.062426499999998164,0,0,success,1,0,0.062426499999998164,0,0
adaptive_neither,main,adaptive,0.0,0.0,,0.05,8,0.25,,,P037,P037_pop909_dense_fast_095_bridge.mid,14ee870cca3317109b67f85cc0241e6678d38b8efed31130577d8d722e145a58,30,0.7977932666666666,1,0,1,0,0,0.0,0.860220,success,1,0,0.06242650000000016,0,0,success,1,0,0.06242650000000016,0,0,success,1,0,0.06242650000000016,0,0
adaptive_neither,main,adaptive,0.0,0.0,,0.05,8,0.25,,,P038,P038_pop909_dense_fast_727_bridge.mid,4cec022a9c9e7dd2ec868ae3124b7089c195126defe23b8a3d440d2c7bbaf873,45,1.2854942770833329,1,0,1,0,0,0.0,1.348828,success,1,0,0.06333331874999781,0,0,success,1,0,0.06333331874999781,0,0,success,1,0,0.06333331874999781,0,0
adaptive_neither,main,adaptive,0.0,0.0,,0.05,8,0.25,,,P039,P039_pop909_chromatic_outside_789_piano.mid,89dc01789fe23c4372b236cc806e6567b05346295e667c74639aa4642a3e304b,16,7.272728,1,0,1,1,0,0.0,0.872955,premature,0,-1,,1,1,premature,0,-1,,1,1,premature,0,-1,,1,1
adaptive_neither,main,adaptive,0.0,0.0,,0.05,8,0.25,,,P040,P040_pop909_chromatic_outside_064_piano.mid,76f70f424a678deaed9e02ef3b85db1c47a828b39689b0fb75fd6c5cd5f84a3f,23,7.562499999999999,1,0,1,0,0,0.0,7.533333,success,1,0,-0.029166666666682772,0,0,success,1,0,-0.029166666666682772,0,0,success,1,0,-0.029166666666682772,0,0
adaptive_neither,main,adaptive,0.0,0.0,,0.05,8,0.25,,,P041,P041_pop909_chromatic_outside_796_piano.mid,5313ed35276167210c99ca9b0d50773ad1c5a71997072b20b1653efba88eb36f,20,6.486488,1,0,1,0,0,0.0,7.581556,late,0,-1,,0,1,late,0,-1,,0,1,success,1,0,1.0950675395833072,0,0
adaptive_neither,main,adaptive,0.0,0.0,,0.05,8,0.25,,,P042,P042_pop909_chromatic_outside_254_piano.mid,dfb97d893bd303a0043e98fe7c14dc376233ce114864c10be992cad37ef88538,24,3.3027539999999993,1,0,1,0,0,0.0,3.966791,late,0,-1,,0,1,success,1,0,0.6640365520833131,0,0,success,1,0,0.6640365520833131,0,0
adaptive_neither,main,adaptive,0.0,0.0,,0.05,8,0.25,,,P043,P043_pop909_chromatic_outside_311_bridge.mid,8bb993a52d683a9b093e77f22d9fa6d3df633472edafb5a0056e4e19b5852902,14,7.5,1,0,1,1,0,0.0,2.025937,premature,0,-1,,1,1,premature,0,-1,,1,1,premature,0,-1,,1,1
adaptive_neither,main,adaptive,0.0,0.0,,0.05,8,0.25,,,P044,P044_pop909_false_ending_pause_322_bridge.mid,92fa6bc714e6881f40bd275254b082416486b9d155453539c6e2e9cce641a65c,7,4.633333333333333,1,0,1,0,0,0.0,4.587500,success,1,0,-0.04583333333336448,0,0,success,1,0,-0.04583333333336448,0,0,success,1,0,-0.04583333333336448,0,0
adaptive_neither,main,adaptive,0.0,0.0,,0.05,8,0.25,,,P045,P045_pop909_false_ending_pause_008_bridge.mid,28ee69826748317d665163811014939ed01825addd8f2c9505d27364a6b4adc8,7,4.876923483333333,1,0,1,1,0,0.0,2.049615,premature,0,-1,,1,1,premature,0,-1,,1,1,premature,0,-1,,1,1
adaptive_neither,main,adaptive,0.0,0.0,,0.05,8,0.25,,,P046,P046_pop909_false_ending_pause_253_bridge.mid,0e6ab6a38b763c541fa954510aaf319efab974b676865fe44aaa2c2338435f50,7,5.9943121875,1,0,1,1,0,0.0,2.275226,premature,0,-1,,1,1,premature,0,-1,,1,1,premature,0,-1,,1,1
adaptive_neither,main,adaptive,0.0,0.0,,0.05,8,0.25,,,P047,P047_pop909_false_ending_pause_396_melody.mid,45f3dedbc0915a84ff315fcf7040e15383bbafbc739845cd8f4e4db11fbe1207,7,3.8673180812499997,1,0,1,1,0,0.0,3.387681,premature,0,-1,,1,1,premature,0,-1,,1,1,premature,0,-1,,1,1
adaptive_neither,main,adaptive,0.0,0.0,,0.05,8,0.25,,,P048,P048_pop909_repetition_tail_234_bridge.mid,8edaf0b3c05cb78569d9801754c34b780426e21b3654154ff150d50ac4c12b59,8,4.000000000000001,1,0,1,1,0,0.0,2.856250,premature,0,-1,,1,1,premature,0,-1,,1,1,premature,0,-1,,1,1
adaptive_neither,main,adaptive,0.0,0.0,,0.05,8,0.25,,,P049,P049_pop909_repetition_tail_282_bridge.mid,b5bf7675db361f16e2641027f14dbd38a665a77edf6ca030a9254be54ddab400,8,5.691775224999999,1,0,1,0,0,0.0,6.941159,late,0,-1,,0,1,late,0,-1,,0,1,success,1,0,1.2493838916666329,0,0
adaptive_neither,main,adaptive,0.0,0.0,,0.05,8,0.25,,,P050,P050_pop909_repetition_tail_340_bridge.mid,92dfb3e992339ebac2e7204e10ece5a799d2ae91faeb4c2a0ff6f5611e0bfbac,8,5.245888,1,0,1,1,0,0.0,3.672151,premature,0,-1,,1,1,premature,0,-1,,1,1,premature,0,-1,,1,1
fixed_300ms,main,fixed,0.08,0.15,0.3,0.05,8,0.25,,,A01,A01_c_pentatonic_balanced.mid,e7a1620ba70d4372e998376d91e2f55590448a9cf5878e969a0f70d410659845,14,4.8,1,0,1,1,0,0.0,1.055000,premature,0,-1,,1,1,premature,0,-1,,1,1,premature,0,-1,,1,1
fixed_300ms,main,fixed,0.08,0.15,0.3,0.05,8,0.25,,,A02,A02_a_minor_pentatonic_question.mid,5166d8996017b0341f9265fc4539b25d09211f1cc291b1e25a4623e68b1bbc0e,12,5.054348499999999,3,2,1,1,0,0.6666666666666666,1.107174,premature,0,-1,,1,1,premature,0,-1,,1,1,premature,0,-1,,1,1
fixed_300ms,main,fixed,0.08,0.15,0.3,0.05,8,0.25,,,A03,A03_a_blues_tension.mid,1c61cef65142077e0ea54a46832f15bf535a35b23c920ee8e40193b877467fd4,13,4.166669999999999,2,1,1,1,0,0.5,2.126668,premature,0,-1,,1,1,premature,0,-1,,1,1,premature,0,-1,,1,1
fixed_300ms,main,fixed,0.08,0.15,0.3,0.05,8,0.25,,,A04,A04_classical_antecedent.mid,3b1b42414601831b09678bb49b714e6512be53f451a517170b48c6c3addb07f1,10,4.6499999999999995,1,0,1,1,0,0.0,0.450000,premature,0,-1,,1,1,premature,0,-1,,1,1,premature,0,-1,,1,1
fixed_300ms,main,fixed,0.08,0.15,0.3,0.05,8,0.25,,,A05,A05_repetition_tail.mid,c615435e6cf9b0af8c8e4a2d9b7f28ccef90f4cc20ddffc10e23c15ec2296b28,12,4.182691749999999,1,0,1,1,0,0.0,1.031923,premature,0,-1,,1,1,premature,0,-1,,1,1,premature,0,-1,,1,1
fixed_300ms,main,fixed,0.08,0.15,0.3,0.05,8,0.25,,,A06,A06_syncopated_pop.mid,25a2a2e4aea59cacc8434b36ae5173bd34aaa66ee7eec8c2e460f3f72addaf0e,12,4.3867945,3,2,1,1,0,0.6666666666666666,1.592076,premature,0,-1,,1,1,premature,0,-1,,1,1,premature,0,-1,,1,1
fixed_300ms,main,fixed,0.08,0.15,0.3,0.05,8,0.25,,,A07,A07_sparse_long_tones.mid,fb6faee9d721a971b5d6388dc979e5a15c26d45366bfef7ade9a8f82eec3358d,6,5.454543999999999,1,0,1,1,0,0.0,0.450000,premature,0,-1,,1,1,premature,0,-1,,1,1,premature,0,-1,,1,1
fixed_300ms,main,fixed,0.08,0.15,0.3,0.05,8,0.25,,,A08,A08_dense_eighth_motion.mid,48faeb92585381b6928f2dc31a3119ec234d815efc25ec9d1ba67538fc3f6b41,16,4.285712000000002,1,0,1,0,0,0.0,4.477855,success,1,0,0.19214299999998996,0,0,success,1,0,0.19214299999998996,0,0,success,1,0,0.19214299999998996,0,0
fixed_300ms,main,fixed,0.08,0.15,0.3,0.05,8,0.25,,,A09,A09_arched_contour.mid,91acd677fdf9a30e64f3584796b5fc38d648b1ddf3785f4d6a6445102c15ee7c,11,4.6875,1,0,1,1,0,0.0,0.450000,premature,0,-1,,1,1,premature,0,-1,,1,1,premature,0,-1,,1,1
fixed_300ms,main,fixed,0.08,0.15,0.3,0.05,8,0.25,,,A10,A10_leap_gap_fill.mid,6639c3bceab3644ea59e759d1e92e76bcc9a082b5edaea30893d44682f7f3a97,13,4.6499999999999995,1,0,1,1,0,0.0,1.660000,premature,0,-1,,1,1,premature,0,-1,,1,1,premature,0,-1,,1,1
fixed_300ms,main,fixed,0.08,0.15,0.3,0.05,8,0.25,,,R01,R01_390-v1.mid,e44793c8c043f7c92184c6189f5e7b1af47c202aaa6df435a76a4d26268313aa,13,4.0,1,0,1,1,0,0.0,1.599583,premature,0,-1,,1,1,premature,0,-1,,1,1,premature,0,-1,,1,1
fixed_300ms,main,fixed,0.08,0.15,0.3,0.05,8,0.25,,,R02,R02_667-v3.mid,af3cbab9e93480a553c9a217fc1abefdf3db788d071132050fca4cbfe862cdaa,8,4.0,1,0,1,1,0,0.0,1.862083,premature,0,-1,,1,1,premature,0,-1,,1,1,premature,0,-1,,1,1
fixed_300ms,main,fixed,0.08,0.15,0.3,0.05,8,0.25,,,R03,R03_174-v2.mid,88f11f634584a21ce30b0dc39c608cde9da43c7936400bba985f8702ecf9e962,12,3.9999999999999996,1,0,1,1,0,0.0,1.807917,premature,0,-1,,1,1,premature,0,-1,,1,1,premature,0,-1,,1,1
fixed_300ms,main,fixed,0.08,0.15,0.3,0.05,8,0.25,,,R04,R04_339-v2.mid,828aff4f088b889d0715fee3e65e9243f89520710a795fa7e4b585407a7da650,9,3.817708333333333,1,0,1,1,0,0.0,2.067292,premature,0,-1,,1,1,premature,0,-1,,1,1,premature,0,-1,,1,1
fixed_300ms,main,fixed,0.08,0.15,0.3,0.05,8,0.25,,,R05,R05_581.mid,766b0c79d6f6905d1c32f244469b14bf48cb861e79ceede6ac2ee1929437dcf4,13,4.0,1,0,1,1,0,0.0,0.571875,premature,0,-1,,1,1,premature,0,-1,,1,1,premature,0,-1,,1,1
fixed_300ms,main,fixed,0.08,0.15,0.3,0.05,8,0.25,,,R06,R06_132-v2.mid,e1ccff44d4528b8e4af0e40bdc4699a89e46169a5a6c766acc8ac50740c17bc4,15,4.0,1,0,1,1,0,0.0,1.404792,premature,0,-1,,1,1,premature,0,-1,,1,1,premature,0,-1,,1,1
fixed_300ms,main,fixed,0.08,0.15,0.3,0.05,8,0.25,,,R07,R07_664-v2.mid,d84d97d7bfa78ff716110978692047e182ce9f01efee7a44f583544e113fed69,11,4.0,1,0,1,1,0,0.0,1.350625,premature,0,-1,,1,1,premature,0,-1,,1,1,premature,0,-1,,1,1
fixed_300ms,main,fixed,0.08,0.15,0.3,0.05,8,0.25,,,R08,R08_266-v1.mid,a60f28e61f3323d5039cd94cdaea65c36ca0311962a73686837cf9dfdde0799d,8,4.0,1,0,1,1,0,0.0,0.450000,premature,0,-1,,1,1,premature,0,-1,,1,1,premature,0,-1,,1,1
fixed_300ms,main,fixed,0.08,0.15,0.3,0.05,8,0.25,,,R09,R09_433.mid,e1f859f9f55ce2a1718a88f1ce5f88ffffd035cd2ac61aeba9f71e42eb3d1658,23,4.000000000000001,4,3,1,0,0,0.75,4.427708,success,1,0,0.4277083333333236,0,0,success,1,0,0.4277083333333236,0,0,success,1,0,0.4277083333333236,0,0
fixed_300ms,main,fixed,0.08,0.15,0.3,0.05,8,0.25,,,R10,R10_039-v2.mid,25635c75dc841999c02ffb9b7d67ef21f421bef585b28e0635701689b574a8f6,11,4.000000000000001,1,0,1,1,0,0.0,3.105833,premature,0,-1,,1,1,premature,0,-1,,1,1,premature,0,-1,,1,1
fixed_300ms,main,fixed,0.08,0.15,0.3,0.05,8,0.25,,,R11,R11_538.mid,676637ee06573aad6e8ea80367346578ac11b8ed36c9f8ce5702eda3643830ab,20,3.921875,2,1,1,0,0,0.5,4.205833,success,1,0,0.28395833333332376,0,0,success,1,0,0.28395833333332376,0,0,success,1,0,0.28395833333332376,0,0
fixed_300ms,main,fixed,0.08,0.15,0.3,0.05,8,0.25,,,R12,R12_457.mid,151dd04bd54d11512876bab817410ae94fb81547894ff0a3b96401968101f6df,13,4.0,1,0,1,1,0,0.0,2.041250,premature,0,-1,,1,1,premature,0,-1,,1,1,premature,0,-1,,1,1
fixed_300ms,main,fixed,0.08,0.15,0.3,0.05,8,0.25,,,R13,R13_353-v1.mid,ef59a3cdc969d70fd54c9cd52a37e30deb9772958305ace368edde9ea5afc7c3,11,4.0,1,0,1,1,0,0.0,1.414167,premature,0,-1,,1,1,premature,0,-1,,1,1,premature,0,-1,,1,1
fixed_300ms,main,fixed,0.08,0.15,0.3,0.05,8,0.25,,,R14,R14_073.mid,6014529ddd8b96a82fd599bf2e0268f5da21dad2080ba59e69de225512a58ee3,12,3.939583333333333,1,0,1,1,0,0.0,2.402708,premature,0,-1,,1,1,premature,0,-1,,1,1,premature,0,-1,,1,1
fixed_300ms,main,fixed,0.08,0.15,0.3,0.05,8,0.25,,,R15,R15_156-v2.mid,d6ae647242ceff286d61867ebb06ee767c382eed20c618f7988a94d4733b7d8d,9,4.0,1,0,1,1,0,0.0,0.621875,premature,0,-1,,1,1,premature,0,-1,,1,1,premature,0,-1,,1,1
fixed_300ms,main,fixed,0.08,0.15,0.3,0.05,8,0.25,,,R16,R16_249.mid,32c21206c709d04269f4de5a9705ca310189a55c657a53ea8612ed3c5ac480dd,8,4.0,1,0,1,1,0,0.0,0.590625,premature,0,-1,,1,1,premature,0,-1,,1,1,premature,0,-1,,1,1
fixed_300ms,main,fixed,0.08,0.15,0.3,0.05,8,0.25,,,R17,R17_319.mid,7b40b95a494f202130093514531c7232c45d539c2a7ebafe5dee64fac4bc0e7e,18,4.0,1,0,1,1,0,0.0,0.505208,premature,0,-1,,1,1,premature,0,-1,,1,1,premature,0,-1,,1,1
fixed_300ms,main,fixed,0.08,0.15,0.3,0.05,8,0.25,,,R18,R18_249.mid,0dc5853f595ca79ae339d76ccf661f166c739dba3b0cb0d66eeb860ef17dd7c0,9,4.0,1,0,1,1,0,0.0,0.590625,premature,0,-1,,1,1,premature,0,-1,,1,1,premature,0,-1,,1,1
fixed_300ms,main,fixed,0.08,0.15,0.3,0.05,8,0.25,,,R19,R19_733.mid,73dc520e4f2e19e784486fb5160d0686a1f7d90b81c9bb57b8e6478f3b2032fe,10,4.0,1,0,1,1,0,0.0,1.299583,premature,0,-1,,1,1,premature,0,-1,,1,1,premature,0,-1,,1,1
fixed_300ms,main,fixed,0.08,0.15,0.3,0.05,8,0.25,,,R20,R20_660.mid,a3a01235dabd1fd09f3b7047e7b59bee8af87f41bc4456aa3e261bc412d6998a,8,3.983333333333334,1,0,1,1,0,0.0,0.742708,premature,0,-1,,1,1,premature,0,-1,,1,1,premature,0,-1,,1,1
fixed_300ms,main,fixed,0.08,0.15,0.3,0.05,8,0.25,,,R21,R21_756-v2.mid,7b479a282dd8ac5742239c1fda08a8a89a1834843d91b2b219beaa12a020ebdc,8,4.0,1,0,1,1,0,0.0,0.540625,premature,0,-1,,1,1,premature,0,-1,,1,1,premature,0,-1,,1,1
fixed_300ms,main,fixed,0.08,0.15,0.3,0.05,8,0.25,,,R22,R22_156.mid,530aaba96af00f7031edd5c0b26b6a257808c3f3d7df6c3d36f325fc29229487,10,4.0,1,0,1,1,0,0.0,1.631875,premature,0,-1,,1,1,premature,0,-1,,1,1,premature,0,-1,,1,1
fixed_300ms,main,fixed,0.08,0.15,0.3,0.05,8,0.25,,,R23,R23_645.mid,4089adb020ffa2aa242ec57c10ef8efd9ad726c8c6bf22e335e91d65a5783ac4,12,3.9999999999999996,2,1,1,1,0,0.5,1.808958,premature,0,-1,,1,1,premature,0,-1,,1,1,premature,0,-1,,1,1
fixed_300ms,main,fixed,0.08,0.15,0.3,0.05,8,0.25,,,R24,R24_242-v2.mid,5a18cae5a6fd996e3688bb05a6723665c26e561d21b88c112d65d4a6bdb51fca,15,4.000000000000001,1,0,1,1,0,0.0,1.271458,premature,0,-1,,1,1,premature,0,-1,,1,1,premature,0,-1,,1,1
fixed_300ms,main,fixed,0.08,0.15,0.3,0.05,8,0.25,,,R25,R25_618-v1.mid,56ff3fa00dc9e75c7913306f4a8cede335d24189bb8e26cfce827120f12743c7,10,4.0,1,0,1,1,0,0.0,2.891250,premature,0,-1,,1,1,premature,0,-1,,1,1,premature,0,-1,,1,1
fixed_300ms,main,fixed,0.08,0.15,0.3,0.05,8,0.25,,,R26,R26_560-v1.mid,f0d0a16aff422f9a5877f2944cdd0b959b4801aa449310959626fa7dbd7a6edb,15,3.951041666666667,1,0,1,1,0,0.0,1.532917,premature,0,-1,,1,1,premature,0,-1,,1,1,premature,0,-1,,1,1
fixed_300ms,main,fixed,0.08,0.15,0.3,0.05,8,0.25,,,R27,R27_735.mid,c6fabc901af844a2236d5a2956bd48e11d7952607af238e872c0dc7f65dbaa6f,16,4.0,1,0,1,1,0,0.0,2.025625,premature,0,-1,,1,1,premature,0,-1,,1,1,premature,0,-1,,1,1
fixed_300ms,main,fixed,0.08,0.15,0.3,0.05,8,0.25,,,R28,R28_804-v3.mid,f2326f94ae3ec36fd956ed7a74f507c37dfaeae99fddbfc7f2cbf87414f92030,11,3.9802083333333336,2,1,1,1,0,0.5,2.341250,premature,0,-1,,1,1,premature,0,-1,,1,1,premature,0,-1,,1,1
fixed_300ms,main,fixed,0.08,0.15,0.3,0.05,8,0.25,,,R29,R29_846-v2.mid,b750d5ab04a7fcc02298fea281e624dbc92dd1640a17037e580bb5b845ab517b,12,4.0,1,0,1,1,0,0.0,2.457917,premature,0,-1,,1,1,premature,0,-1,,1,1,premature,0,-1,,1,1
fixed_300ms,main,fixed,0.08,0.15,0.3,0.05,8,0.25,,,R30,R30_002-v2.mid,3b8c10e5c6886af05080687f0bc745791d33e73b2cec916337c1799e43024254,19,4.0,2,1,1,1,0,0.5,3.157917,premature,0,-1,,1,1,premature,0,-1,,1,1,premature,0,-1,,1,1
fixed_300ms,main,fixed,0.08,0.15,0.3,0.05,8,0.25,,,R31,R31_069-v5.mid,ad5859e7014674fc2b088288d32445f60e2790c868a97bae22f5c6c6f7a9c906,10,4.0,1,0,1,1,0,0.0,0.839583,premature,0,-1,,1,1,premature,0,-1,,1,1,premature,0,-1,,1,1
fixed_300ms,main,fixed,0.08,0.15,0.3,0.05,8,0.25,,,R32,R32_290-v2.mid,b6d63759467030d9561098d602d2077dba3fd2e6533d64bc6401940ec9398bd7,11,4.0,1,0,1,1,0,0.0,0.791667,premature,0,-1,,1,1,premature,0,-1,,1,1,premature,0,-1,,1,1
fixed_300ms,main,fixed,0.08,0.15,0.3,0.05,8,0.25,,,R33,R33_144-v1.mid,14914529875824c38e895baf4969bc1f01031d5a20038d87474333091ce8bf16,21,4.0,3,2,1,0,0,0.6666666666666666,4.448542,success,1,0,0.4485416666666575,0,0,success,1,0,0.4485416666666575,0,0,success,1,0,0.4485416666666575,0,0
fixed_300ms,main,fixed,0.08,0.15,0.3,0.05,8,0.25,,,R34,R34_680-v3.mid,193fa77f9af23482857e237a7f27c3f78c79243d9a1ffca85d491c191040a3d9,15,4.0,2,1,1,1,0,0.5,1.578750,premature,0,-1,,1,1,premature,0,-1,,1,1,premature,0,-1,,1,1
fixed_300ms,main,fixed,0.08,0.15,0.3,0.05,8,0.25,,,R35,R35_436-v2.mid,0db58df01ff0e7ef7665b41a914d45f2c8da7ce346a391eafaadda58c2fbcbd1,8,3.9999999999999996,1,0,1,1,0,0.0,1.604792,premature,0,-1,,1,1,premature,0,-1,,1,1,premature,0,-1,,1,1
fixed_300ms,main,fixed,0.08,0.15,0.3,0.05,8,0.25,,,R36,R36_230.mid,292e936198ef29131aa14fa25acb693df0d1183ea1dde8ce70b941f2378a5b3c,11,4.0,1,0,1,1,0,0.0,1.782917,premature,0,-1,,1,1,premature,0,-1,,1,1,premature,0,-1,,1,1
fixed_300ms,main,fixed,0.08,0.15,0.3,0.05,8,0.25,,,R37,R37_667-v3.mid,3423caa4b45632a7f2c919a198ed678b6eb9786448d01e549dc32a5398afcf9f,7,4.0,1,0,1,1,0,0.0,0.602083,premature,0,-1,,1,1,premature,0,-1,,1,1,premature,0,-1,,1,1
fixed_300ms,main,fixed,0.08,0.15,0.3,0.05,8,0.25,,,R38,R38_136.mid,3abb38ce19d8de517c62b2014f88ea09cffbe9e6bf5ed9c01ed0c1155a8acbe5,14,4.0,1,0,1,1,0,0.0,1.380833,premature,0,-1,,1,1,premature,0,-1,,1,1,premature,0,-1,,1,1
fixed_300ms,main,fixed,0.08,0.15,0.3,0.05,8,0.25,,,R39,R39_578-v3.mid,fceb1f97ce180f42e04547ff0aa0b9478cd06770ac604a3832d919926ad92aa7,16,4.0,2,1,1,0,0,0.5,4.458958,success,1,0,0.4589583333333236,0,0,success,1,0,0.4589583333333236,0,0,success,1,0,0.4589583333333236,0,0
fixed_300ms,main,fixed,0.08,0.15,0.3,0.05,8,0.25,,,R40,R40_454.mid,d848f11068ba98d752767ac7826bc58b93c22e9b031ee710f0fae41eccde2eec,12,3.9187499999999997,1,0,1,1,0,0.0,2.294375,premature,0,-1,,1,1,premature,0,-1,,1,1,premature,0,-1,,1,1
fixed_300ms,main,fixed,0.08,0.15,0.3,0.05,8,0.25,,,P001,P001_pop909_clear_motif_melody_298_bridge.mid,8b00372060ba7b623d803e3af7e70f5ef60b65f66816ad377f725005f4c84fa9,10,4.948456,2,1,1,1,0,0.5,1.098042,premature,0,-1,,1,1,premature,0,-1,,1,1,premature,0,-1,,1,1
fixed_300ms,main,fixed,0.08,0.15,0.3,0.05,8,0.25,,,P002,P002_pop909_clear_motif_melody_248_bridge.mid,ccb942640a73e3e0122c796c0971c8f675a924861614fa62562f002ab9ef196d,10,3.478248,3,2,1,1,0,0.6666666666666666,1.538800,premature,0,-1,,1,1,premature,0,-1,,1,1,premature,0,-1,,1,1
fixed_300ms,main,fixed,0.08,0.15,0.3,0.05,8,0.25,,,P003,P003_pop909_clear_motif_melody_339_melody.mid,628d1079f63c4bf7a08c4ee78f0765919be119f7b82f8dc3ffde83afbb2238ec,10,6.3124899,4,3,1,1,0,0.75,1.888817,premature,0,-1,,1,1,premature,0,-1,,1,1,premature,0,-1,,1,1
fixed_300ms,main,fixed,0.08,0.15,0.3,0.05,8,0.25,,,P004,P004_pop909_clear_motif_melody_268_melody.mid,e1ad81a5ae674340b836f4d87a0f82f0920845ccc4214feb28ccf9b9603f0948,10,8.0,1,0,1,1,0,0.0,0.787500,premature,0,-1,,1,1,premature,0,-1,,1,1,premature,0,-1,,1,1
fixed_300ms,main,fixed,0.08,0.15,0.3,0.05,8,0.25,,,P005,P005_pop909_clear_motif_melody_021_melody.mid,a1fe99526a41a4b56b5a507d209dd13d4105ef53e85d25dd53ce7e9ee5915ff3,10,4.13157275,1,0,1,1,0,0.0,0.807456,premature,0,-1,,1,1,premature,0,-1,,1,1,premature,0,-1,,1,1
fixed_300ms,main,fixed,0.08,0.15,0.3,0.05,8,0.25,,,P006,P006_pop909_clear_motif_melody_220_melody.mid,81d85ebdbdb62cf3dd0eb82602b7fe26907e395242e71f5bb78ef112438b09cc,10,3.870936,1,0,1,1,0,0.0,1.625313,premature,0,-1,,1,1,premature,0,-1,,1,1,premature,0,-1,,1,1
fixed_300ms,main,fixed,0.08,0.15,0.3,0.05,8,0.25,,,P007,P007_pop909_clear_motif_melody_273_melody.mid,b6f10983b8aa291a839fc6e5232bc1920fa3b1e354e6e03e788a7a6b17af9d59,10,6.48648,4,3,1,1,0,0.75,2.230268,premature,0,-1,,1,1,premature,0,-1,,1,1,premature,0,-1,,1,1
fixed_300ms,main,fixed,0.08,0.15,0.3,0.05,8,0.25,,,P008,P008_pop909_clear_motif_melody_713_melody.mid,cc0088d140a0c7f748d7a717a6f796eed7338f6a4d8889e8e2eebd7fab8f8f51,10,5.454544,1,0,1,1,0,0.0,1.041648,premature,0,-1,,1,1,premature,0,-1,,1,1,premature,0,-1,,1,1
fixed_300ms,main,fixed,0.08,0.15,0.3,0.05,8,0.25,,,P009,P009_pop909_clear_motif_melody_328_melody.mid,e8885a270c794ef4d50b9e6e050e3a0d3d8301d178169d86d88126123dbf06e2,10,5.333328,4,3,1,1,0,0.75,1.534999,premature,0,-1,,1,1,premature,0,-1,,1,1,premature,0,-1,,1,1
fixed_300ms,main,fixed,0.08,0.15,0.3,0.05,8,0.25,,,P010,P010_pop909_clear_motif_melody_407_melody.mid,42e7658af7a87529d58b908a6d60cc195eeb297cdd129a98e1cb2649ce5aecce,10,6.15,1,0,1,1,0,0.0,0.497917,premature,0,-1,,1,1,premature,0,-1,,1,1,premature,0,-1,,1,1
fixed_300ms,main,fixed,0.08,0.15,0.3,0.05,8,0.25,,,P011,P011_pop909_clear_motif_melody_119_melody.mid,896c48c32a15cf85bd286aa4436d0a697c9a91692eb0fb128687d212976619d5,10,7.272728,2,1,1,1,0,0.5,1.778182,premature,0,-1,,1,1,premature,0,-1,,1,1,premature,0,-1,,1,1
fixed_300ms,main,fixed,0.08,0.15,0.3,0.05,8,0.25,,,P012,P012_pop909_clear_motif_melody_188_melody.mid,54bf4eb2f8bff2ccd5d214afc84523384678bdefdf3145e821781182c58bc003,10,4.363632000000001,1,0,1,1,0,0.0,1.015227,premature,0,-1,,1,1,premature,0,-1,,1,1,premature,0,-1,,1,1
fixed_300ms,main,fixed,0.08,0.15,0.3,0.05,8,0.25,,,P013,P013_pop909_expressive_rubato_203_bridge.mid,d94792fd3118efad79013d413549904951e6acf204434771004ef7b6bac68e4a,9,3.000000000000001,1,0,1,1,0,0.0,1.028958,premature,0,-1,,1,1,premature,0,-1,,1,1,premature,0,-1,,1,1
fixed_300ms,main,fixed,0.08,0.15,0.3,0.05,8,0.25,,,P014,P014_pop909_expressive_rubato_203_bridge.mid,d78dea53ea8b5558568755412ec7c72b704ce448c1990fbb631bad2aba3c7411,9,3.0,1,0,1,1,0,0.0,1.028958,premature,0,-1,,1,1,premature,0,-1,,1,1,premature,0,-1,,1,1
fixed_300ms,main,fixed,0.08,0.15,0.3,0.05,8,0.25,,,P015,P015_pop909_expressive_rubato_263_bridge.mid,fdbb28e369fed211abc0a0b53b2006a331c357c454f4284639fd36961d3aac40,16,5.333328000000002,1,0,1,1,0,0.0,0.605555,premature,0,-1,,1,1,premature,0,-1,,1,1,premature,0,-1,,1,1
fixed_300ms,main,fixed,0.08,0.15,0.3,0.05,8,0.25,,,P016,P016_pop909_expressive_rubato_617_bridge.mid,37d4c7b2c4a5856f926b9e67a662ac676aa83beca73c7dfc2dd6c188e52a38a4,4,1.3348119999999997,1,0,1,1,0,0.0,0.605728,premature,0,-1,,1,1,premature,0,-1,,1,1,premature,0,-1,,1,1
fixed_300ms,main,fixed,0.08,0.15,0.3,0.05,8,0.25,,,P017,P017_pop909_expressive_rubato_178_bridge.mid,cfbf91b1d04e90e9d2e6b6f7ddd9fc480393f1166fde55646495523c989f5d8e,20,6.760552000000001,2,1,1,1,0,0.5,1.074717,premature,0,-1,,1,1,premature,0,-1,,1,1,premature,0,-1,,1,1
fixed_300ms,main,fixed,0.08,0.15,0.3,0.05,8,0.25,,,P018,P018_pop909_expressive_rubato_191_bridge.mid,b6e56889014ca3786b340c447e92d66f50ed149b21600186179487f5799f9b73,22,7.272727999999999,1,0,1,1,0,0.0,0.565530,premature,0,-1,,1,1,premature,0,-1,,1,1,premature,0,-1,,1,1
fixed_300ms,main,fixed,0.08,0.15,0.3,0.05,8,0.25,,,P019,P019_pop909_expressive_rubato_178_bridge.mid,51d4e82b5c0b217263d7a849828b0f05a8411876b0a87f85f4c175bf27767739,20,6.760551999999999,1,0,1,1,0,0.0,1.074717,premature,0,-1,,1,1,premature,0,-1,,1,1,premature,0,-1,,1,1
fixed_300ms,main,fixed,0.08,0.15,0.3,0.05,8,0.25,,,P020,P020_pop909_expressive_rubato_212_bridge.mid,6f5eee7b1684521d31dac9b4e36649e423a8ce813df0a5f142967525e2bf2e17,17,5.783128,1,0,1,1,0,0.0,0.493675,premature,0,-1,,1,1,premature,0,-1,,1,1,premature,0,-1,,1,1
fixed_300ms,main,fixed,0.08,0.15,0.3,0.05,8,0.25,,,P021,P021_pop909_chord_arpeggio_polyphonic_227_piano.mid,41b21fee0bca14bd00917fcf3d879b2fcebb9856fef2228a36e0b912e58444c9,18,7.1641759999999985,13,12,1,0,0,0.9230769230769231,7.441340,success,1,0,0.2771642583333236,0,0,success,1,0,0.2771642583333236,0,0,success,1,0,0.2771642583333236,0,0
fixed_300ms,main,fixed,0.08,0.15,0.3,0.05,8,0.25,,,P022,P022_pop909_chord_arpeggio_polyphonic_003_piano.mid,ea9963c2ef0400f7458ed0b378c21cc36273462aabccb9685efcd21625bbdcfd,19,2.9268239999999985,4,3,1,1,0,0.75,2.495057,premature,0,-1,,1,1,premature,0,-1,,1,1,premature,0,-1,,1,1
fixed_300ms,main,fixed,0.08,0.15,0.3,0.05,8,0.25,,,P023,P023_pop909_chord_arpeggio_polyphonic_222_piano.mid,bddeab49734bbbb17982dc09bdfaac6a8c2e1a112b7fd3464c5e7c9deadcfc94,19,6.1538400000000015,1,0,1,1,0,0.0,1.083204,premature,0,-1,,1,1,premature,0,-1,,1,1,premature,0,-1,,1,1
fixed_300ms,main,fixed,0.08,0.15,0.3,0.05,8,0.25,,,P024,P024_pop909_chord_arpeggio_polyphonic_287_piano.mid,ec7a6fe844d8678913cee3e05d68bc85d02d45d316e498dcfe79e58c814953c2,26,6.9347729000000005,1,0,1,1,0,0.0,0.625724,premature,0,-1,,1,1,premature,0,-1,,1,1,premature,0,-1,,1,1
fixed_300ms,main,fixed,0.08,0.15,0.3,0.05,8,0.25,,,P025,P025_pop909_chord_arpeggio_polyphonic_566_piano.mid,52dae62297b7cdeff27e0bea0925c8bebbbb999e9935efba566c8ffc51c206e8,22,5.783128,15,14,1,0,0,0.9333333333333333,6.062405,success,1,0,0.27927724999999004,0,0,success,1,0,0.27927724999999004,0,0,success,1,0,0.27927724999999004,0,0
fixed_300ms,main,fixed,0.08,0.15,0.3,0.05,8,0.25,,,P026,P026_pop909_chord_arpeggio_polyphonic_106_piano.mid,5a21694b1c7abc6be7e5c6ee6dd6611dbca54dacb44c602d9f7dc226f5eaad89,28,7.1641759999999985,3,2,1,1,0,0.6666666666666666,3.473058,premature,0,-1,,1,1,premature,0,-1,,1,1,premature,0,-1,,1,1
fixed_300ms,main,fixed,0.08,0.15,0.3,0.05,8,0.25,,,P027,P027_pop909_chord_arpeggio_polyphonic_218_piano.mid,3d2716434e914a4c1b7b0fee64a762d631c9eb844e328c4f880eb95f36c370a6,32,7.0588159999999975,2,1,1,1,0,0.5,1.010146,premature,0,-1,,1,1,premature,0,-1,,1,1,premature,0,-1,,1,1
fixed_300ms,main,fixed,0.08,0.15,0.3,0.05,8,0.25,,,P028,P028_pop909_chord_arpeggio_polyphonic_242_piano.mid,cd5c6e16ed3247ea34a6331d4c2e4dd980c5793b2def6bf2d11ae3b4d6d7560e,27,7.868856,1,0,1,1,0,0.0,2.269427,premature,0,-1,,1,1,premature,0,-1,,1,1,premature,0,-1,,1,1
fixed_300ms,main,fixed,0.08,0.15,0.3,0.05,8,0.25,,,P029,P029_pop909_sparse_short_062_melody.mid,de331be603af62c8ecaeb6b4de4413d0dfe0f3c4a24efa36a90905ae0bb82a26,3,3.24324,1,0,1,1,0,0.0,1.764053,premature,0,-1,,1,1,premature,0,-1,,1,1,premature,0,-1,,1,1
fixed_300ms,main,fixed,0.08,0.15,0.3,0.05,8,0.25,,,P030,P030_pop909_sparse_short_062_melody.mid,f2c561cfdf3ae696074a8292cfd9b6e91d18a740bb99c9c5ad4661e2b5225717,3,2.12837625,1,0,1,1,0,0.0,0.943243,premature,0,-1,,1,1,premature,0,-1,,1,1,premature,0,-1,,1,1
fixed_300ms,main,fixed,0.08,0.15,0.3,0.05,8,0.25,,,P031,P031_pop909_sparse_short_062_melody.mid,113bb580ca65ca779549df831e3b90b62932fe9eb9935891172b6636ee9e6079,3,3.24324,1,0,1,1,0,0.0,1.764053,premature,0,-1,,1,1,premature,0,-1,,1,1,premature,0,-1,,1,1
fixed_300ms,main,fixed,0.08,0.15,0.3,0.05,8,0.25,,,P032,P032_pop909_sparse_short_062_melody.mid,2638d2ec8832338b8f57a7147f9874c863c36279707599ffbd8782269c399746,3,3.24324,1,0,1,1,0,0.0,1.764053,premature,0,-1,,1,1,premature,0,-1,,1,1,premature,0,-1,,1,1
fixed_300ms,main,fixed,0.08,0.15,0.3,0.05,8,0.25,,,P033,P033_pop909_sparse_short_062_melody.mid,dcf51fe0bedf2f9e1acede760976dcde4a78650e163ec3c6ce86d970b4cc65c3,3,3.24324,1,0,1,1,0,0.0,1.764053,premature,0,-1,,1,1,premature,0,-1,,1,1,premature,0,-1,,1,1
fixed_300ms,main,fixed,0.08,0.15,0.3,0.05,8,0.25,,,P034,P034_pop909_dense_fast_095_bridge.mid,1eec4634489ebc2145d5d07f86a58778c994982c97d2dd5704238989cafe8164,49,1.7610275333333312,1,0,1,0,0,0.0,2.200807,success,1,0,0.4397794333333236,0,0,success,1,0,0.4397794333333236,0,0,success,1,0,0.4397794333333236,0,0
fixed_300ms,main,fixed,0.08,0.15,0.3,0.05,8,0.25,,,P035,P035_pop909_dense_fast_351_bridge.mid,cce631ae36062ea5c6c5856ce61c72dee517b0d26fc59e569c45986becb91fa5,28,1.0351939999999993,1,0,1,0,0,0.0,1.422946,success,1,0,0.3877520854166576,0,0,success,1,0,0.3877520854166576,0,0,success,1,0,0.3877520854166576,0,0
fixed_300ms,main,fixed,0.08,0.15,0.3,0.05,8,0.25,,,P036,P036_pop909_dense_fast_095_bridge.mid,8d7b860e3c98cfc78be2b1d435ac9d52da48b3df427707b2c9dc6e28266f4b58,38,1.6801452666666645,1,0,1,0,0,0.0,2.112572,success,1,0,0.4324264999999905,0,0,success,1,0,0.4324264999999905,0,0,success,1,0,0.4324264999999905,0,0
fixed_300ms,main,fixed,0.08,0.15,0.3,0.05,8,0.25,,,P037,P037_pop909_dense_fast_095_bridge.mid,14ee870cca3317109b67f85cc0241e6678d38b8efed31130577d8d722e145a58,30,0.7977932666666666,1,0,1,0,0,0.0,1.230220,success,1,0,0.4324264999999953,0,0,success,1,0,0.4324264999999953,0,0,success,1,0,0.4324264999999953,0,0
fixed_300ms,main,fixed,0.08,0.15,0.3,0.05,8,0.25,,,P038,P038_pop909_dense_fast_727_bridge.mid,4cec022a9c9e7dd2ec868ae3124b7089c195126defe23b8a3d440d2c7bbaf873,45,1.2854942770833329,1,0,1,0,0,0.0,1.703828,success,1,0,0.41833331874999025,0,0,success,1,0,0.41833331874999025,0,0,success,1,0,0.41833331874999025,0,0
fixed_300ms,main,fixed,0.08,0.15,0.3,0.05,8,0.25,,,P039,P039_pop909_chromatic_outside_789_piano.mid,89dc01789fe23c4372b236cc806e6567b05346295e667c74639aa4642a3e304b,16,7.272728,1,0,1,1,0,0.0,1.388030,premature,0,-1,,1,1,premature,0,-1,,1,1,premature,0,-1,,1,1
fixed_300ms,main,fixed,0.08,0.15,0.3,0.05,8,0.25,,,P040,P040_pop909_chromatic_outside_064_piano.mid,76f70f424a678deaed9e02ef3b85db1c47a828b39689b0fb75fd6c5cd5f84a3f,23,7.562499999999999,1,0,1,1,0,0.0,1.743333,premature,0,-1,,1,1,premature,0,-1,,1,1,premature,0,-1,,1,1
fixed_300ms,main,fixed,0.08,0.15,0.3,0.05,8,0.25,,,P041,P041_pop909_chromatic_outside_796_piano.mid,5313ed35276167210c99ca9b0d50773ad1c5a71997072b20b1653efba88eb36f,20,6.486488,16,15,1,0,0,0.9375,6.826556,success,1,0,0.34006753958332325,0,0,success,1,0,0.34006753958332325,0,0,success,1,0,0.34006753958332325,0,0
fixed_300ms,main,fixed,0.08,0.15,0.3,0.05,8,0.25,,,P042,P042_pop909_chromatic_outside_254_piano.mid,dfb97d893bd303a0043e98fe7c14dc376233ce114864c10be992cad37ef88538,24,3.3027539999999993,1,0,1,1,0,0.0,1.830414,premature,0,-1,,1,1,premature,0,-1,,1,1,premature,0,-1,,1,1
fixed_300ms,main,fixed,0.08,0.15,0.3,0.05,8,0.25,,,P043,P043_pop909_chromatic_outside_311_bridge.mid,8bb993a52d683a9b093e77f22d9fa6d3df633472edafb5a0056e4e19b5852902,14,7.5,4,3,1,1,0,0.75,1.545937,premature,0,-1,,1,1,premature,0,-1,,1,1,premature,0,-1,,1,1
fixed_300ms,main,fixed,0.08,0.15,0.3,0.05,8,0.25,,,P044,P044_pop909_false_ending_pause_322_bridge.mid,92fa6bc714e6881f40bd275254b082416486b9d155453539c6e2e9cce641a65c,7,4.633333333333333,3,2,1,1,0,0.6666666666666666,1.360000,premature,0,-1,,1,1,premature,0,-1,,1,1,premature,0,-1,,1,1
fixed_300ms,main,fixed,0.08,0.15,0.3,0.05,8,0.25,,,P045,P045_pop909_false_ending_pause_008_bridge.mid,28ee69826748317d665163811014939ed01825addd8f2c9505d27364a6b4adc8,7,4.876923483333333,1,0,1,1,0,0.0,0.711538,premature,0,-1,,1,1,premature,0,-1,,1,1,premature,0,-1,,1,1
fixed_300ms,main,fixed,0.08,0.15,0.3,0.05,8,0.25,,,P046,P046_pop909_false_ending_pause_253_bridge.mid,0e6ab6a38b763c541fa954510aaf319efab974b676865fe44aaa2c2338435f50,7,5.9943121875,2,1,1,1,0,0.5,0.989772,premature,0,-1,,1,1,premature,0,-1,,1,1,premature,0,-1,,1,1
fixed_300ms,main,fixed,0.08,0.15,0.3,0.05,8,0.25,,,P047,P047_pop909_false_ending_pause_396_melody.mid,45f3dedbc0915a84ff315fcf7040e15383bbafbc739845cd8f4e4db11fbe1207,7,3.8673180812499997,3,2,1,1,0,0.6666666666666666,1.501899,premature,0,-1,,1,1,premature,0,-1,,1,1,premature,0,-1,,1,1
fixed_300ms,main,fixed,0.08,0.15,0.3,0.05,8,0.25,,,P048,P048_pop909_repetition_tail_234_bridge.mid,8edaf0b3c05cb78569d9801754c34b780426e21b3654154ff150d50ac4c12b59,8,4.000000000000001,3,2,1,1,0,0.6666666666666666,2.566250,premature,0,-1,,1,1,premature,0,-1,,1,1,premature,0,-1,,1,1
fixed_300ms,main,fixed,0.08,0.15,0.3,0.05,8,0.25,,,P049,P049_pop909_repetition_tail_282_bridge.mid,b5bf7675db361f16e2641027f14dbd38a665a77edf6ca030a9254be54ddab400,8,5.691775224999999,4,3,1,1,0,0.75,3.350408,premature,0,-1,,1,1,premature,0,-1,,1,1,premature,0,-1,,1,1
fixed_300ms,main,fixed,0.08,0.15,0.3,0.05,8,0.25,,,P050,P050_pop909_repetition_tail_340_bridge.mid,92dfb3e992339ebac2e7204e10ece5a799d2ae91faeb4c2a0ff6f5611e0bfbac,8,5.245888,4,3,1,1,0,0.75,3.147151,premature,0,-1,,1,1,premature,0,-1,,1,1,premature,0,-1,,1,1
fixed_500ms,main,fixed,0.08,0.15,0.5,0.05,8,0.25,,,A01,A01_c_pentatonic_balanced.mid,e7a1620ba70d4372e998376d91e2f55590448a9cf5878e969a0f70d410659845,14,4.8,3,2,1,0,0,0.6666666666666666,5.010000,success,1,0,0.20999999999998575,0,0,success,1,0,0.20999999999998575,0,0,success,1,0,0.20999999999998575,0,0
fixed_500ms,main,fixed,0.08,0.15,0.5,0.05,8,0.25,,,A02,A02_a_minor_pentatonic_question.mid,5166d8996017b0341f9265fc4539b25d09211f1cc291b1e25a4623e68b1bbc0e,12,5.054348499999999,4,3,1,0,0,0.75,5.062174,success,1,0,0.007825999999986344,0,0,success,1,0,0.007825999999986344,0,0,success,1,0,0.007825999999986344,0,0
fixed_500ms,main,fixed,0.08,0.15,0.5,0.05,8,0.25,,,A03,A03_a_blues_tension.mid,1c61cef65142077e0ea54a46832f15bf535a35b23c920ee8e40193b877467fd4,13,4.166669999999999,3,2,1,0,0,0.6666666666666666,4.271114,success,1,0,0.10444399999998666,0,0,success,1,0,0.10444399999998666,0,0,success,1,0,0.10444399999998666,0,0
fixed_500ms,main,fixed,0.08,0.15,0.5,0.05,8,0.25,,,A04,A04_classical_antecedent.mid,3b1b42414601831b09678bb49b714e6512be53f451a517170b48c6c3addb07f1,10,4.6499999999999995,3,2,1,1,0,0.6666666666666666,1.860000,premature,0,-1,,1,1,premature,0,-1,,1,1,premature,0,-1,,1,1
fixed_500ms,main,fixed,0.08,0.15,0.5,0.05,8,0.25,,,A05,A05_repetition_tail.mid,c615435e6cf9b0af8c8e4a2d9b7f28ccef90f4cc20ddffc10e23c15ec2296b28,12,4.182691749999999,2,1,1,1,0,0.5,2.679230,premature,0,-1,,1,1,premature,0,-1,,1,1,premature,0,-1,,1,1
fixed_500ms,main,fixed,0.08,0.15,0.5,0.05,8,0.25,,,A06,A06_syncopated_pop.mid,25a2a2e4aea59cacc8434b36ae5173bd34aaa66ee7eec8c2e460f3f72addaf0e,12,4.3867945,1,0,1,0,0,0.0,4.763775,success,1,0,0.3769809999999856,0,0,success,1,0,0.3769809999999856,0,0,success,1,0,0.3769809999999856,0,0
fixed_500ms,main,fixed,0.08,0.15,0.5,0.05,8,0.25,,,A07,A07_sparse_long_tones.mid,fb6faee9d721a971b5d6388dc979e5a15c26d45366bfef7ade9a8f82eec3358d,6,5.454543999999999,1,0,1,1,0,0.0,0.650000,premature,0,-1,,1,1,premature,0,-1,,1,1,premature,0,-1,,1,1
fixed_500ms,main,fixed,0.08,0.15,0.5,0.05,8,0.25,,,A08,A08_dense_eighth_motion.mid,48faeb92585381b6928f2dc31a3119ec234d815efc25ec9d1ba67538fc3f6b41,16,4.285712000000002,1,0,1,0,0,0.0,4.677855,success,1,0,0.3921429999999857,0,0,success,1,0,0.3921429999999857,0,0,success,1,0,0.3921429999999857,0,0
fixed_500ms,main,fixed,0.08,0.15,0.5,0.05,8,0.25,,,A09,A09_arched_contour.mid,91acd677fdf9a30e64f3584796b5fc38d648b1ddf3785f4d6a6445102c15ee7c,11,4.6875,1,0,1,1,0,0.0,2.535000,premature,0,-1,,1,1,premature,0,-1,,1,1,premature,0,-1,,1,1
fixed_500ms,main,fixed,0.08,0.15,0.5,0.05,8,0.25,,,A10,A10_leap_gap_fill.mid,6639c3bceab3644ea59e759d1e92e76bcc9a082b5edaea30893d44682f7f3a97,13,4.6499999999999995,3,2,1,0,0,0.6666666666666666,4.860000,success,1,0,0.20999999999998575,0,0,success,1,0,0.20999999999998575,0,0,success,1,0,0.20999999999998575,0,0
fixed_500ms,main,fixed,0.08,0.15,0.5,0.05,8,0.25,,,R01,R01_390-v1.mid,e44793c8c043f7c92184c6189f5e7b1af47c202aaa6df435a76a4d26268313aa,13,4.0,1,0,1,1,0,0.0,1.799583,premature,0,-1,,1,1,premature,0,-1,,1,1,premature,0,-1,,1,1
fixed_500ms,main,fixed,0.08,0.15,0.5,0.05,8,0.25,,,R02,R02_667-v3.mid,af3cbab9e93480a553c9a217fc1abefdf3db788d071132050fca4cbfe862cdaa,8,4.0,1,0,1,1,0,0.0,3.812083,premature,0,-1,,1,1,premature,0,-1,,1,1,premature,0,-1,,1,1
fixed_500ms,main,fixed,0.08,0.15,0.5,0.05,8,0.25,,,R03,R03_174-v2.mid,88f11f634584a21ce30b0dc39c608cde9da43c7936400bba985f8702ecf9e962,12,3.9999999999999996,1,0,1,1,0,0.0,2.007917,premature,0,-1,,1,1,premature,0,-1,,1,1,premature,0,-1,,1,1
fixed_500ms,main,fixed,0.08,0.15,0.5,0.05,8,0.25,,,R04,R04_339-v2.mid,828aff4f088b889d0715fee3e65e9243f89520710a795fa7e4b585407a7da650,9,3.817708333333333,1,0,1,0,0,0.0,4.267292,success,1,0,0.4495833333333197,0,0,success,1,0,0.4495833333333197,0,0,success,1,0,0.4495833333333197,0,0
fixed_500ms,main,fixed,0.08,0.15,0.5,0.05,8,0.25,,,R05,R05_581.mid,766b0c79d6f6905d1c32f244469b14bf48cb861e79ceede6ac2ee1929437dcf4,13,4.0,1,0,1,0,0,0.0,4.531875,late,0,-1,,0,1,success,1,0,0.5318749999999861,0,0,success,1,0,0.5318749999999861,0,0
fixed_500ms,main,fixed,0.08,0.15,0.5,0.05,8,0.25,,,R06,R06_132-v2.mid,e1ccff44d4528b8e4af0e40bdc4699a89e46169a5a6c766acc8ac50740c17bc4,15,4.0,1,0,1,1,0,0.0,1.604792,premature,0,-1,,1,1,premature,0,-1,,1,1,premature,0,-1,,1,1
fixed_500ms,main,fixed,0.08,0.15,0.5,0.05,8,0.25,,,R07,R07_664-v2.mid,d84d97d7bfa78ff716110978692047e182ce9f01efee7a44f583544e113fed69,11,4.0,1,0,1,1,0,0.0,2.550625,premature,0,-1,,1,1,premature,0,-1,,1,1,premature,0,-1,,1,1
fixed_500ms,main,fixed,0.08,0.15,0.5,0.05,8,0.25,,,R08,R08_266-v1.mid,a60f28e61f3323d5039cd94cdaea65c36ca0311962a73686837cf9dfdde0799d,8,4.0,1,0,1,1,0,0.0,3.660000,premature,0,-1,,1,1,premature,0,-1,,1,1,premature,0,-1,,1,1
fixed_500ms,main,fixed,0.08,0.15,0.5,0.05,8,0.25,,,R09,R09_433.mid,e1f859f9f55ce2a1718a88f1ce5f88ffffd035cd2ac61aeba9f71e42eb3d1658,23,4.000000000000001,1,0,1,0,0,0.0,4.627708,late,0,-1,,0,1,success,1,0,0.6277083333333193,0,0,success,1,0,0.6277083333333193,0,0
fixed_500ms,main,fixed,0.08,0.15,0.5,0.05,8,0.25,,,R10,R10_039-v2.mid,25635c75dc841999c02ffb9b7d67ef21f421bef585b28e0635701689b574a8f6,11,4.000000000000001,1,0,1,1,0,0.0,3.305833,premature,0,-1,,1,1,premature,0,-1,,1,1,premature,0,-1,,1,1
fixed_500ms,main,fixed,0.08,0.15,0.5,0.05,8,0.25,,,R11,R11_538.mid,676637ee06573aad6e8ea80367346578ac11b8ed36c9f8ce5702eda3643830ab,20,3.921875,1,0,1,0,0,0.0,4.405833,success,1,0,0.4839583333333195,0,0,success,1,0,0.4839583333333195,0,0,success,1,0,0.4839583333333195,0,0
fixed_500ms,main,fixed,0.08,0.15,0.5,0.05,8,0.25,,,R12,R12_457.mid,151dd04bd54d11512876bab817410ae94fb81547894ff0a3b96401968101f6df,13,4.0,1,0,1,1,0,0.0,2.241250,premature,0,-1,,1,1,premature,0,-1,,1,1,premature,0,-1,,1,1
fixed_500ms,main,fixed,0.08,0.15,0.5,0.05,8,0.25,,,R13,R13_353-v1.mid,ef59a3cdc969d70fd54c9cd52a37e30deb9772958305ace368edde9ea5afc7c3,11,4.0,1,0,1,1,0,0.0,1.614167,premature,0,-1,,1,1,premature,0,-1,,1,1,premature,0,-1,,1,1
fixed_500ms,main,fixed,0.08,0.15,0.5,0.05,8,0.25,,,R14,R14_073.mid,6014529ddd8b96a82fd599bf2e0268f5da21dad2080ba59e69de225512a58ee3,12,3.939583333333333,2,1,1,0,0,0.5,4.477708,late,0,-1,,0,1,success,1,0,0.5381249999999858,0,0,success,1,0,0.5381249999999858,0,0
fixed_500ms,main,fixed,0.08,0.15,0.5,0.05,8,0.25,,,R15,R15_156-v2.mid,d6ae647242ceff286d61867ebb06ee767c382eed20c618f7988a94d4733b7d8d,9,4.0,1,0,1,1,0,0.0,3.331875,premature,0,-1,,1,1,premature,0,-1,,1,1,premature,0,-1,,1,1
fixed_500ms,main,fixed,0.08,0.15,0.5,0.05,8,0.25,,,R16,R16_249.mid,32c21206c709d04269f4de5a9705ca310189a55c657a53ea8612ed3c5ac480dd,8,4.0,1,0,1,1,0,0.0,0.790625,premature,0,-1,,1,1,premature,0,-1,,1,1,premature,0,-1,,1,1
fixed_500ms,main,fixed,0.08,0.15,0.5,0.05,8,0.25,,,R17,R17_319.mid,7b40b95a494f202130093514531c7232c45d539c2a7ebafe5dee64fac4bc0e7e,18,4.0,1,0,1,1,0,0.0,0.705208,premature,0,-1,,1,1,premature,0,-1,,1,1,premature,0,-1,,1,1
fixed_500ms,main,fixed,0.08,0.15,0.5,0.05,8,0.25,,,R18,R18_249.mid,0dc5853f595ca79ae339d76ccf661f166c739dba3b0cb0d66eeb860ef17dd7c0,9,4.0,1,0,1,1,0,0.0,3.800625,premature,0,-1,,1,1,premature,0,-1,,1,1,premature,0,-1,,1,1
fixed_500ms,main,fixed,0.08,0.15,0.5,0.05,8,0.25,,,R19,R19_733.mid,73dc520e4f2e19e784486fb5160d0686a1f7d90b81c9bb57b8e6478f3b2032fe,10,4.0,1,0,1,1,0,0.0,1.499583,premature,0,-1,,1,1,premature,0,-1,,1,1,premature,0,-1,,1,1
fixed_500ms,main,fixed,0.08,0.15,0.5,0.05,8,0.25,,,R20,R20_660.mid,a3a01235dabd1fd09f3b7047e7b59bee8af87f41bc4456aa3e261bc412d6998a,8,3.983333333333334,1,0,1,1,0,0.0,0.942708,premature,0,-1,,1,1,premature,0,-1,,1,1,premature,0,-1,,1,1
fixed_500ms,main,fixed,0.08,0.15,0.5,0.05,8,0.25,,,R21,R21_756-v2.mid,7b479a282dd8ac5742239c1fda08a8a89a1834843d91b2b219beaa12a020ebdc,8,4.0,1,0,1,1,0,0.0,1.750625,premature,0,-1,,1,1,premature,0,-1,,1,1,premature,0,-1,,1,1
fixed_500ms,main,fixed,0.08,0.15,0.5,0.05,8,0.25,,,R22,R22_156.mid,530aaba96af00f7031edd5c0b26b6a257808c3f3d7df6c3d36f325fc29229487,10,4.0,1,0,1,1,0,0.0,3.331875,premature,0,-1,,1,1,premature,0,-1,,1,1,premature,0,-1,,1,1
fixed_500ms,main,fixed,0.08,0.15,0.5,0.05,8,0.25,,,R23,R23_645.mid,4089adb020ffa2aa242ec57c10ef8efd9ad726c8c6bf22e335e91d65a5783ac4,12,3.9999999999999996,2,1,1,1,0,0.5,3.008958,premature,0,-1,,1,1,premature,0,-1,,1,1,premature,0,-1,,1,1
fixed_500ms,main,fixed,0.08,0.15,0.5,0.05,8,0.25,,,R24,R24_242-v2.mid,5a18cae5a6fd996e3688bb05a6723665c26e561d21b88c112d65d4a6bdb51fca,15,4.000000000000001,2,1,1,1,0,0.5,3.096458,premature,0,-1,,1,1,premature,0,-1,,1,1,premature,0,-1,,1,1
fixed_500ms,main,fixed,0.08,0.15,0.5,0.05,8,0.25,,,R25,R25_618-v1.mid,56ff3fa00dc9e75c7913306f4a8cede335d24189bb8e26cfce827120f12743c7,10,4.0,1,0,1,1,0,0.0,3.091250,premature,0,-1,,1,1,premature,0,-1,,1,1,premature,0,-1,,1,1
fixed_500ms,main,fixed,0.08,0.15,0.5,0.05,8,0.25,,,R26,R26_560-v1.mid,f0d0a16aff422f9a5877f2944cdd0b959b4801aa449310959626fa7dbd7a6edb,15,3.951041666666667,1,0,1,1,0,0.0,1.732917,premature,0,-1,,1,1,premature,0,-1,,1,1,premature,0,-1,,1,1
fixed_500ms,main,fixed,0.08,0.15,0.5,0.05,8,0.25,,,R27,R27_735.mid,c6fabc901af844a2236d5a2956bd48e11d7952607af238e872c0dc7f65dbaa6f,16,4.0,3,2,1,0,0,0.6666666666666666,4.600625,late,0,-1,,0,1,success,1,0,0.6006249999999858,0,0,success,1,0,0.6006249999999858,0,0
fixed_500ms,main,fixed,0.08,0.15,0.5,0.05,8,0.25,,,R28,R28_804-v3.mid,f2326f94ae3ec36fd956ed7a74f507c37dfaeae99fddbfc7f2cbf87414f92030,11,3.9802083333333336,1,0,1,1,0,0.0,2.541250,premature,0,-1,,1,1,premature,0,-1,,1,1,premature,0,-1,,1,1
fixed_500ms,main,fixed,0.08,0.15,0.5,0.05,8,0.25,,,R29,R29_846-v2.mid,b750d5ab04a7fcc02298fea281e624dbc92dd1640a17037e580bb5b845ab517b,12,4.0,1,0,1,1,0,0.0,2.657917,premature,0,-1,,1,1,premature,0,-1,,1,1,premature,0,-1,,1,1
fixed_500ms,main,fixed,0.08,0.15,0.5,0.05,8,0.25,,,R30,R30_002-v2.mid,3b8c10e5c6886af05080687f0bc745791d33e73b2cec916337c1799e43024254,19,4.0,1,0,1,0,0,0.0,4.607917,late,0,-1,,0,1,success,1,0,0.6079166666666529,0,0,success,1,0,0.6079166666666529,0,0
fixed_500ms,main,fixed,0.08,0.15,0.5,0.05,8,0.25,,,R31,R31_069-v5.mid,ad5859e7014674fc2b088288d32445f60e2790c868a97bae22f5c6c6f7a9c906,10,4.0,1,0,1,0,0,0.0,4.049583,success,1,0,0.049583333333319324,0,0,success,1,0,0.049583333333319324,0,0,success,1,0,0.049583333333319324,0,0
fixed_500ms,main,fixed,0.08,0.15,0.5,0.05,8,0.25,,,R32,R32_290-v2.mid,b6d63759467030d9561098d602d2077dba3fd2e6533d64bc6401940ec9398bd7,11,4.0,1,0,1,1,0,0.0,0.991667,premature,0,-1,,1,1,premature,0,-1,,1,1,premature,0,-1,,1,1
fixed_500ms,main,fixed,0.08,0.15,0.5,0.05,8,0.25,,,R33,R33_144-v1.mid,14914529875824c38e895baf4969bc1f01031d5a20038d87474333091ce8bf16,21,4.0,1,0,1,0,0,0.0,4.648542,late,0,-1,,0,1,success,1,0,0.6485416666666532,0,0,success,1,0,0.6485416666666532,0,0
fixed_500ms,main,fixed,0.08,0.15,0.5,0.05,8,0.25,,,R34,R34_680-v3.mid,193fa77f9af23482857e237a7f27c3f78c79243d9a1ffca85d491c191040a3d9,15,4.0,1,0,1,1,0,0.0,1.778750,premature,0,-1,,1,1,premature,0,-1,,1,1,premature,0,-1,,1,1
fixed_500ms,main,fixed,0.08,0.15,0.5,0.05,8,0.25,,,R35,R35_436-v2.mid,0db58df01ff0e7ef7665b41a914d45f2c8da7ce346a391eafaadda58c2fbcbd1,8,3.9999999999999996,1,0,1,1,0,0.0,1.804792,premature,0,-1,,1,1,premature,0,-1,,1,1,premature,0,-1,,1,1
fixed_500ms,main,fixed,0.08,0.15,0.5,0.05,8,0.25,,,R36,R36_230.mid,292e936198ef29131aa14fa25acb693df0d1183ea1dde8ce70b941f2378a5b3c,11,4.0,1,0,1,1,0,0.0,1.982917,premature,0,-1,,1,1,premature,0,-1,,1,1,premature,0,-1,,1,1
fixed_500ms,main,fixed,0.08,0.15,0.5,0.05,8,0.25,,,R37,R37_667-v3.mid,3423caa4b45632a7f2c919a198ed678b6eb9786448d01e549dc32a5398afcf9f,7,4.0,1,0,1,1,0,0.0,0.802083,premature,0,-1,,1,1,premature,0,-1,,1,1,premature,0,-1,,1,1
fixed_500ms,main,fixed,0.08,0.15,0.5,0.05,8,0.25,,,R38,R38_136.mid,3abb38ce19d8de517c62b2014f88ea09cffbe9e6bf5ed9c01ed0c1155a8acbe5,14,4.0,1,0,1,0,0,0.0,4.580833,late,0,-1,,0,1,success,1,0,0.5808333333333193,0,0,success,1,0,0.5808333333333193,0,0
fixed_500ms,main,fixed,0.08,0.15,0.5,0.05,8,0.25,,,R39,R39_578-v3.mid,fceb1f97ce180f42e04547ff0aa0b9478cd06770ac604a3832d919926ad92aa7,16,4.0,1,0,1,0,0,0.0,4.658958,late,0,-1,,0,1,success,1,0,0.6589583333333193,0,0,success,1,0,0.6589583333333193,0,0
fixed_500ms,main,fixed,0.08,0.15,0.5,0.05,8,0.25,,,R40,R40_454.mid,d848f11068ba98d752767ac7826bc58b93c22e9b031ee710f0fae41eccde2eec,12,3.9187499999999997,1,0,1,0,0,0.0,4.494375,late,0,-1,,0,1,success,1,0,0.5756249999999858,0,0,success,1,0,0.5756249999999858,0,0
fixed_500ms,main,fixed,0.08,0.15,0.5,0.05,8,0.25,,,P001,P001_pop909_clear_motif_melody_298_bridge.mid,8b00372060ba7b623d803e3af7e70f5ef60b65f66816ad377f725005f4c84fa9,10,4.948456,3,2,1,1,0,0.6666666666666666,3.777270,premature,0,-1,,1,1,premature,0,-1,,1,1,premature,0,-1,,1,1
fixed_500ms,main,fixed,0.08,0.15,0.5,0.05,8,0.25,,,P002,P002_pop909_clear_motif_melody_248_bridge.mid,ccb942640a73e3e0122c796c0971c8f675a924861614fa62562f002ab9ef196d,10,3.478248,2,1,1,0,0,0.5,3.695315,success,1,0,0.217066856249986,0,0,success,1,0,0.217066856249986,0,0,success,1,0,0.217066856249986,0,0
fixed_500ms,main,fixed,0.08,0.15,0.5,0.05,8,0.25,,,P003,P003_pop909_clear_motif_melody_339_melody.mid,628d1079f63c4bf7a08c4ee78f0765919be119f7b82f8dc3ffde83afbb2238ec,10,6.3124899,1,0,1,1,0,0.0,2.088817,premature,0,-1,,1,1,premature,0,-1,,1,1,premature,0,-1,,1,1
fixed_500ms,main,fixed,0.08,0.15,0.5,0.05,8,0.25,,,P004,P004_pop909_clear_motif_melody_268_melody.mid,e1ad81a5ae674340b836f4d87a0f82f0920845ccc4214feb28ccf9b9603f0948,10,8.0,1,0,1,1,0,0.0,0.987500,premature,0,-1,,1,1,premature,0,-1,,1,1,premature,0,-1,,1,1
fixed_500ms,main,fixed,0.08,0.15,0.5,0.05,8,0.25,,,P005,P005_pop909_clear_motif_melody_021_melody.mid,a1fe99526a41a4b56b5a507d209dd13d4105ef53e85d25dd53ce7e9ee5915ff3,10,4.13157275,2,1,1,1,0,0.5,1.543771,premature,0,-1,,1,1,premature,0,-1,,1,1,premature,0,-1,,1,1
fixed_500ms,main,fixed,0.08,0.15,0.5,0.05,8,0.25,,,P006,P006_pop909_clear_motif_melody_220_melody.mid,81d85ebdbdb62cf3dd0eb82602b7fe26907e395242e71f5bb78ef112438b09cc,10,3.870936,1,0,1,1,0,0.0,1.825313,premature,0,-1,,1,1,premature,0,-1,,1,1,premature,0,-1,,1,1
fixed_500ms,main,fixed,0.08,0.15,0.5,0.05,8,0.25,,,P007,P007_pop909_clear_motif_melody_273_melody.mid,b6f10983b8aa291a839fc6e5232bc1920fa3b1e354e6e03e788a7a6b17af9d59,10,6.48648,1,0,1,1,0,0.0,2.430268,premature,0,-1,,1,1,premature,0,-1,,1,1,premature,0,-1,,1,1
fixed_500ms,main,fixed,0.08,0.15,0.5,0.05,8,0.25,,,P008,P008_pop909_clear_motif_melody_713_melody.mid,cc0088d140a0c7f748d7a717a6f796eed7338f6a4d8889e8e2eebd7fab8f8f51,10,5.454544,1,0,1,1,0,0.0,1.246648,premature,0,-1,,1,1,premature,0,-1,,1,1,premature,0,-1,,1,1
fixed_500ms,main,fixed,0.08,0.15,0.5,0.05,8,0.25,,,P009,P009_pop909_clear_motif_melody_328_melody.mid,e8885a270c794ef4d50b9e6e050e3a0d3d8301d178169d86d88126123dbf06e2,10,5.333328,1,0,1,1,0,0.0,1.734999,premature,0,-1,,1,1,premature,0,-1,,1,1,premature,0,-1,,1,1
fixed_500ms,main,fixed,0.08,0.15,0.5,0.05,8,0.25,,,P010,P010_pop909_clear_motif_melody_407_melody.mid,42e7658af7a87529d58b908a6d60cc195eeb297cdd129a98e1cb2649ce5aecce,10,6.15,1,0,1,1,0,0.0,1.476667,premature,0,-1,,1,1,premature,0,-1,,1,1,premature,0,-1,,1,1
fixed_500ms,main,fixed,0.08,0.15,0.5,0.05,8,0.25,,,P011,P011_pop909_clear_motif_melody_119_melody.mid,896c48c32a15cf85bd286aa4436d0a697c9a91692eb0fb128687d212976619d5,10,7.272728,1,0,1,1,0,0.0,1.978182,premature,0,-1,,1,1,premature,0,-1,,1,1,premature,0,-1,,1,1
fixed_500ms,main,fixed,0.08,0.15,0.5,0.05,8,0.25,,,P012,P012_pop909_clear_motif_melody_188_melody.mid,54bf4eb2f8bff2ccd5d214afc84523384678bdefdf3145e821781182c58bc003,10,4.363632000000001,1,0,1,1,0,0.0,1.220227,premature,0,-1,,1,1,premature,0,-1,,1,1,premature,0,-1,,1,1
fixed_500ms,main,fixed,0.08,0.15,0.5,0.05,8,0.25,,,P013,P013_pop909_expressive_rubato_203_bridge.mid,d94792fd3118efad79013d413549904951e6acf204434771004ef7b6bac68e4a,9,3.000000000000001,1,0,1,1,0,0.0,1.233958,premature,0,-1,,1,1,premature,0,-1,,1,1,premature,0,-1,,1,1
fixed_500ms,main,fixed,0.08,0.15,0.5,0.05,8,0.25,,,P014,P014_pop909_expressive_rubato_203_bridge.mid,d78dea53ea8b5558568755412ec7c72b704ce448c1990fbb631bad2aba3c7411,9,3.0,1,0,1,1,0,0.0,1.233958,premature,0,-1,,1,1,premature,0,-1,,1,1,premature,0,-1,,1,1
fixed_500ms,main,fixed,0.08,0.15,0.5,0.05,8,0.25,,,P015,P015_pop909_expressive_rubato_263_bridge.mid,fdbb28e369fed211abc0a0b53b2006a331c357c454f4284639fd36961d3aac40,16,5.333328000000002,1,0,1,1,0,0.0,0.805555,premature,0,-1,,1,1,premature,0,-1,,1,1,premature,0,-1,,1,1
fixed_500ms,main,fixed,0.08,0.15,0.5,0.05,8,0.25,,,P016,P016_pop909_expressive_rubato_617_bridge.mid,37d4c7b2c4a5856f926b9e67a662ac676aa83beca73c7dfc2dd6c188e52a38a4,4,1.3348119999999997,1,0,1,1,0,0.0,0.805728,premature,0,-1,,1,1,premature,0,-1,,1,1,premature,0,-1,,1,1
fixed_500ms,main,fixed,0.08,0.15,0.5,0.05,8,0.25,,,P017,P017_pop909_expressive_rubato_178_bridge.mid,cfbf91b1d04e90e9d2e6b6f7ddd9fc480393f1166fde55646495523c989f5d8e,20,6.760552000000001,1,0,1,1,0,0.0,1.279717,premature,0,-1,,1,1,premature,0,-1,,1,1,premature,0,-1,,1,1
fixed_500ms,main,fixed,0.08,0.15,0.5,0.05,8,0.25,,,P018,P018_pop909_expressive_rubato_191_bridge.mid,b6e56889014ca3786b340c447e92d66f50ed149b21600186179487f5799f9b73,22,7.272727999999999,1,0,1,1,0,0.0,0.765530,premature,0,-1,,1,1,premature,0,-1,,1,1,premature,0,-1,,1,1
fixed_500ms,main,fixed,0.08,0.15,0.5,0.05,8,0.25,,,P019,P019_pop909_expressive_rubato_178_bridge.mid,51d4e82b5c0b217263d7a849828b0f05a8411876b0a87f85f4c175bf27767739,20,6.760551999999999,1,0,1,1,0,0.0,1.279717,premature,0,-1,,1,1,premature,0,-1,,1,1,premature,0,-1,,1,1
fixed_500ms,main,fixed,0.08,0.15,0.5,0.05,8,0.25,,,P020,P020_pop909_expressive_rubato_212_bridge.mid,6f5eee7b1684521d31dac9b4e36649e423a8ce813df0a5f142967525e2bf2e17,17,5.783128,1,0,1,1,0,0.0,0.693675,premature,0,-1,,1,1,premature,0,-1,,1,1,premature,0,-1,,1,1
fixed_500ms,main,fixed,0.08,0.15,0.5,0.05,8,0.25,,,P021,P021_pop909_chord_arpeggio_polyphonic_227_piano.mid,41b21fee0bca14bd00917fcf3d879b2fcebb9856fef2228a36e0b912e58444c9,18,7.1641759999999985,1,0,1,0,0,0.0,7.641340,success,1,0,0.4771642583333193,0,0,success,1,0,0.4771642583333193,0,0,success,1,0,0.4771642583333193,0,0
fixed_500ms,main,fixed,0.08,0.15,0.5,0.05,8,0.25,,,P022,P022_pop909_chord_arpeggio_polyphonic_003_piano.mid,ea9963c2ef0400f7458ed0b378c21cc36273462aabccb9685efcd21625bbdcfd,19,2.9268239999999985,2,1,1,0,0,0.5,3.426763,success,1,0,0.49993931249998624,0,0,success,1,0,0.49993931249998624,0,0,success,1,0,0.49993931249998624,0,0
fixed_500ms,main,fixed,0.08,0.15,0.5,0.05,8,0.25,,,P023,P023_pop909_chord_arpeggio_polyphonic_222_piano.mid,bddeab49734bbbb17982dc09bdfaac6a8c2e1a112b7fd3464c5e7c9deadcfc94,19,6.1538400000000015,1,0,1,1,0,0.0,1.288204,premature,0,-1,,1,1,premature,0,-1,,1,1,premature,0,-1,,1,1
fixed_500ms,main,fixed,0.08,0.15,0.5,0.05,8,0.25,,,P024,P024_pop909_chord_arpeggio_polyphonic_287_piano.mid,ec7a6fe844d8678913cee3e05d68bc85d02d45d316e498dcfe79e58c814953c2,26,6.9347729000000005,1,0,1,1,0,0.0,0.825724,premature,0,-1,,1,1,premature,0,-1,,1,1,premature,0,-1,,1,1
fixed_500ms,main,fixed,0.08,0.15,0.5,0.05,8,0.25,,,P025,P025_pop909_chord_arpeggio_polyphonic_566_piano.mid,52dae62297b7cdeff27e0bea0925c8bebbbb999e9935efba566c8ffc51c206e8,22,5.783128,1,0,1,0,0,0.0,6.262405,success,1,0,0.4792772499999858,0,0,success,1,0,0.4792772499999858,0,0,success,1,0,0.4792772499999858,0,0
fixed_500ms,main,fixed,0.08,0.15,0.5,0.05,8,0.25,,,P026,P026_pop909_chord_arpeggio_polyphonic_106_piano.mid,5a21694b1c7abc6be7e5c6ee6dd6611dbca54dacb44c602d9f7dc226f5eaad89,28,7.1641759999999985,1,0,1,1,0,0.0,3.673058,premature,0,-1,,1,1,premature,0,-1,,1,1,premature,0,-1,,1,1
fixed_500ms,main,fixed,0.08,0.15,0.5,0.05,8,0.25,,,P027,P027_pop909_chord_arpeggio_polyphonic_218_piano.mid,3d2716434e914a4c1b7b0fee64a762d631c9eb844e328c4f880eb95f36c370a6,32,7.0588159999999975,1,0,1,1,0,0.0,1.215146,premature,0,-1,,1,1,premature,0,-1,,1,1,premature,0,-1,,1,1
fixed_500ms,main,fixed,0.08,0.15,0.5,0.05,8,0.25,,,P028,P028_pop909_chord_arpeggio_polyphonic_242_piano.mid,cd5c6e16ed3247ea34a6331d4c2e4dd980c5793b2def6bf2d11ae3b4d6d7560e,27,7.868856,1,0,1,0,0,0.0,8.361069,success,1,0,0.49221304375005115,0,0,success,1,0,0.49221304375005115,0,0,success,1,0,0.49221304375005115,0,0
fixed_500ms,main,fixed,0.08,0.15,0.5,0.05,8,0.25,,,P029,P029_pop909_sparse_short_062_melody.mid,de331be603af62c8ecaeb6b4de4413d0dfe0f3c4a24efa36a90905ae0bb82a26,3,3.24324,1,0,1,1,0,0.0,1.964053,premature,0,-1,,1,1,premature,0,-1,,1,1,premature,0,-1,,1,1
fixed_500ms,main,fixed,0.08,0.15,0.5,0.05,8,0.25,,,P030,P030_pop909_sparse_short_062_melody.mid,f2c561cfdf3ae696074a8292cfd9b6e91d18a740bb99c9c5ad4661e2b5225717,3,2.12837625,1,0,1,1,0,0.0,1.148243,premature,0,-1,,1,1,premature,0,-1,,1,1,premature,0,-1,,1,1
fixed_500ms,main,fixed,0.08,0.15,0.5,0.05,8,0.25,,,P031,P031_pop909_sparse_short_062_melody.mid,113bb580ca65ca779549df831e3b90b62932fe9eb9935891172b6636ee9e6079,3,3.24324,1,0,1,1,0,0.0,1.964053,premature,0,-1,,1,1,premature,0,-1,,1,1,premature,0,-1,,1,1
fixed_500ms,main,fixed,0.08,0.15,0.5,0.05,8,0.25,,,P032,P032_pop909_sparse_short_062_melody.mid,2638d2ec8832338b8f57a7147f9874c863c36279707599ffbd8782269c399746,3,3.24324,1,0,1,1,0,0.0,1.964053,premature,0,-1,,1,1,premature,0,-1,,1,1,premature,0,-1,,1,1
fixed_500ms,main,fixed,0.08,0.15,0.5,0.05,8,0.25,,,P033,P033_pop909_sparse_short_062_melody.mid,dcf51fe0bedf2f9e1acede760976dcde4a78650e163ec3c6ce86d970b4cc65c3,3,3.24324,1,0,1,1,0,0.0,1.964053,premature,0,-1,,1,1,premature,0,-1,,1,1,premature,0,-1,,1,1
fixed_500ms,main,fixed,0.08,0.15,0.5,0.05,8,0.25,,,P034,P034_pop909_dense_fast_095_bridge.mid,1eec4634489ebc2145d5d07f86a58778c994982c97d2dd5704238989cafe8164,49,1.7610275333333312,1,0,1,0,0,0.0,2.400807,late,0,-1,,0,1,success,1,0,0.6397794333333193,0,0,success,1,0,0.6397794333333193,0,0
fixed_500ms,main,fixed,0.08,0.15,0.5,0.05,8,0.25,,,P035,P035_pop909_dense_fast_351_bridge.mid,cce631ae36062ea5c6c5856ce61c72dee517b0d26fc59e569c45986becb91fa5,28,1.0351939999999993,1,0,1,0,0,0.0,1.622946,late,0,-1,,0,1,success,1,0,0.5877520854166534,0,0,success,1,0,0.5877520854166534,0,0
fixed_500ms,main,fixed,0.08,0.15,0.5,0.05,8,0.25,,,P036,P036_pop909_dense_fast_095_bridge.mid,8d7b860e3c98cfc78be2b1d435ac9d52da48b3df427707b2c9dc6e28266f4b58,38,1.6801452666666645,1,0,1,0,0,0.0,2.312572,late,0,-1,,0,1,success,1,0,0.6324264999999862,0,0,success,1,0,0.6324264999999862,0,0
fixed_500ms,main,fixed,0.08,0.15,0.5,0.05,8,0.25,,,P037,P037_pop909_dense_fast_095_bridge.mid,14ee870cca3317109b67f85cc0241e6678d38b8efed31130577d8d722e145a58,30,0.7977932666666666,1,0,1,0,0,0.0,1.430220,late,0,-1,,0,1,success,1,0,0.632426499999991,0,0,success,1,0,0.632426499999991,0,0
fixed_500ms,main,fixed,0.08,0.15,0.5,0.05,8,0.25,,,P038,P038_pop909_dense_fast_727_bridge.mid,4cec022a9c9e7dd2ec868ae3124b7089c195126defe23b8a3d440d2c7bbaf873,45,1.2854942770833329,1,0,1,0,0,0.0,1.903828,late,0,-1,,0,1,success,1,0,0.618333318749986,0,0,success,1,0,0.618333318749986,0,0
fixed_500ms,main,fixed,0.08,0.15,0.5,0.05,8,0.25,,,P039,P039_pop909_chromatic_outside_789_piano.mid,89dc01789fe23c4372b236cc806e6567b05346295e667c74639aa4642a3e304b,16,7.272728,1,0,1,1,0,0.0,1.588030,premature,0,-1,,1,1,premature,0,-1,,1,1,premature,0,-1,,1,1
fixed_500ms,main,fixed,0.08,0.15,0.5,0.05,8,0.25,,,P040,P040_pop909_chromatic_outside_064_piano.mid,76f70f424a678deaed9e02ef3b85db1c47a828b39689b0fb75fd6c5cd5f84a3f,23,7.562499999999999,1,0,1,1,0,0.0,7.443333,premature,0,-1,,1,1,premature,0,-1,,1,1,premature,0,-1,,1,1
fixed_500ms,main,fixed,0.08,0.15,0.5,0.05,8,0.25,,,P041,P041_pop909_chromatic_outside_796_piano.mid,5313ed35276167210c99ca9b0d50773ad1c5a71997072b20b1653efba88eb36f,20,6.486488,1,0,1,0,0,0.0,7.026556,late,0,-1,,0,1,success,1,0,0.540067539583319,0,0,success,1,0,0.540067539583319,0,0
fixed_500ms,main,fixed,0.08,0.15,0.5,0.05,8,0.25,,,P042,P042_pop909_chromatic_outside_254_piano.mid,dfb97d893bd303a0043e98fe7c14dc376233ce114864c10be992cad37ef88538,24,3.3027539999999993,2,1,1,0,0,0.5,3.681791,success,1,0,0.3790365520833192,0,0,success,1,0,0.3790365520833192,0,0,success,1,0,0.3790365520833192,0,0
fixed_500ms,main,fixed,0.08,0.15,0.5,0.05,8,0.25,,,P043,P043_pop909_chromatic_outside_311_bridge.mid,8bb993a52d683a9b093e77f22d9fa6d3df633472edafb5a0056e4e19b5852902,14,7.5,1,0,1,1,0,0.0,1.745937,premature,0,-1,,1,1,premature,0,-1,,1,1,premature,0,-1,,1,1
fixed_500ms,main,fixed,0.08,0.15,0.5,0.05,8,0.25,,,P044,P044_pop909_false_ending_pause_322_bridge.mid,92fa6bc714e6881f40bd275254b082416486b9d155453539c6e2e9cce641a65c,7,4.633333333333333,3,2,1,1,0,0.6666666666666666,3.747500,premature,0,-1,,1,1,premature,0,-1,,1,1,premature,0,-1,,1,1
fixed_500ms,main,fixed,0.08,0.15,0.5,0.05,8,0.25,,,P045,P045_pop909_false_ending_pause_008_bridge.mid,28ee69826748317d665163811014939ed01825addd8f2c9505d27364a6b4adc8,7,4.876923483333333,1,0,1,1,0,0.0,1.844615,premature,0,-1,,1,1,premature,0,-1,,1,1,premature,0,-1,,1,1
fixed_500ms,main,fixed,0.08,0.15,0.5,0.05,8,0.25,,,P046,P046_pop909_false_ending_pause_253_bridge.mid,0e6ab6a38b763c541fa954510aaf319efab974b676865fe44aaa2c2338435f50,7,5.9943121875,1,0,1,1,0,0.0,1.995226,premature,0,-1,,1,1,premature,0,-1,,1,1,premature,0,-1,,1,1
fixed_500ms,main,fixed,0.08,0.15,0.5,0.05,8,0.25,,,P047,P047_pop909_false_ending_pause_396_melody.mid,45f3dedbc0915a84ff315fcf7040e15383bbafbc739845cd8f4e4db11fbe1207,7,3.8673180812499997,1,0,1,1,0,0.0,1.701899,premature,0,-1,,1,1,premature,0,-1,,1,1,premature,0,-1,,1,1
fixed_500ms,main,fixed,0.08,0.15,0.5,0.05,8,0.25,,,P048,P048_pop909_repetition_tail_234_bridge.mid,8edaf0b3c05cb78569d9801754c34b780426e21b3654154ff150d50ac4c12b59,8,4.000000000000001,1,0,1,1,0,0.0,2.766250,premature,0,-1,,1,1,premature,0,-1,,1,1,premature,0,-1,,1,1
fixed_500ms,main,fixed,0.08,0.15,0.5,0.05,8,0.25,,,P049,P049_pop909_repetition_tail_282_bridge.mid,b5bf7675db361f16e2641027f14dbd38a665a77edf6ca030a9254be54ddab400,8,5.691775224999999,1,0,1,1,0,0.0,3.550408,premature,0,-1,,1,1,premature,0,-1,,1,1,premature,0,-1,,1,1
fixed_500ms,main,fixed,0.08,0.15,0.5,0.05,8,0.25,,,P050,P050_pop909_repetition_tail_340_bridge.mid,92dfb3e992339ebac2e7204e10ece5a799d2ae91faeb4c2a0ff6f5611e0bfbac,8,5.245888,1,0,1,1,0,0.0,3.347151,premature,0,-1,,1,1,premature,0,-1,,1,1,premature,0,-1,,1,1
fixed_800ms,main,fixed,0.08,0.15,0.8,0.05,8,0.25,,,A01,A01_c_pentatonic_balanced.mid,e7a1620ba70d4372e998376d91e2f55590448a9cf5878e969a0f70d410659845,14,4.8,1,0,1,0,0,0.0,5.310000,late,0,-1,,0,1,success,1,0,0.5099999999999794,0,0,success,1,0,0.5099999999999794,0,0
fixed_800ms,main,fixed,0.08,0.15,0.8,0.05,8,0.25,,,A02,A02_a_minor_pentatonic_question.mid,5166d8996017b0341f9265fc4539b25d09211f1cc291b1e25a4623e68b1bbc0e,12,5.054348499999999,1,0,1,0,0,0.0,5.362174,success,1,0,0.30782599999997995,0,0,success,1,0,0.30782599999997995,0,0,success,1,0,0.30782599999997995,0,0
fixed_800ms,main,fixed,0.08,0.15,0.8,0.05,8,0.25,,,A03,A03_a_blues_tension.mid,1c61cef65142077e0ea54a46832f15bf535a35b23c920ee8e40193b877467fd4,13,4.166669999999999,1,0,1,0,0,0.0,4.571114,success,1,0,0.40444399999998026,0,0,success,1,0,0.40444399999998026,0,0,success,1,0,0.40444399999998026,0,0
fixed_800ms,main,fixed,0.08,0.15,0.8,0.05,8,0.25,,,A04,A04_classical_antecedent.mid,3b1b42414601831b09678bb49b714e6512be53f451a517170b48c6c3addb07f1,10,4.6499999999999995,2,1,1,0,0,0.5,5.010000,success,1,0,0.3599999999999799,0,0,success,1,0,0.3599999999999799,0,0,success,1,0,0.3599999999999799,0,0
fixed_800ms,main,fixed,0.08,0.15,0.8,0.05,8,0.25,,,A05,A05_repetition_tail.mid,c615435e6cf9b0af8c8e4a2d9b7f28ccef90f4cc20ddffc10e23c15ec2296b28,12,4.182691749999999,2,1,1,0,0,0.5,4.565769,success,1,0,0.3830769999999797,0,0,success,1,0,0.3830769999999797,0,0,success,1,0,0.3830769999999797,0,0
fixed_800ms,main,fixed,0.08,0.15,0.8,0.05,8,0.25,,,A06,A06_syncopated_pop.mid,25a2a2e4aea59cacc8434b36ae5173bd34aaa66ee7eec8c2e460f3f72addaf0e,12,4.3867945,1,0,1,0,0,0.0,5.063775,late,0,-1,,0,1,success,1,0,0.6769809999999792,0,0,success,1,0,0.6769809999999792,0,0
fixed_800ms,main,fixed,0.08,0.15,0.8,0.05,8,0.25,,,A07,A07_sparse_long_tones.mid,fb6faee9d721a971b5d6388dc979e5a15c26d45366bfef7ade9a8f82eec3358d,6,5.454543999999999,1,0,1,1,0,0.0,0.950000,premature,0,-1,,1,1,premature,0,-1,,1,1,premature,0,-1,,1,1
fixed_800ms,main,fixed,0.08,0.15,0.8,0.05,8,0.25,,,A08,A08_dense_eighth_motion.mid,48faeb92585381b6928f2dc31a3119ec234d815efc25ec9d1ba67538fc3f6b41,16,4.285712000000002,1,0,1,0,0,0.0,4.977855,late,0,-1,,0,1,success,1,0,0.6921429999999793,0,0,success,1,0,0.6921429999999793,0,0
fixed_800ms,main,fixed,0.08,0.15,0.8,0.05,8,0.25,,,A09,A09_arched_contour.mid,91acd677fdf9a30e64f3584796b5fc38d648b1ddf3785f4d6a6445102c15ee7c,11,4.6875,1,0,1,0,0,0.0,5.022500,success,1,0,0.33499999999997954,0,0,success,1,0,0.33499999999997954,0,0,success,1,0,0.33499999999997954,0,0
fixed_800ms,main,fixed,0.08,0.15,0.8,0.05,8,0.25,,,A10,A10_leap_gap_fill.mid,6639c3bceab3644ea59e759d1e92e76bcc9a082b5edaea30893d44682f7f3a97,13,4.6499999999999995,1,0,1,0,0,0.0,5.160000,late,0,-1,,0,1,success,1,0,0.5099999999999794,0,0,success,1,0,0.5099999999999794,0,0
fixed_800ms,main,fixed,0.08,0.15,0.8,0.05,8,0.25,,,R01,R01_390-v1.mid,e44793c8c043f7c92184c6189f5e7b1af47c202aaa6df435a76a4d26268313aa,13,4.0,1,0,1,1,0,0.0,2.099583,premature,0,-1,,1,1,premature,0,-1,,1,1,premature,0,-1,,1,1
fixed_800ms,main,fixed,0.08,0.15,0.8,0.05,8,0.25,,,R02,R02_667-v3.mid,af3cbab9e93480a553c9a217fc1abefdf3db788d071132050fca4cbfe862cdaa,8,4.0,1,0,1,0,0,0.0,4.112083,success,1,0,0.1120833333333131,0,0,success,1,0,0.1120833333333131,0,0,success,1,0,0.1120833333333131,0,0
fixed_800ms,main,fixed,0.08,0.15,0.8,0.05,8,0.25,,,R03,R03_174-v2.mid,88f11f634584a21ce30b0dc39c608cde9da43c7936400bba985f8702ecf9e962,12,3.9999999999999996,1,0,1,1,0,0.0,2.307917,premature,0,-1,,1,1,premature,0,-1,,1,1,premature,0,-1,,1,1
fixed_800ms,main,fixed,0.08,0.15,0.8,0.05,8,0.25,,,R04,R04_339-v2.mid,828aff4f088b889d0715fee3e65e9243f89520710a795fa7e4b585407a7da650,9,3.817708333333333,1,0,1,0,0,0.0,4.567292,late,0,-1,,0,1,success,1,0,0.7495833333333133,0,0,success,1,0,0.7495833333333133,0,0
fixed_800ms,main,fixed,0.08,0.15,0.8,0.05,8,0.25,,,R05,R05_581.mid,766b0c79d6f6905d1c32f244469b14bf48cb861e79ceede6ac2ee1929437dcf4,13,4.0,1,0,1,0,0,0.0,4.831875,late,0,-1,,0,1,success,1,0,0.8318749999999797,0,0,success,1,0,0.8318749999999797,0,0
fixed_800ms,main,fixed,0.08,0.15,0.8,0.05,8,0.25,,,R06,R06_132-v2.mid,e1ccff44d4528b8e4af0e40bdc4699a89e46169a5a6c766acc8ac50740c17bc4,15,4.0,1,0,1,0,0,0.0,4.904792,late,0,-1,,0,1,success,1,0,0.9047916666666467,0,0,success,1,0,0.9047916666666467,0,0
fixed_800ms,main,fixed,0.08,0.15,0.8,0.05,8,0.25,,,R07,R07_664-v2.mid,d84d97d7bfa78ff716110978692047e182ce9f01efee7a44f583544e113fed69,11,4.0,1,0,1,1,0,0.0,2.850625,premature,0,-1,,1,1,premature,0,-1,,1,1,premature,0,-1,,1,1
fixed_800ms,main,fixed,0.08,0.15,0.8,0.05,8,0.25,,,R08,R08_266-v1.mid,a60f28e61f3323d5039cd94cdaea65c36ca0311962a73686837cf9dfdde0799d,8,4.0,1,0,1,0,0,0.0,3.960000,success,1,0,-0.04000000000002002,0,0,success,1,0,-0.04000000000002002,0,0,success,1,0,-0.04000000000002002,0,0
fixed_800ms,main,fixed,0.08,0.15,0.8,0.05,8,0.25,,,R09,R09_433.mid,e1f859f9f55ce2a1718a88f1ce5f88ffffd035cd2ac61aeba9f71e42eb3d1658,23,4.000000000000001,1,0,1,0,0,0.0,4.927708,late,0,-1,,0,1,success,1,0,0.9277083333333129,0,0,success,1,0,0.9277083333333129,0,0
fixed_800ms,main,fixed,0.08,0.15,0.8,0.05,8,0.25,,,R10,R10_039-v2.mid,25635c75dc841999c02ffb9b7d67ef21f421bef585b28e0635701689b574a8f6,11,4.000000000000001,1,0,1,1,0,0.0,3.605833,premature,0,-1,,1,1,premature,0,-1,,1,1,premature,0,-1,,1,1
fixed_800ms,main,fixed,0.08,0.15,0.8,0.05,8,0.25,,,R11,R11_538.mid,676637ee06573aad6e8ea80367346578ac11b8ed36c9f8ce5702eda3643830ab,20,3.921875,1,0,1,0,0,0.0,4.705833,late,0,-1,,0,1,success,1,0,0.7839583333333131,0,0,success,1,0,0.7839583333333131,0,0
fixed_800ms,main,fixed,0.08,0.15,0.8,0.05,8,0.25,,,R12,R12_457.mid,151dd04bd54d11512876bab817410ae94fb81547894ff0a3b96401968101f6df,13,4.0,1,0,1,1,0,0.0,3.791250,premature,0,-1,,1,1,premature,0,-1,,1,1,premature,0,-1,,1,1
fixed_800ms,main,fixed,0.08,0.15,0.8,0.05,8,0.25,,,R13,R13_353-v1.mid,ef59a3cdc969d70fd54c9cd52a37e30deb9772958305ace368edde9ea5afc7c3,11,4.0,1,0,1,1,0,0.0,1.914167,premature,0,-1,,1,1,premature,0,-1,,1,1,premature,0,-1,,1,1
fixed_800ms,main,fixed,0.08,0.15,0.8,0.05,8,0.25,,,R14,R14_073.mid,6014529ddd8b96a82fd599bf2e0268f5da21dad2080ba59e69de225512a58ee3,12,3.939583333333333,1,0,1,0,0,0.0,4.777708,late,0,-1,,0,1,success,1,0,0.8381249999999794,0,0,success,1,0,0.8381249999999794,0,0
fixed_800ms,main,fixed,0.08,0.15,0.8,0.05,8,0.25,,,R15,R15_156-v2.mid,d6ae647242ceff286d61867ebb06ee767c382eed20c618f7988a94d4733b7d8d,9,4.0,1,0,1,1,0,0.0,3.631875,premature,0,-1,,1,1,premature,0,-1,,1,1,premature,0,-1,,1,1
fixed_800ms,main,fixed,0.08,0.15,0.8,0.05,8,0.25,,,R16,R16_249.mid,32c21206c709d04269f4de5a9705ca310189a55c657a53ea8612ed3c5ac480dd,8,4.0,1,0,1,1,0,0.0,1.095625,premature,0,-1,,1,1,premature,0,-1,,1,1,premature,0,-1,,1,1
fixed_800ms,main,fixed,0.08,0.15,0.8,0.05,8,0.25,,,R17,R17_319.mid,7b40b95a494f202130093514531c7232c45d539c2a7ebafe5dee64fac4bc0e7e,18,4.0,1,0,1,1,0,0.0,1.010208,premature,0,-1,,1,1,premature,0,-1,,1,1,premature,0,-1,,1,1
fixed_800ms,main,fixed,0.08,0.15,0.8,0.05,8,0.25,,,R18,R18_249.mid,0dc5853f595ca79ae339d76ccf661f166c739dba3b0cb0d66eeb860ef17dd7c0,9,4.0,1,0,1,0,0,0.0,4.100625,success,1,0,0.10062499999997954,0,0,success,1,0,0.10062499999997954,0,0,success,1,0,0.10062499999997954,0,0
fixed_800ms,main,fixed,0.08,0.15,0.8,0.05,8,0.25,,,R19,R19_733.mid,73dc520e4f2e19e784486fb5160d0686a1f7d90b81c9bb57b8e6478f3b2032fe,10,4.0,1,0,1,1,0,0.0,1.799583,premature,0,-1,,1,1,premature,0,-1,,1,1,premature,0,-1,,1,1
fixed_800ms,main,fixed,0.08,0.15,0.8,0.05,8,0.25,,,R20,R20_660.mid,a3a01235dabd1fd09f3b7047e7b59bee8af87f41bc4456aa3e261bc412d6998a,8,3.983333333333334,1,0,1,1,0,0.0,1.252708,premature,0,-1,,1,1,premature,0,-1,,1,1,premature,0,-1,,1,1
fixed_800ms,main,fixed,0.08,0.15,0.8,0.05,8,0.25,,,R21,R21_756-v2.mid,7b479a282dd8ac5742239c1fda08a8a89a1834843d91b2b219beaa12a020ebdc,8,4.0,1,0,1,1,0,0.0,2.050625,premature,0,-1,,1,1,premature,0,-1,,1,1,premature,0,-1,,1,1
fixed_800ms,main,fixed,0.08,0.15,0.8,0.05,8,0.25,,,R22,R22_156.mid,530aaba96af00f7031edd5c0b26b6a257808c3f3d7df6c3d36f325fc29229487,10,4.0,1,0,1,1,0,0.0,3.631875,premature,0,-1,,1,1,premature,0,-1,,1,1,premature,0,-1,,1,1
fixed_800ms,main,fixed,0.08,0.15,0.8,0.05,8,0.25,,,R23,R23_645.mid,4089adb020ffa2aa242ec57c10ef8efd9ad726c8c6bf22e335e91d65a5783ac4,12,3.9999999999999996,1,0,1,1,0,0.0,3.308958,premature,0,-1,,1,1,premature,0,-1,,1,1,premature,0,-1,,1,1
fixed_800ms,main,fixed,0.08,0.15,0.8,0.05,8,0.25,,,R24,R24_242-v2.mid,5a18cae5a6fd996e3688bb05a6723665c26e561d21b88c112d65d4a6bdb51fca,15,4.000000000000001,1,0,1,1,0,0.0,3.396458,premature,0,-1,,1,1,premature,0,-1,,1,1,premature,0,-1,,1,1
fixed_800ms,main,fixed,0.08,0.15,0.8,0.05,8,0.25,,,R25,R25_618-v1.mid,56ff3fa00dc9e75c7913306f4a8cede335d24189bb8e26cfce827120f12743c7,10,4.0,1,0,1,1,0,0.0,3.391250,premature,0,-1,,1,1,premature,0,-1,,1,1,premature,0,-1,,1,1
fixed_800ms,main,fixed,0.08,0.15,0.8,0.05,8,0.25,,,R26,R26_560-v1.mid,f0d0a16aff422f9a5877f2944cdd0b959b4801aa449310959626fa7dbd7a6edb,15,3.951041666666667,2,1,1,0,0,0.5,4.782917,late,0,-1,,0,1,success,1,0,0.8318749999999797,0,0,success,1,0,0.8318749999999797,0,0
fixed_800ms,main,fixed,0.08,0.15,0.8,0.05,8,0.25,,,R27,R27_735.mid,c6fabc901af844a2236d5a2956bd48e11d7952607af238e872c0dc7f65dbaa6f,16,4.0,1,0,1,0,0,0.0,4.900625,late,0,-1,,0,1,success,1,0,0.9006249999999794,0,0,success,1,0,0.9006249999999794,0,0
fixed_800ms,main,fixed,0.08,0.15,0.8,0.05,8,0.25,,,R28,R28_804-v3.mid,f2326f94ae3ec36fd956ed7a74f507c37dfaeae99fddbfc7f2cbf87414f92030,11,3.9802083333333336,1,0,1,1,0,0.0,2.841250,premature,0,-1,,1,1,premature,0,-1,,1,1,premature,0,-1,,1,1
fixed_800ms,main,fixed,0.08,0.15,0.8,0.05,8,0.25,,,R29,R29_846-v2.mid,b750d5ab04a7fcc02298fea281e624dbc92dd1640a17037e580bb5b845ab517b,12,4.0,1,0,1,0,0,0.0,4.707917,late,0,-1,,0,1,success,1,0,0.7079166666666463,0,0,success,1,0,0.7079166666666463,0,0
fixed_800ms,main,fixed,0.08,0.15,0.8,0.05,8,0.25,,,R30,R30_002-v2.mid,3b8c10e5c6886af05080687f0bc745791d33e73b2cec916337c1799e43024254,19,4.0,1,0,1,0,0,0.0,4.907917,late,0,-1,,0,1,success,1,0,0.9079166666666465,0,0,success,1,0,0.9079166666666465,0,0
fixed_800ms,main,fixed,0.08,0.15,0.8,0.05,8,0.25,,,R31,R31_069-v5.mid,ad5859e7014674fc2b088288d32445f60e2790c868a97bae22f5c6c6f7a9c906,10,4.0,1,0,1,0,0,0.0,4.349583,success,1,0,0.34958333333331293,0,0,success,1,0,0.34958333333331293,0,0,success,1,0,0.34958333333331293,0,0
fixed_800ms,main,fixed,0.08,0.15,0.8,0.05,8,0.25,,,R32,R32_290-v2.mid,b6d63759467030d9561098d602d2077dba3fd2e6533d64bc6401940ec9398bd7,11,4.0,1,0,1,1,0,0.0,1.301667,premature,0,-1,,1,1,premature,0,-1,,1,1,premature,0,-1,,1,1
fixed_800ms,main,fixed,0.08,0.15,0.8,0.05,8,0.25,,,R33,R33_144-v1.mid,14914529875824c38e895baf4969bc1f01031d5a20038d87474333091ce8bf16,21,4.0,1,0,1,0,0,0.0,4.948542,late,0,-1,,0,1,success,1,0,0.9485416666666469,0,0,success,1,0,0.9485416666666469,0,0
fixed_800ms,main,fixed,0.08,0.15,0.8,0.05,8,0.25,,,R34,R34_680-v3.mid,193fa77f9af23482857e237a7f27c3f78c79243d9a1ffca85d491c191040a3d9,15,4.0,1,0,1,0,0,0.0,4.828750,late,0,-1,,0,1,success,1,0,0.8287499999999799,0,0,success,1,0,0.8287499999999799,0,0
fixed_800ms,main,fixed,0.08,0.15,0.8,0.05,8,0.25,,,R35,R35_436-v2.mid,0db58df01ff0e7ef7665b41a914d45f2c8da7ce346a391eafaadda58c2fbcbd1,8,3.9999999999999996,1,0,1,1,0,0.0,2.104792,premature,0,-1,,1,1,premature,0,-1,,1,1,premature,0,-1,,1,1
fixed_800ms,main,fixed,0.08,0.15,0.8,0.05,8,0.25,,,R36,R36_230.mid,292e936198ef29131aa14fa25acb693df0d1183ea1dde8ce70b941f2378a5b3c,11,4.0,1,0,1,1,0,0.0,2.282917,premature,0,-1,,1,1,premature,0,-1,,1,1,premature,0,-1,,1,1
fixed_800ms,main,fixed,0.08,0.15,0.8,0.05,8,0.25,,,R37,R37_667-v3.mid,3423caa4b45632a7f2c919a198ed678b6eb9786448d01e549dc32a5398afcf9f,7,4.0,1,0,1,1,0,0.0,1.107083,premature,0,-1,,1,1,premature,0,-1,,1,1,premature,0,-1,,1,1
fixed_800ms,main,fixed,0.08,0.15,0.8,0.05,8,0.25,,,R38,R38_136.mid,3abb38ce19d8de517c62b2014f88ea09cffbe9e6bf5ed9c01ed0c1155a8acbe5,14,4.0,1,0,1,0,0,0.0,4.880833,late,0,-1,,0,1,success,1,0,0.8808333333333129,0,0,success,1,0,0.8808333333333129,0,0
fixed_800ms,main,fixed,0.08,0.15,0.8,0.05,8,0.25,,,R39,R39_578-v3.mid,fceb1f97ce180f42e04547ff0aa0b9478cd06770ac604a3832d919926ad92aa7,16,4.0,1,0,1,0,0,0.0,4.958958,late,0,-1,,0,1,success,1,0,0.9589583333333129,0,0,success,1,0,0.9589583333333129,0,0
fixed_800ms,main,fixed,0.08,0.15,0.8,0.05,8,0.25,,,R40,R40_454.mid,d848f11068ba98d752767ac7826bc58b93c22e9b031ee710f0fae41eccde2eec,12,3.9187499999999997,1,0,1,0,0,0.0,4.794375,late,0,-1,,0,1,success,1,0,0.8756249999999794,0,0,success,1,0,0.8756249999999794,0,0
fixed_800ms,main,fixed,0.08,0.15,0.8,0.05,8,0.25,,,P001,P001_pop909_clear_motif_melody_298_bridge.mid,8b00372060ba7b623d803e3af7e70f5ef60b65f66816ad377f725005f4c84fa9,10,4.948456,1,0,1,1,0,0.0,4.077270,premature,0,-1,,1,1,premature,0,-1,,1,1,premature,0,-1,,1,1
fixed_800ms,main,fixed,0.08,0.15,0.8,0.05,8,0.25,,,P002,P002_pop909_clear_motif_melody_248_bridge.mid,ccb942640a73e3e0122c796c0971c8f675a924861614fa62562f002ab9ef196d,10,3.478248,1,0,1,0,0,0.0,3.995315,late,0,-1,,0,1,success,1,0,0.5170668562499796,0,0,success,1,0,0.5170668562499796,0,0
fixed_800ms,main,fixed,0.08,0.15,0.8,0.05,8,0.25,,,P003,P003_pop909_clear_motif_melody_339_melody.mid,628d1079f63c4bf7a08c4ee78f0765919be119f7b82f8dc3ffde83afbb2238ec,10,6.3124899,2,1,1,1,0,0.5,4.055481,premature,0,-1,,1,1,premature,0,-1,,1,1,premature,0,-1,,1,1
fixed_800ms,main,fixed,0.08,0.15,0.8,0.05,8,0.25,,,P004,P004_pop909_clear_motif_melody_268_melody.mid,e1ad81a5ae674340b836f4d87a0f82f0920845ccc4214feb28ccf9b9603f0948,10,8.0,1,0,1,1,0,0.0,1.297500,premature,0,-1,,1,1,premature,0,-1,,1,1,premature,0,-1,,1,1
fixed_800ms,main,fixed,0.08,0.15,0.8,0.05,8,0.25,,,P005,P005_pop909_clear_motif_melody_021_melody.mid,a1fe99526a41a4b56b5a507d209dd13d4105ef53e85d25dd53ce7e9ee5915ff3,10,4.13157275,1,0,1,1,0,0.0,1.843771,premature,0,-1,,1,1,premature,0,-1,,1,1,premature,0,-1,,1,1
fixed_800ms,main,fixed,0.08,0.15,0.8,0.05,8,0.25,,,P006,P006_pop909_clear_motif_melody_220_melody.mid,81d85ebdbdb62cf3dd0eb82602b7fe26907e395242e71f5bb78ef112438b09cc,10,3.870936,1,0,1,0,0,0.0,4.665615,late,0,-1,,0,1,success,1,0,0.7946787749999795,0,0,success,1,0,0.7946787749999795,0,0
fixed_800ms,main,fixed,0.08,0.15,0.8,0.05,8,0.25,,,P007,P007_pop909_clear_motif_melody_273_melody.mid,b6f10983b8aa291a839fc6e5232bc1920fa3b1e354e6e03e788a7a6b17af9d59,10,6.48648,2,1,1,1,0,0.5,4.757293,premature,0,-1,,1,1,premature,0,-1,,1,1,premature,0,-1,,1,1
fixed_800ms,main,fixed,0.08,0.15,0.8,0.05,8,0.25,,,P008,P008_pop909_clear_motif_melody_713_melody.mid,cc0088d140a0c7f748d7a717a6f796eed7338f6a4d8889e8e2eebd7fab8f8f51,10,5.454544,1,0,1,1,0,0.0,2.910284,premature,0,-1,,1,1,premature,0,-1,,1,1,premature,0,-1,,1,1
fixed_800ms,main,fixed,0.08,0.15,0.8,0.05,8,0.25,,,P009,P009_pop909_clear_motif_melody_328_melody.mid,e8885a270c794ef4d50b9e6e050e3a0d3d8301d178169d86d88126123dbf06e2,10,5.333328,1,0,1,1,0,0.0,2.034999,premature,0,-1,,1,1,premature,0,-1,,1,1,premature,0,-1,,1,1
fixed_800ms,main,fixed,0.08,0.15,0.8,0.05,8,0.25,,,P010,P010_pop909_clear_motif_melody_407_melody.mid,42e7658af7a87529d58b908a6d60cc195eeb297cdd129a98e1cb2649ce5aecce,10,6.15,1,0,1,1,0,0.0,1.776667,premature,0,-1,,1,1,premature,0,-1,,1,1,premature,0,-1,,1,1
fixed_800ms,main,fixed,0.08,0.15,0.8,0.05,8,0.25,,,P011,P011_pop909_clear_motif_melody_119_melody.mid,896c48c32a15cf85bd286aa4436d0a697c9a91692eb0fb128687d212976619d5,10,7.272728,1,0,1,1,0,0.0,2.278182,premature,0,-1,,1,1,premature,0,-1,,1,1,premature,0,-1,,1,1
fixed_800ms,main,fixed,0.08,0.15,0.8,0.05,8,0.25,,,P012,P012_pop909_clear_motif_melody_188_melody.mid,54bf4eb2f8bff2ccd5d214afc84523384678bdefdf3145e821781182c58bc003,10,4.363632000000001,1,0,1,1,0,0.0,1.520227,premature,0,-1,,1,1,premature,0,-1,,1,1,premature,0,-1,,1,1
fixed_800ms,main,fixed,0.08,0.15,0.8,0.05,8,0.25,,,P013,P013_pop909_expressive_rubato_203_bridge.mid,d94792fd3118efad79013d413549904951e6acf204434771004ef7b6bac68e4a,9,3.000000000000001,1,0,1,1,0,0.0,1.533958,premature,0,-1,,1,1,premature,0,-1,,1,1,premature,0,-1,,1,1
fixed_800ms,main,fixed,0.08,0.15,0.8,0.05,8,0.25,,,P014,P014_pop909_expressive_rubato_203_bridge.mid,d78dea53ea8b5558568755412ec7c72b704ce448c1990fbb631bad2aba3c7411,9,3.0,1,0,1,1,0,0.0,1.533958,premature,0,-1,,1,1,premature,0,-1,,1,1,premature,0,-1,,1,1
fixed_800ms,main,fixed,0.08,0.15,0.8,0.05,8,0.25,,,P015,P015_pop909_expressive_rubato_263_bridge.mid,fdbb28e369fed211abc0a0b53b2006a331c357c454f4284639fd36961d3aac40,16,5.333328000000002,1,0,1,1,0,0.0,1.110555,premature,0,-1,,1,1,premature,0,-1,,1,1,premature,0,-1,,1,1
fixed_800ms,main,fixed,0.08,0.15,0.8,0.05,8,0.25,,,P016,P016_pop909_expressive_rubato_617_bridge.mid,37d4c7b2c4a5856f926b9e67a662ac676aa83beca73c7dfc2dd6c188e52a38a4,4,1.3348119999999997,1,0,1,1,0,0.0,1.110728,premature,0,-1,,1,1,premature,0,-1,,1,1,premature,0,-1,,1,1
fixed_800ms,main,fixed,0.08,0.15,0.8,0.05,8,0.25,,,P017,P017_pop909_expressive_rubato_178_bridge.mid,cfbf91b1d04e90e9d2e6b6f7ddd9fc480393f1166fde55646495523c989f5d8e,20,6.760552000000001,2,1,1,1,0,0.5,2.424786,premature,0,-1,,1,1,premature,0,-1,,1,1,premature,0,-1,,1,1
fixed_800ms,main,fixed,0.08,0.15,0.8,0.05,8,0.25,,,P018,P018_pop909_expressive_rubato_191_bridge.mid,b6e56889014ca3786b340c447e92d66f50ed149b21600186179487f5799f9b73,22,7.272727999999999,1,0,1,1,0,0.0,2.893712,premature,0,-1,,1,1,premature,0,-1,,1,1,premature,0,-1,,1,1
fixed_800ms,main,fixed,0.08,0.15,0.8,0.05,8,0.25,,,P019,P019_pop909_expressive_rubato_178_bridge.mid,51d4e82b5c0b217263d7a849828b0f05a8411876b0a87f85f4c175bf27767739,20,6.760551999999999,2,1,1,1,0,0.5,2.424786,premature,0,-1,,1,1,premature,0,-1,,1,1,premature,0,-1,,1,1
fixed_800ms,main,fixed,0.08,0.15,0.8,0.05,8,0.25,,,P020,P020_pop909_expressive_rubato_212_bridge.mid,6f5eee7b1684521d31dac9b4e36649e423a8ce813df0a5f142967525e2bf2e17,17,5.783128,1,0,1,1,0,0.0,0.993675,premature,0,-1,,1,1,premature,0,-1,,1,1,premature,0,-1,,1,1
fixed_800ms,main,fixed,0.08,0.15,0.8,0.05,8,0.25,,,P021,P021_pop909_chord_arpeggio_polyphonic_227_piano.mid,41b21fee0bca14bd00917fcf3d879b2fcebb9856fef2228a36e0b912e58444c9,18,7.1641759999999985,1,0,1,0,0,0.0,7.941340,late,0,-1,,0,1,success,1,0,0.7771642583333129,0,0,success,1,0,0.7771642583333129,0,0
fixed_800ms,main,fixed,0.08,0.15,0.8,0.05,8,0.25,,,P022,P022_pop909_chord_arpeggio_polyphonic_003_piano.mid,ea9963c2ef0400f7458ed0b378c21cc36273462aabccb9685efcd21625bbdcfd,19,2.9268239999999985,1,0,1,0,0,0.0,3.726763,late,0,-1,,0,1,success,1,0,0.7999393124999798,0,0,success,1,0,0.7999393124999798,0,0
fixed_800ms,main,fixed,0.08,0.15,0.8,0.05,8,0.25,,,P023,P023_pop909_chord_arpeggio_polyphonic_222_piano.mid,bddeab49734bbbb17982dc09bdfaac6a8c2e1a112b7fd3464c5e7c9deadcfc94,19,6.1538400000000015,1,0,1,1,0,0.0,1.588204,premature,0,-1,,1,1,premature,0,-1,,1,1,premature,0,-1,,1,1
fixed_800ms,main,fixed,0.08,0.15,0.8,0.05,8,0.25,,,P024,P024_pop909_chord_arpeggio_polyphonic_287_piano.mid,ec7a6fe844d8678913cee3e05d68bc85d02d45d316e498dcfe79e58c814953c2,26,6.9347729000000005,8,7,1,0,0,0.875,7.222672,success,1,0,0.2878994916666455,0,0,success,1,0,0.2878994916666455,0,0,success,1,0,0.2878994916666455,0,0
fixed_800ms,main,fixed,0.08,0.15,0.8,0.05,8,0.25,,,P025,P025_pop909_chord_arpeggio_polyphonic_566_piano.mid,52dae62297b7cdeff27e0bea0925c8bebbbb999e9935efba566c8ffc51c206e8,22,5.783128,1,0,1,0,0,0.0,6.562405,late,0,-1,,0,1,success,1,0,0.7792772499999794,0,0,success,1,0,0.7792772499999794,0,0
fixed_800ms,main,fixed,0.08,0.15,0.8,0.05,8,0.25,,,P026,P026_pop909_chord_arpeggio_polyphonic_106_piano.mid,5a21694b1c7abc6be7e5c6ee6dd6611dbca54dacb44c602d9f7dc226f5eaad89,28,7.1641759999999985,2,1,1,0,0,0.5,8.002907,late,0,-1,,0,1,success,1,0,0.8387313958333129,0,0,success,1,0,0.8387313958333129,0,0
fixed_800ms,main,fixed,0.08,0.15,0.8,0.05,8,0.25,,,P027,P027_pop909_chord_arpeggio_polyphonic_218_piano.mid,3d2716434e914a4c1b7b0fee64a762d631c9eb844e328c4f880eb95f36c370a6,32,7.0588159999999975,2,1,1,0,0,0.5,7.912198,late,0,-1,,0,1,success,1,0,0.8533824666666465,0,0,success,1,0,0.8533824666666465,0,0
fixed_800ms,main,fixed,0.08,0.15,0.8,0.05,8,0.25,,,P028,P028_pop909_chord_arpeggio_polyphonic_242_piano.mid,cd5c6e16ed3247ea34a6331d4c2e4dd980c5793b2def6bf2d11ae3b4d6d7560e,27,7.868856,1,0,1,0,0,0.0,8.661069,late,0,-1,,0,1,success,1,0,0.792213043750098,0,0,success,1,0,0.792213043750098,0,0
fixed_800ms,main,fixed,0.08,0.15,0.8,0.05,8,0.25,,,P029,P029_pop909_sparse_short_062_melody.mid,de331be603af62c8ecaeb6b4de4413d0dfe0f3c4a24efa36a90905ae0bb82a26,3,3.24324,2,1,1,0,0,0.5,3.480268,success,1,0,0.23702774999997933,0,0,success,1,0,0.23702774999997933,0,0,success,1,0,0.23702774999997933,0,0
fixed_800ms,main,fixed,0.08,0.15,0.8,0.05,8,0.25,,,P030,P030_pop909_sparse_short_062_melody.mid,f2c561cfdf3ae696074a8292cfd9b6e91d18a740bb99c9c5ad4661e2b5225717,3,2.12837625,1,0,1,1,0,0.0,1.453243,premature,0,-1,,1,1,premature,0,-1,,1,1,premature,0,-1,,1,1
fixed_800ms,main,fixed,0.08,0.15,0.8,0.05,8,0.25,,,P031,P031_pop909_sparse_short_062_melody.mid,113bb580ca65ca779549df831e3b90b62932fe9eb9935891172b6636ee9e6079,3,3.24324,2,1,1,0,0,0.5,3.480268,success,1,0,0.23702774999997933,0,0,success,1,0,0.23702774999997933,0,0,success,1,0,0.23702774999997933,0,0
fixed_800ms,main,fixed,0.08,0.15,0.8,0.05,8,0.25,,,P032,P032_pop909_sparse_short_062_melody.mid,2638d2ec8832338b8f57a7147f9874c863c36279707599ffbd8782269c399746,3,3.24324,2,1,1,0,0,0.5,3.480268,success,1,0,0.23702774999997933,0,0,success,1,0,0.23702774999997933,0,0,success,1,0,0.23702774999997933,0,0
fixed_800ms,main,fixed,0.08,0.15,0.8,0.05,8,0.25,,,P033,P033_pop909_sparse_short_062_melody.mid,dcf51fe0bedf2f9e1acede760976dcde4a78650e163ec3c6ce86d970b4cc65c3,3,3.24324,2,1,1,0,0,0.5,3.480268,success,1,0,0.23702774999997933,0,0,success,1,0,0.23702774999997933,0,0,success,1,0,0.23702774999997933,0,0
fixed_800ms,main,fixed,0.08,0.15,0.8,0.05,8,0.25,,,P034,P034_pop909_dense_fast_095_bridge.mid,1eec4634489ebc2145d5d07f86a58778c994982c97d2dd5704238989cafe8164,49,1.7610275333333312,1,0,1,0,0,0.0,2.700807,late,0,-1,,0,1,success,1,0,0.9397794333333129,0,0,success,1,0,0.9397794333333129,0,0
fixed_800ms,main,fixed,0.08,0.15,0.8,0.05,8,0.25,,,P035,P035_pop909_dense_fast_351_bridge.mid,cce631ae36062ea5c6c5856ce61c72dee517b0d26fc59e569c45986becb91fa5,28,1.0351939999999993,1,0,1,0,0,0.0,1.922946,late,0,-1,,0,1,success,1,0,0.887752085416647,0,0,success,1,0,0.887752085416647,0,0
fixed_800ms,main,fixed,0.08,0.15,0.8,0.05,8,0.25,,,P036,P036_pop909_dense_fast_095_bridge.mid,8d7b860e3c98cfc78be2b1d435ac9d52da48b3df427707b2c9dc6e28266f4b58,38,1.6801452666666645,1,0,1,0,0,0.0,2.612572,late,0,-1,,0,1,success,1,0,0.9324264999999798,0,0,success,1,0,0.9324264999999798,0,0
fixed_800ms,main,fixed,0.08,0.15,0.8,0.05,8,0.25,,,P037,P037_pop909_dense_fast_095_bridge.mid,14ee870cca3317109b67f85cc0241e6678d38b8efed31130577d8d722e145a58,30,0.7977932666666666,1,0,1,0,0,0.0,1.730220,late,0,-1,,0,1,success,1,0,0.9324264999999846,0,0,success,1,0,0.9324264999999846,0,0
fixed_800ms,main,fixed,0.08,0.15,0.8,0.05,8,0.25,,,P038,P038_pop909_dense_fast_727_bridge.mid,4cec022a9c9e7dd2ec868ae3124b7089c195126defe23b8a3d440d2c7bbaf873,45,1.2854942770833329,1,0,1,0,0,0.0,2.203828,late,0,-1,,0,1,success,1,0,0.9183333187499796,0,0,success,1,0,0.9183333187499796,0,0
fixed_800ms,main,fixed,0.08,0.15,0.8,0.05,8,0.25,,,P039,P039_pop909_chromatic_outside_789_piano.mid,89dc01789fe23c4372b236cc806e6567b05346295e667c74639aa4642a3e304b,16,7.272728,1,0,1,1,0,0.0,1.888030,premature,0,-1,,1,1,premature,0,-1,,1,1,premature,0,-1,,1,1
fixed_800ms,main,fixed,0.08,0.15,0.8,0.05,8,0.25,,,P040,P040_pop909_chromatic_outside_064_piano.mid,76f70f424a678deaed9e02ef3b85db1c47a828b39689b0fb75fd6c5cd5f84a3f,23,7.562499999999999,1,0,1,0,0,0.0,7.743333,success,1,0,0.18083333333331275,0,0,success,1,0,0.18083333333331275,0,0,success,1,0,0.18083333333331275,0,0
fixed_800ms,main,fixed,0.08,0.15,0.8,0.05,8,0.25,,,P041,P041_pop909_chromatic_outside_796_piano.mid,5313ed35276167210c99ca9b0d50773ad1c5a71997072b20b1653efba88eb36f,20,6.486488,1,0,1,0,0,0.0,7.326556,late,0,-1,,0,1,success,1,0,0.8400675395833126,0,0,success,1,0,0.8400675395833126,0,0
fixed_800ms,main,fixed,0.08,0.15,0.8,0.05,8,0.25,,,P042,P042_pop909_chromatic_outside_254_piano.mid,dfb97d893bd303a0043e98fe7c14dc376233ce114864c10be992cad37ef88538,24,3.3027539999999993,1,0,1,0,0,0.0,3.981791,late,0,-1,,0,1,success,1,0,0.6790365520833128,0,0,success,1,0,0.6790365520833128,0,0
fixed_800ms,main,fixed,0.08,0.15,0.8,0.05,8,0.25,,,P043,P043_pop909_chromatic_outside_311_bridge.mid,8bb993a52d683a9b093e77f22d9fa6d3df633472edafb5a0056e4e19b5852902,14,7.5,1,0,1,1,0,0.0,2.045937,premature,0,-1,,1,1,premature,0,-1,,1,1,premature,0,-1,,1,1
fixed_800ms,main,fixed,0.08,0.15,0.8,0.05,8,0.25,,,P044,P044_pop909_false_ending_pause_322_bridge.mid,92fa6bc714e6881f40bd275254b082416486b9d155453539c6e2e9cce641a65c,7,4.633333333333333,1,0,1,1,0,0.0,4.047500,premature,0,-1,,1,1,premature,0,-1,,1,1,premature,0,-1,,1,1
fixed_800ms,main,fixed,0.08,0.15,0.8,0.05,8,0.25,,,P045,P045_pop909_false_ending_pause_008_bridge.mid,28ee69826748317d665163811014939ed01825addd8f2c9505d27364a6b4adc8,7,4.876923483333333,1,0,1,1,0,0.0,2.144615,premature,0,-1,,1,1,premature,0,-1,,1,1,premature,0,-1,,1,1
fixed_800ms,main,fixed,0.08,0.15,0.8,0.05,8,0.25,,,P046,P046_pop909_false_ending_pause_253_bridge.mid,0e6ab6a38b763c541fa954510aaf319efab974b676865fe44aaa2c2338435f50,7,5.9943121875,1,0,1,1,0,0.0,2.295226,premature,0,-1,,1,1,premature,0,-1,,1,1,premature,0,-1,,1,1
fixed_800ms,main,fixed,0.08,0.15,0.8,0.05,8,0.25,,,P047,P047_pop909_false_ending_pause_396_melody.mid,45f3dedbc0915a84ff315fcf7040e15383bbafbc739845cd8f4e4db11fbe1207,7,3.8673180812499997,1,0,1,1,0,0.0,3.342681,premature,0,-1,,1,1,premature,0,-1,,1,1,premature,0,-1,,1,1
fixed_800ms,main,fixed,0.08,0.15,0.8,0.05,8,0.25,,,P048,P048_pop909_repetition_tail_234_bridge.mid,8edaf0b3c05cb78569d9801754c34b780426e21b3654154ff150d50ac4c12b59,8,4.000000000000001,1,0,1,1,0,0.0,3.066250,premature,0,-1,,1,1,premature,0,-1,,1,1,premature,0,-1,,1,1
fixed_800ms,main,fixed,0.08,0.15,0.8,0.05,8,0.25,,,P049,P049_pop909_repetition_tail_282_bridge.mid,b5bf7675db361f16e2641027f14dbd38a665a77edf6ca030a9254be54ddab400,8,5.691775224999999,3,2,1,0,0,0.6666666666666666,6.316159,late,0,-1,,0,1,success,1,0,0.6243838916666462,0,0,success,1,0,0.6243838916666462,0,0
fixed_800ms,main,fixed,0.08,0.15,0.8,0.05,8,0.25,,,P050,P050_pop909_repetition_tail_340_bridge.mid,92dfb3e992339ebac2e7204e10ece5a799d2ae91faeb4c2a0ff6f5611e0bfbac,8,5.245888,1,0,1,1,0,0.0,3.647151,premature,0,-1,,1,1,premature,0,-1,,1,1,premature,0,-1,,1,1
cluster_40ms,sensitivity,adaptive,0.04,0.15,,0.05,8,0.25,,,A01,A01_c_pentatonic_balanced.mid,e7a1620ba70d4372e998376d91e2f55590448a9cf5878e969a0f70d410659845,14,4.8,1,0,1,0,0,0.0,5.470000,late,0,-1,,0,1,success,1,0,0.669999999999976,0,0,success,1,0,0.669999999999976,0,0
cluster_40ms,sensitivity,adaptive,0.04,0.15,,0.05,8,0.25,,,A02,A02_a_minor_pentatonic_question.mid,5166d8996017b0341f9265fc4539b25d09211f1cc291b1e25a4623e68b1bbc0e,12,5.054348499999999,1,0,1,0,0,0.0,5.747174,late,0,-1,,0,1,success,1,0,0.6928259999999717,0,0,success,1,0,0.6928259999999717,0,0
cluster_40ms,sensitivity,adaptive,0.04,0.15,,0.05,8,0.25,,,A03,A03_a_blues_tension.mid,1c61cef65142077e0ea54a46832f15bf535a35b23c920ee8e40193b877467fd4,13,4.166669999999999,1,0,1,0,0,0.0,4.721114,late,0,-1,,0,1,success,1,0,0.5544439999999771,0,0,success,1,0,0.5544439999999771,0,0
cluster_40ms,sensitivity,adaptive,0.04,0.15,,0.05,8,0.25,,,A04,A04_classical_antecedent.mid,3b1b42414601831b09678bb49b714e6512be53f451a517170b48c6c3addb07f1,10,4.6499999999999995,1,0,1,0,0,0.0,5.425000,late,0,-1,,0,1,success,1,0,0.774999999999971,0,0,success,1,0,0.774999999999971,0,0
cluster_40ms,sensitivity,adaptive,0.04,0.15,,0.05,8,0.25,,,A05,A05_repetition_tail.mid,c615435e6cf9b0af8c8e4a2d9b7f28ccef90f4cc20ddffc10e23c15ec2296b28,12,4.182691749999999,2,1,1,0,0,0.5,4.720769,late,0,-1,,0,1,success,1,0,0.5380769999999764,0,0,success,1,0,0.5380769999999764,0,0
cluster_40ms,sensitivity,adaptive,0.04,0.15,,0.05,8,0.25,,,A06,A06_syncopated_pop.mid,25a2a2e4aea59cacc8434b36ae5173bd34aaa66ee7eec8c2e460f3f72addaf0e,12,4.3867945,1,0,1,0,0,0.0,5.318775,late,0,-1,,0,1,success,1,0,0.9319809999999737,0,0,success,1,0,0.9319809999999737,0,0
cluster_40ms,sensitivity,adaptive,0.04,0.15,,0.05,8,0.25,,,A07,A07_sparse_long_tones.mid,fb6faee9d721a971b5d6388dc979e5a15c26d45366bfef7ade9a8f82eec3358d,6,5.454543999999999,1,0,1,0,1,0.0,7.787726,late,0,-1,,0,1,late,0,-1,,0,1,late,0,-1,,0,1
cluster_40ms,sensitivity,adaptive,0.04,0.15,,0.05,8,0.25,,,A08,A08_dense_eighth_motion.mid,48faeb92585381b6928f2dc31a3119ec234d815efc25ec9d1ba67538fc3f6b41,16,4.285712000000002,1,0,1,0,0,0.0,4.977855,late,0,-1,,0,1,success,1,0,0.6921429999999793,0,0,success,1,0,0.6921429999999793,0,0
cluster_40ms,sensitivity,adaptive,0.04,0.15,,0.05,8,0.25,,,A09,A09_arched_contour.mid,91acd677fdf9a30e64f3584796b5fc38d648b1ddf3785f4d6a6445102c15ee7c,11,4.6875,1,0,1,0,0,0.0,5.492500,late,0,-1,,0,1,success,1,0,0.8049999999999695,0,0,success,1,0,0.8049999999999695,0,0
cluster_40ms,sensitivity,adaptive,0.04,0.15,,0.05,8,0.25,,,A10,A10_leap_gap_fill.mid,6639c3bceab3644ea59e759d1e92e76bcc9a082b5edaea30893d44682f7f3a97,13,4.6499999999999995,1,0,1,0,0,0.0,5.385000,late,0,-1,,0,1,success,1,0,0.7349999999999746,0,0,success,1,0,0.7349999999999746,0,0
cluster_40ms,sensitivity,adaptive,0.04,0.15,,0.05,8,0.25,,,R01,R01_390-v1.mid,e44793c8c043f7c92184c6189f5e7b1af47c202aaa6df435a76a4d26268313aa,13,4.0,1,0,1,1,0,0.0,2.044583,premature,0,-1,,1,1,premature,0,-1,,1,1,premature,0,-1,,1,1
cluster_40ms,sensitivity,adaptive,0.04,0.15,,0.05,8,0.25,,,R02,R02_667-v3.mid,af3cbab9e93480a553c9a217fc1abefdf3db788d071132050fca4cbfe862cdaa,8,4.0,1,0,1,0,0,0.0,4.377083,success,1,0,0.37708333333330746,0,0,success,1,0,0.37708333333330746,0,0,success,1,0,0.37708333333330746,0,0
cluster_40ms,sensitivity,adaptive,0.04,0.15,,0.05,8,0.25,,,R03,R03_174-v2.mid,88f11f634584a21ce30b0dc39c608cde9da43c7936400bba985f8702ecf9e962,12,3.9999999999999996,1,0,1,1,0,0.0,2.002917,premature,0,-1,,1,1,premature,0,-1,,1,1,premature,0,-1,,1,1
cluster_40ms,sensitivity,adaptive,0.04,0.15,,0.05,8,0.25,,,R04,R04_339-v2.mid,828aff4f088b889d0715fee3e65e9243f89520710a795fa7e4b585407a7da650,9,3.817708333333333,1,0,1,0,0,0.0,4.622292,late,0,-1,,0,1,success,1,0,0.8045833333333121,0,0,success,1,0,0.8045833333333121,0,0
cluster_40ms,sensitivity,adaptive,0.04,0.15,,0.05,8,0.25,,,R05,R05_581.mid,766b0c79d6f6905d1c32f244469b14bf48cb861e79ceede6ac2ee1929437dcf4,13,4.0,1,0,1,0,0,0.0,4.776875,late,0,-1,,0,1,success,1,0,0.7768749999999809,0,0,success,1,0,0.7768749999999809,0,0
cluster_40ms,sensitivity,adaptive,0.04,0.15,,0.05,8,0.25,,,R06,R06_132-v2.mid,e1ccff44d4528b8e4af0e40bdc4699a89e46169a5a6c766acc8ac50740c17bc4,15,4.0,1,0,1,0,0,0.0,4.744792,late,0,-1,,0,1,success,1,0,0.7447916666666501,0,0,success,1,0,0.7447916666666501,0,0
cluster_40ms,sensitivity,adaptive,0.04,0.15,,0.05,8,0.25,,,R07,R07_664-v2.mid,d84d97d7bfa78ff716110978692047e182ce9f01efee7a44f583544e113fed69,11,4.0,1,0,1,1,0,0.0,2.920625,premature,0,-1,,1,1,premature,0,-1,,1,1,premature,0,-1,,1,1
cluster_40ms,sensitivity,adaptive,0.04,0.15,,0.05,8,0.25,,,R08,R08_266-v1.mid,a60f28e61f3323d5039cd94cdaea65c36ca0311962a73686837cf9dfdde0799d,8,4.0,1,0,1,0,0,0.0,4.440000,success,1,0,0.4399999999999702,0,0,success,1,0,0.4399999999999702,0,0,success,1,0,0.4399999999999702,0,0
cluster_40ms,sensitivity,adaptive,0.04,0.15,,0.05,8,0.25,,,R09,R09_433.mid,e1f859f9f55ce2a1718a88f1ce5f88ffffd035cd2ac61aeba9f71e42eb3d1658,23,4.000000000000001,1,0,1,0,0,0.0,4.607708,late,0,-1,,0,1,success,1,0,0.6077083333333198,0,0,success,1,0,0.6077083333333198,0,0
cluster_40ms,sensitivity,adaptive,0.04,0.15,,0.05,8,0.25,,,R10,R10_039-v2.mid,25635c75dc841999c02ffb9b7d67ef21f421bef585b28e0635701689b574a8f6,11,4.000000000000001,1,0,1,1,0,0.0,3.580833,premature,0,-1,,1,1,premature,0,-1,,1,1,premature,0,-1,,1,1
cluster_40ms,sensitivity,adaptive,0.04,0.15,,0.05,8,0.25,,,R11,R11_538.mid,676637ee06573aad6e8ea80367346578ac11b8ed36c9f8ce5702eda3643830ab,20,3.921875,1,0,1,0,0,0.0,4.330833,success,1,0,0.4089583333333211,0,0,success,1,0,0.4089583333333211,0,0,success,1,0,0.4089583333333211,0,0
cluster_40ms,sensitivity,adaptive,0.04,0.15,,0.05,8,0.25,,,R12,R12_457.mid,151dd04bd54d11512876bab817410ae94fb81547894ff0a3b96401968101f6df,13,4.0,1,0,1,1,0,0.0,2.326250,premature,0,-1,,1,1,premature,0,-1,,1,1,premature,0,-1,,1,1
cluster_40ms,sensitivity,adaptive,0.04,0.15,,0.05,8,0.25,,,R13,R13_353-v1.mid,ef59a3cdc969d70fd54c9cd52a37e30deb9772958305ace368edde9ea5afc7c3,11,4.0,1,0,1,1,0,0.0,1.859167,premature,0,-1,,1,1,premature,0,-1,,1,1,premature,0,-1,,1,1
cluster_40ms,sensitivity,adaptive,0.04,0.15,,0.05,8,0.25,,,R14,R14_073.mid,6014529ddd8b96a82fd599bf2e0268f5da21dad2080ba59e69de225512a58ee3,12,3.939583333333333,1,0,1,0,0,0.0,4.832708,late,0,-1,,0,1,success,1,0,0.8931249999999782,0,0,success,1,0,0.8931249999999782,0,0
cluster_40ms,sensitivity,adaptive,0.04,0.15,,0.05,8,0.25,,,R15,R15_156-v2.mid,d6ae647242ceff286d61867ebb06ee767c382eed20c618f7988a94d4733b7d8d,9,4.0,1,0,1,1,0,0.0,3.896875,premature,0,-1,,1,1,premature,0,-1,,1,1,premature,0,-1,,1,1
cluster_40ms,sensitivity,adaptive,0.04,0.15,,0.05,8,0.25,,,R16,R16_249.mid,32c21206c709d04269f4de5a9705ca310189a55c657a53ea8612ed3c5ac480dd,8,4.0,1,0,1,0,0,0.0,5.295625,late,0,-1,,0,1,late,0,-1,,0,1,success,1,0,1.2956249999999647,0,0
cluster_40ms,sensitivity,adaptive,0.04,0.15,,0.05,8,0.25,,,R17,R17_319.mid,7b40b95a494f202130093514531c7232c45d539c2a7ebafe5dee64fac4bc0e7e,18,4.0,1,0,1,0,0,0.0,4.570208,late,0,-1,,0,1,success,1,0,0.5702083333333201,0,0,success,1,0,0.5702083333333201,0,0
cluster_40ms,sensitivity,adaptive,0.04,0.15,,0.05,8,0.25,,,R18,R18_249.mid,0dc5853f595ca79ae339d76ccf661f166c739dba3b0cb0d66eeb860ef17dd7c0,9,4.0,1,0,1,0,0,0.0,4.365625,success,1,0,0.3656249999999739,0,0,success,1,0,0.3656249999999739,0,0,success,1,0,0.3656249999999739,0,0
cluster_40ms,sensitivity,adaptive,0.04,0.15,,0.05,8,0.25,,,R19,R19_733.mid,73dc520e4f2e19e784486fb5160d0686a1f7d90b81c9bb57b8e6478f3b2032fe,10,4.0,1,0,1,1,0,0.0,1.744583,premature,0,-1,,1,1,premature,0,-1,,1,1,premature,0,-1,,1,1
cluster_40ms,sensitivity,adaptive,0.04,0.15,,0.05,8,0.25,,,R20,R20_660.mid,a3a01235dabd1fd09f3b7047e7b59bee8af87f41bc4456aa3e261bc412d6998a,8,3.983333333333334,1,0,1,0,0,0.0,5.447708,late,0,-1,,0,1,late,0,-1,,0,1,success,1,0,1.4643749999999653,0,0
cluster_40ms,sensitivity,adaptive,0.04,0.15,,0.05,8,0.25,,,R21,R21_756-v2.mid,7b479a282dd8ac5742239c1fda08a8a89a1834843d91b2b219beaa12a020ebdc,8,4.0,1,0,1,0,0,0.0,5.600625,late,0,-1,,0,1,late,0,-1,,0,1,success,1,0,1.6006249999999627,0,0
cluster_40ms,sensitivity,adaptive,0.04,0.15,,0.05,8,0.25,,,R22,R22_156.mid,530aaba96af00f7031edd5c0b26b6a257808c3f3d7df6c3d36f325fc29229487,10,4.0,1,0,1,1,0,0.0,3.791875,premature,0,-1,,1,1,premature,0,-1,,1,1,premature,0,-1,,1,1
cluster_40ms,sensitivity,adaptive,0.04,0.15,,0.05,8,0.25,,,R23,R23_645.mid,4089adb020ffa2aa242ec57c10ef8efd9ad726c8c6bf22e335e91d65a5783ac4,12,3.9999999999999996,1,0,1,1,0,0.0,3.363958,premature,0,-1,,1,1,premature,0,-1,,1,1,premature,0,-1,,1,1
cluster_40ms,sensitivity,adaptive,0.04,0.15,,0.05,8,0.25,,,R24,R24_242-v2.mid,5a18cae5a6fd996e3688bb05a6723665c26e561d21b88c112d65d4a6bdb51fca,15,4.000000000000001,2,1,1,1,0,0.5,3.341458,premature,0,-1,,1,1,premature,0,-1,,1,1,premature,0,-1,,1,1
cluster_40ms,sensitivity,adaptive,0.04,0.15,,0.05,8,0.25,,,R25,R25_618-v1.mid,56ff3fa00dc9e75c7913306f4a8cede335d24189bb8e26cfce827120f12743c7,10,4.0,1,0,1,1,0,0.0,3.186250,premature,0,-1,,1,1,premature,0,-1,,1,1,premature,0,-1,,1,1
cluster_40ms,sensitivity,adaptive,0.04,0.15,,0.05,8,0.25,,,R26,R26_560-v1.mid,f0d0a16aff422f9a5877f2944cdd0b959b4801aa449310959626fa7dbd7a6edb,15,3.951041666666667,2,1,1,0,0,0.5,4.622917,late,0,-1,,0,1,success,1,0,0.6718749999999831,0,0,success,1,0,0.6718749999999831,0,0
cluster_40ms,sensitivity,adaptive,0.04,0.15,,0.05,8,0.25,,,R27,R27_735.mid,c6fabc901af844a2236d5a2956bd48e11d7952607af238e872c0dc7f65dbaa6f,16,4.0,2,1,1,0,0,0.5,4.795625,late,0,-1,,0,1,success,1,0,0.7956249999999816,0,0,success,1,0,0.7956249999999816,0,0
cluster_40ms,sensitivity,adaptive,0.04,0.15,,0.05,8,0.25,,,R28,R28_804-v3.mid,f2326f94ae3ec36fd956ed7a74f507c37dfaeae99fddbfc7f2cbf87414f92030,11,3.9802083333333336,1,0,1,1,0,0.0,2.786250,premature,0,-1,,1,1,premature,0,-1,,1,1,premature,0,-1,,1,1
cluster_40ms,sensitivity,adaptive,0.04,0.15,,0.05,8,0.25,,,R29,R29_846-v2.mid,b750d5ab04a7fcc02298fea281e624dbc92dd1640a17037e580bb5b845ab517b,12,4.0,2,1,1,0,0,0.5,4.812917,late,0,-1,,0,1,success,1,0,0.8129166666666441,0,0,success,1,0,0.8129166666666441,0,0
cluster_40ms,sensitivity,adaptive,0.04,0.15,,0.05,8,0.25,,,R30,R30_002-v2.mid,3b8c10e5c6886af05080687f0bc745791d33e73b2cec916337c1799e43024254,19,4.0,1,0,1,0,0,0.0,4.747917,late,0,-1,,0,1,success,1,0,0.7479166666666499,0,0,success,1,0,0.7479166666666499,0,0
cluster_40ms,sensitivity,adaptive,0.04,0.15,,0.05,8,0.25,,,R31,R31_069-v5.mid,ad5859e7014674fc2b088288d32445f60e2790c868a97bae22f5c6c6f7a9c906,10,4.0,1,0,1,0,0,0.0,4.614583,late,0,-1,,0,1,success,1,0,0.6145833333333073,0,0,success,1,0,0.6145833333333073,0,0
cluster_40ms,sensitivity,adaptive,0.04,0.15,,0.05,8,0.25,,,R32,R32_290-v2.mid,b6d63759467030d9561098d602d2077dba3fd2e6533d64bc6401940ec9398bd7,11,4.0,1,0,1,1,0,0.0,0.866667,premature,0,-1,,1,1,premature,0,-1,,1,1,premature,0,-1,,1,1
cluster_40ms,sensitivity,adaptive,0.04,0.15,,0.05,8,0.25,,,R33,R33_144-v1.mid,14914529875824c38e895baf4969bc1f01031d5a20038d87474333091ce8bf16,21,4.0,1,0,1,0,0,0.0,4.573542,late,0,-1,,0,1,success,1,0,0.5735416666666548,0,0,success,1,0,0.5735416666666548,0,0
cluster_40ms,sensitivity,adaptive,0.04,0.15,,0.05,8,0.25,,,R34,R34_680-v3.mid,193fa77f9af23482857e237a7f27c3f78c79243d9a1ffca85d491c191040a3d9,15,4.0,1,0,1,0,0,0.0,4.773750,late,0,-1,,0,1,success,1,0,0.7737499999999811,0,0,success,1,0,0.7737499999999811,0,0
cluster_40ms,sensitivity,adaptive,0.04,0.15,,0.05,8,0.25,,,R35,R35_436-v2.mid,0db58df01ff0e7ef7665b41a914d45f2c8da7ce346a391eafaadda58c2fbcbd1,8,3.9999999999999996,1,0,1,1,0,0.0,2.049792,premature,0,-1,,1,1,premature,0,-1,,1,1,premature,0,-1,,1,1
cluster_40ms,sensitivity,adaptive,0.04,0.15,,0.05,8,0.25,,,R36,R36_230.mid,292e936198ef29131aa14fa25acb693df0d1183ea1dde8ce70b941f2378a5b3c,11,4.0,1,0,1,1,0,0.0,2.227917,premature,0,-1,,1,1,premature,0,-1,,1,1,premature,0,-1,,1,1
cluster_40ms,sensitivity,adaptive,0.04,0.15,,0.05,8,0.25,,,R37,R37_667-v3.mid,3423caa4b45632a7f2c919a198ed678b6eb9786448d01e549dc32a5398afcf9f,7,4.0,1,0,1,0,0,0.0,5.932083,late,0,-1,,0,1,late,0,-1,,0,1,success,1,0,1.9320833333332903,0,0
cluster_40ms,sensitivity,adaptive,0.04,0.15,,0.05,8,0.25,,,R38,R38_136.mid,3abb38ce19d8de517c62b2014f88ea09cffbe9e6bf5ed9c01ed0c1155a8acbe5,14,4.0,2,1,1,0,0,0.5,4.935833,late,0,-1,,0,1,success,1,0,0.9358333333333118,0,0,success,1,0,0.9358333333333118,0,0
cluster_40ms,sensitivity,adaptive,0.04,0.15,,0.05,8,0.25,,,R39,R39_578-v3.mid,fceb1f97ce180f42e04547ff0aa0b9478cd06770ac604a3832d919926ad92aa7,16,4.0,1,0,1,0,0,0.0,4.743958,late,0,-1,,0,1,success,1,0,0.7439583333333175,0,0,success,1,0,0.7439583333333175,0,0
cluster_40ms,sensitivity,adaptive,0.04,0.15,,0.05,8,0.25,,,R40,R40_454.mid,d848f11068ba98d752767ac7826bc58b93c22e9b031ee710f0fae41eccde2eec,12,3.9187499999999997,1,0,1,0,0,0.0,4.954375,late,0,-1,,0,1,late,0,-1,,0,1,success,1,0,1.035624999999976,0,0
cluster_40ms,sensitivity,adaptive,0.04,0.15,,0.05,8,0.25,,,P001,P001_pop909_clear_motif_melody_298_bridge.mid,8b00372060ba7b623d803e3af7e70f5ef60b65f66816ad377f725005f4c84fa9,10,4.948456,2,1,1,0,0,0.5,6.278662,late,0,-1,,0,1,late,0,-1,,0,1,success,1,0,1.330206047916632,0,0
cluster_40ms,sensitivity,adaptive,0.04,0.15,,0.05,8,0.25,,,P002,P002_pop909_clear_motif_melody_248_bridge.mid,ccb942640a73e3e0122c796c0971c8f675a924861614fa62562f002ab9ef196d,10,3.478248,1,0,1,0,0,0.0,4.030315,late,0,-1,,0,1,success,1,0,0.5520668562499793,0,0,success,1,0,0.5520668562499793,0,0
cluster_40ms,sensitivity,adaptive,0.04,0.15,,0.05,8,0.25,,,P003,P003_pop909_clear_motif_melody_339_melody.mid,628d1079f63c4bf7a08c4ee78f0765919be119f7b82f8dc3ffde83afbb2238ec,10,6.3124899,1,0,1,1,0,0.0,4.710481,premature,0,-1,,1,1,premature,0,-1,,1,1,premature,0,-1,,1,1
cluster_40ms,sensitivity,adaptive,0.04,0.15,,0.05,8,0.25,,,P004,P004_pop909_clear_motif_melody_268_melody.mid,e1ad81a5ae674340b836f4d87a0f82f0920845ccc4214feb28ccf9b9603f0948,10,8.0,1,0,1,0,0,0.0,8.347500,success,1,0,0.347500000000041,0,0,success,1,0,0.347500000000041,0,0,success,1,0,0.347500000000041,0,0
cluster_40ms,sensitivity,adaptive,0.04,0.15,,0.05,8,0.25,,,P005,P005_pop909_clear_motif_melody_021_melody.mid,a1fe99526a41a4b56b5a507d209dd13d4105ef53e85d25dd53ce7e9ee5915ff3,10,4.13157275,2,1,1,0,0,0.5,5.173503,late,0,-1,,0,1,late,0,-1,,0,1,success,1,0,1.0419303541666372,0,0
cluster_40ms,sensitivity,adaptive,0.04,0.15,,0.05,8,0.25,,,P006,P006_pop909_clear_motif_melody_220_melody.mid,81d85ebdbdb62cf3dd0eb82602b7fe26907e395242e71f5bb78ef112438b09cc,10,3.870936,2,1,1,0,0,0.5,5.055615,late,0,-1,,0,1,late,0,-1,,0,1,success,1,0,1.1846787749999712,0,0
cluster_40ms,sensitivity,adaptive,0.04,0.15,,0.05,8,0.25,,,P007,P007_pop909_clear_motif_melody_273_melody.mid,b6f10983b8aa291a839fc6e5232bc1920fa3b1e354e6e03e788a7a6b17af9d59,10,6.48648,1,0,1,1,0,0.0,5.257293,premature,0,-1,,1,1,premature,0,-1,,1,1,premature,0,-1,,1,1
cluster_40ms,sensitivity,adaptive,0.04,0.15,,0.05,8,0.25,,,P008,P008_pop909_clear_motif_melody_713_melody.mid,cc0088d140a0c7f748d7a717a6f796eed7338f6a4d8889e8e2eebd7fab8f8f51,10,5.454544,1,0,1,1,0,0.0,3.470284,premature,0,-1,,1,1,premature,0,-1,,1,1,premature,0,-1,,1,1
cluster_40ms,sensitivity,adaptive,0.04,0.15,,0.05,8,0.25,,,P009,P009_pop909_clear_motif_melody_328_melody.mid,e8885a270c794ef4d50b9e6e050e3a0d3d8301d178169d86d88126123dbf06e2,10,5.333328,1,0,1,1,0,0.0,2.229999,premature,0,-1,,1,1,premature,0,-1,,1,1,premature,0,-1,,1,1
cluster_40ms,sensitivity,adaptive,0.04,0.15,,0.05,8,0.25,,,P010,P010_pop909_clear_motif_melody_407_melody.mid,42e7658af7a87529d58b908a6d60cc195eeb297cdd129a98e1cb2649ce5aecce,10,6.15,1,0,1,1,0,0.0,5.520000,premature,0,-1,,1,1,premature,0,-1,,1,1,premature,0,-1,,1,1
cluster_40ms,sensitivity,adaptive,0.04,0.15,,0.05,8,0.25,,,P011,P011_pop909_clear_motif_melody_119_melody.mid,896c48c32a15cf85bd286aa4436d0a697c9a91692eb0fb128687d212976619d5,10,7.272728,1,0,1,1,0,0.0,2.383182,premature,0,-1,,1,1,premature,0,-1,,1,1,premature,0,-1,,1,1
cluster_40ms,sensitivity,adaptive,0.04,0.15,,0.05,8,0.25,,,P012,P012_pop909_clear_motif_melody_188_melody.mid,54bf4eb2f8bff2ccd5d214afc84523384678bdefdf3145e821781182c58bc003,10,4.363632000000001,1,0,1,1,0,0.0,1.535227,premature,0,-1,,1,1,premature,0,-1,,1,1,premature,0,-1,,1,1
cluster_40ms,sensitivity,adaptive,0.04,0.15,,0.05,8,0.25,,,P013,P013_pop909_expressive_rubato_203_bridge.mid,d94792fd3118efad79013d413549904951e6acf204434771004ef7b6bac68e4a,9,3.000000000000001,1,0,1,1,0,0.0,1.478958,premature,0,-1,,1,1,premature,0,-1,,1,1,premature,0,-1,,1,1
cluster_40ms,sensitivity,adaptive,0.04,0.15,,0.05,8,0.25,,,P014,P014_pop909_expressive_rubato_203_bridge.mid,d78dea53ea8b5558568755412ec7c72b704ce448c1990fbb631bad2aba3c7411,9,3.0,1,0,1,0,1,0.0,5.228958,late,0,-1,,0,1,late,0,-1,,0,1,late,0,-1,,0,1
cluster_40ms,sensitivity,adaptive,0.04,0.15,,0.05,8,0.25,,,P015,P015_pop909_expressive_rubato_263_bridge.mid,fdbb28e369fed211abc0a0b53b2006a331c357c454f4284639fd36961d3aac40,16,5.333328000000002,1,0,1,0,1,0.0,7.450550,late,0,-1,,0,1,late,0,-1,,0,1,late,0,-1,,0,1
cluster_40ms,sensitivity,adaptive,0.04,0.15,,0.05,8,0.25,,,P016,P016_pop909_expressive_rubato_617_bridge.mid,37d4c7b2c4a5856f926b9e67a662ac676aa83beca73c7dfc2dd6c188e52a38a4,4,1.3348119999999997,1,0,1,0,0,0.0,3.228689,late,0,-1,,0,1,late,0,-1,,0,1,success,1,0,1.893876566666626,0,0
cluster_40ms,sensitivity,adaptive,0.04,0.15,,0.05,8,0.25,,,P017,P017_pop909_expressive_rubato_178_bridge.mid,cfbf91b1d04e90e9d2e6b6f7ddd9fc480393f1166fde55646495523c989f5d8e,20,6.760552000000001,1,0,1,0,1,0.0,8.855200,late,0,-1,,0,1,late,0,-1,,0,1,late,0,-1,,0,1
cluster_40ms,sensitivity,adaptive,0.04,0.15,,0.05,8,0.25,,,P018,P018_pop909_expressive_rubato_191_bridge.mid,b6e56889014ca3786b340c447e92d66f50ed149b21600186179487f5799f9b73,22,7.272727999999999,1,0,1,1,0,0.0,3.178712,premature,0,-1,,1,1,premature,0,-1,,1,1,premature,0,-1,,1,1
cluster_40ms,sensitivity,adaptive,0.04,0.15,,0.05,8,0.25,,,P019,P019_pop909_expressive_rubato_178_bridge.mid,51d4e82b5c0b217263d7a849828b0f05a8411876b0a87f85f4c175bf27767739,20,6.760551999999999,1,0,1,1,0,0.0,1.409717,premature,0,-1,,1,1,premature,0,-1,,1,1,premature,0,-1,,1,1
cluster_40ms,sensitivity,adaptive,0.04,0.15,,0.05,8,0.25,,,P020,P020_pop909_expressive_rubato_212_bridge.mid,6f5eee7b1684521d31dac9b4e36649e423a8ce813df0a5f142967525e2bf2e17,17,5.783128,1,0,1,1,0,0.0,4.248793,premature,0,-1,,1,1,premature,0,-1,,1,1,premature,0,-1,,1,1
cluster_40ms,sensitivity,adaptive,0.04,0.15,,0.05,8,0.25,,,P021,P021_pop909_chord_arpeggio_polyphonic_227_piano.mid,41b21fee0bca14bd00917fcf3d879b2fcebb9856fef2228a36e0b912e58444c9,18,7.1641759999999985,1,0,1,0,0,0.0,8.476340,late,0,-1,,0,1,late,0,-1,,0,1,success,1,0,1.3121642583333868,0,0
cluster_40ms,sensitivity,adaptive,0.04,0.15,,0.05,8,0.25,,,P022,P022_pop909_chord_arpeggio_polyphonic_003_piano.mid,ea9963c2ef0400f7458ed0b378c21cc36273462aabccb9685efcd21625bbdcfd,19,2.9268239999999985,1,0,1,0,0,0.0,3.706763,late,0,-1,,0,1,success,1,0,0.7799393124999803,0,0,success,1,0,0.7799393124999803,0,0
cluster_40ms,sensitivity,adaptive,0.04,0.15,,0.05,8,0.25,,,P023,P023_pop909_chord_arpeggio_polyphonic_222_piano.mid,bddeab49734bbbb17982dc09bdfaac6a8c2e1a112b7fd3464c5e7c9deadcfc94,19,6.1538400000000015,1,0,1,0,0,0.0,7.295507,late,0,-1,,0,1,late,0,-1,,0,1,success,1,0,1.141666999999969,0,0
cluster_40ms,sensitivity,adaptive,0.04,0.15,,0.05,8,0.25,,,P024,P024_pop909_chord_arpeggio_polyphonic_287_piano.mid,ec7a6fe844d8678913cee3e05d68bc85d02d45d316e498dcfe79e58c814953c2,26,6.9347729000000005,1,0,1,0,1,0.0,9.017672,late,0,-1,,0,1,late,0,-1,,0,1,late,0,-1,,0,1
cluster_40ms,sensitivity,adaptive,0.04,0.15,,0.05,8,0.25,,,P025,P025_pop909_chord_arpeggio_polyphonic_566_piano.mid,52dae62297b7cdeff27e0bea0925c8bebbbb999e9935efba566c8ffc51c206e8,22,5.783128,1,0,1,0,0,0.0,6.842405,late,0,-1,,0,1,late,0,-1,,0,1,success,1,0,1.0592772499999734,0,0
cluster_40ms,sensitivity,adaptive,0.04,0.15,,0.05,8,0.25,,,P026,P026_pop909_chord_arpeggio_polyphonic_106_piano.mid,5a21694b1c7abc6be7e5c6ee6dd6611dbca54dacb44c602d9f7dc226f5eaad89,28,7.1641759999999985,1,0,1,0,0,0.0,8.537907,late,0,-1,,0,1,late,0,-1,,0,1,success,1,0,1.3737313958333965,0,0
cluster_40ms,sensitivity,adaptive,0.04,0.15,,0.05,8,0.25,,,P027,P027_pop909_chord_arpeggio_polyphonic_218_piano.mid,3d2716434e914a4c1b7b0fee64a762d631c9eb844e328c4f880eb95f36c370a6,32,7.0588159999999975,1,0,1,0,0,0.0,7.957198,late,0,-1,,0,1,success,1,0,0.8983824666666456,0,0,success,1,0,0.8983824666666456,0,0
cluster_40ms,sensitivity,adaptive,0.04,0.15,,0.05,8,0.25,,,P028,P028_pop909_chord_arpeggio_polyphonic_242_piano.mid,cd5c6e16ed3247ea34a6331d4c2e4dd980c5793b2def6bf2d11ae3b4d6d7560e,27,7.868856,1,0,1,0,0,0.0,9.021069,late,0,-1,,0,1,late,0,-1,,0,1,success,1,0,1.1522130437501543,0,0
cluster_40ms,sensitivity,adaptive,0.04,0.15,,0.05,8,0.25,,,P029,P029_pop909_sparse_short_062_melody.mid,de331be603af62c8ecaeb6b4de4413d0dfe0f3c4a24efa36a90905ae0bb82a26,3,3.24324,1,0,1,0,0,0.0,4.500268,late,0,-1,,0,1,late,0,-1,,0,1,success,1,0,1.257027749999958,0,0
cluster_40ms,sensitivity,adaptive,0.04,0.15,,0.05,8,0.25,,,P030,P030_pop909_sparse_short_062_melody.mid,f2c561cfdf3ae696074a8292cfd9b6e91d18a740bb99c9c5ad4661e2b5225717,3,2.12837625,1,0,1,1,0,0.0,1.258243,premature,0,-1,,1,1,premature,0,-1,,1,1,premature,0,-1,,1,1
cluster_40ms,sensitivity,adaptive,0.04,0.15,,0.05,8,0.25,,,P031,P031_pop909_sparse_short_062_melody.mid,113bb580ca65ca779549df831e3b90b62932fe9eb9935891172b6636ee9e6079,3,3.24324,1,0,1,0,0,0.0,4.500268,late,0,-1,,0,1,late,0,-1,,0,1,success,1,0,1.257027749999958,0,0
cluster_40ms,sensitivity,adaptive,0.04,0.15,,0.05,8,0.25,,,P032,P032_pop909_sparse_short_062_melody.mid,2638d2ec8832338b8f57a7147f9874c863c36279707599ffbd8782269c399746,3,3.24324,1,0,1,0,0,0.0,4.500268,late,0,-1,,0,1,late,0,-1,,0,1,success,1,0,1.257027749999958,0,0
cluster_40ms,sensitivity,adaptive,0.04,0.15,,0.05,8,0.25,,,P033,P033_pop909_sparse_short_062_melody.mid,dcf51fe0bedf2f9e1acede760976dcde4a78650e163ec3c6ce86d970b4cc65c3,3,3.24324,1,0,1,0,0,0.0,4.500268,late,0,-1,,0,1,late,0,-1,,0,1,success,1,0,1.257027749999958,0,0
cluster_40ms,sensitivity,adaptive,0.04,0.15,,0.05,8,0.25,,,P034,P034_pop909_dense_fast_095_bridge.mid,1eec4634489ebc2145d5d07f86a58778c994982c97d2dd5704238989cafe8164,49,1.7610275333333312,1,0,1,0,0,0.0,2.035807,success,1,0,0.2747794333333271,0,0,success,1,0,0.2747794333333271,0,0,success,1,0,0.2747794333333271,0,0
cluster_40ms,sensitivity,adaptive,0.04,0.15,,0.05,8,0.25,,,P035,P035_pop909_dense_fast_351_bridge.mid,cce631ae36062ea5c6c5856ce61c72dee517b0d26fc59e569c45986becb91fa5,28,1.0351939999999993,1,0,1,0,0,0.0,1.282946,success,1,0,0.2477520854166606,0,0,success,1,0,0.2477520854166606,0,0,success,1,0,0.2477520854166606,0,0
cluster_40ms,sensitivity,adaptive,0.04,0.15,,0.05,8,0.25,,,P036,P036_pop909_dense_fast_095_bridge.mid,8d7b860e3c98cfc78be2b1d435ac9d52da48b3df427707b2c9dc6e28266f4b58,38,1.6801452666666645,1,0,1,0,0,0.0,1.982572,success,1,0,0.30242649999999305,0,0,success,1,0,0.30242649999999305,0,0,success,1,0,0.30242649999999305,0,0
cluster_40ms,sensitivity,adaptive,0.04,0.15,,0.05,8,0.25,,,P037,P037_pop909_dense_fast_095_bridge.mid,14ee870cca3317109b67f85cc0241e6678d38b8efed31130577d8d722e145a58,30,0.7977932666666666,1,0,1,0,0,0.0,1.095220,success,1,0,0.29742649999999815,0,0,success,1,0,0.29742649999999815,0,0,success,1,0,0.29742649999999815,0,0
cluster_40ms,sensitivity,adaptive,0.04,0.15,,0.05,8,0.25,,,P038,P038_pop909_dense_fast_727_bridge.mid,4cec022a9c9e7dd2ec868ae3124b7089c195126defe23b8a3d440d2c7bbaf873,45,1.2854942770833329,1,0,1,0,0,0.0,1.598828,success,1,0,0.3133333187499925,0,0,success,1,0,0.3133333187499925,0,0,success,1,0,0.3133333187499925,0,0
cluster_40ms,sensitivity,adaptive,0.04,0.15,,0.05,8,0.25,,,P039,P039_pop909_chromatic_outside_789_piano.mid,89dc01789fe23c4372b236cc806e6567b05346295e667c74639aa4642a3e304b,16,7.272728,1,0,1,1,0,0.0,1.323030,premature,0,-1,,1,1,premature,0,-1,,1,1,premature,0,-1,,1,1
cluster_40ms,sensitivity,adaptive,0.04,0.15,,0.05,8,0.25,,,P040,P040_pop909_chromatic_outside_064_piano.mid,76f70f424a678deaed9e02ef3b85db1c47a828b39689b0fb75fd6c5cd5f84a3f,23,7.562499999999999,1,0,1,0,0,0.0,7.688333,success,1,0,0.12583333333331392,0,0,success,1,0,0.12583333333331392,0,0,success,1,0,0.12583333333331392,0,0
cluster_40ms,sensitivity,adaptive,0.04,0.15,,0.05,8,0.25,,,P041,P041_pop909_chromatic_outside_796_piano.mid,5313ed35276167210c99ca9b0d50773ad1c5a71997072b20b1653efba88eb36f,20,6.486488,1,0,1,0,0,0.0,7.736556,late,0,-1,,0,1,late,0,-1,,0,1,success,1,0,1.2500675395833039,0,0
cluster_40ms,sensitivity,adaptive,0.04,0.15,,0.05,8,0.25,,,P042,P042_pop909_chromatic_outside_254_piano.mid,dfb97d893bd303a0043e98fe7c14dc376233ce114864c10be992cad37ef88538,24,3.3027539999999993,1,0,1,0,0,0.0,4.121791,late,0,-1,,0,1,success,1,0,0.8190365520833103,0,0,success,1,0,0.8190365520833103,0,0
cluster_40ms,sensitivity,adaptive,0.04,0.15,,0.05,8,0.25,,,P043,P043_pop909_chromatic_outside_311_bridge.mid,8bb993a52d683a9b093e77f22d9fa6d3df633472edafb5a0056e4e19b5852902,14,7.5,1,0,1,1,0,0.0,2.180937,premature,0,-1,,1,1,premature,0,-1,,1,1,premature,0,-1,,1,1
cluster_40ms,sensitivity,adaptive,0.04,0.15,,0.05,8,0.25,,,P044,P044_pop909_false_ending_pause_322_bridge.mid,92fa6bc714e6881f40bd275254b082416486b9d155453539c6e2e9cce641a65c,7,4.633333333333333,1,0,1,0,0,0.0,4.742500,success,1,0,0.10916666666663222,0,0,success,1,0,0.10916666666663222,0,0,success,1,0,0.10916666666663222,0,0
cluster_40ms,sensitivity,adaptive,0.04,0.15,,0.05,8,0.25,,,P045,P045_pop909_false_ending_pause_008_bridge.mid,28ee69826748317d665163811014939ed01825addd8f2c9505d27364a6b4adc8,7,4.876923483333333,1,0,1,1,0,0.0,2.204615,premature,0,-1,,1,1,premature,0,-1,,1,1,premature,0,-1,,1,1
cluster_40ms,sensitivity,adaptive,0.04,0.15,,0.05,8,0.25,,,P046,P046_pop909_false_ending_pause_253_bridge.mid,0e6ab6a38b763c541fa954510aaf319efab974b676865fe44aaa2c2338435f50,7,5.9943121875,1,0,1,1,0,0.0,2.430226,premature,0,-1,,1,1,premature,0,-1,,1,1,premature,0,-1,,1,1
cluster_40ms,sensitivity,adaptive,0.04,0.15,,0.05,8,0.25,,,P047,P047_pop909_false_ending_pause_396_melody.mid,45f3dedbc0915a84ff315fcf7040e15383bbafbc739845cd8f4e4db11fbe1207,7,3.8673180812499997,1,0,1,1,0,0.0,3.542681,premature,0,-1,,1,1,premature,0,-1,,1,1,premature,0,-1,,1,1
cluster_40ms,sensitivity,adaptive,0.04,0.15,,0.05,8,0.25,,,P048,P048_pop909_repetition_tail_234_bridge.mid,8edaf0b3c05cb78569d9801754c34b780426e21b3654154ff150d50ac4c12b59,8,4.000000000000001,1,0,1,1,0,0.0,3.011250,premature,0,-1,,1,1,premature,0,-1,,1,1,premature,0,-1,,1,1
cluster_40ms,sensitivity,adaptive,0.04,0.15,,0.05,8,0.25,,,P049,P049_pop909_repetition_tail_282_bridge.mid,b5bf7675db361f16e2641027f14dbd38a665a77edf6ca030a9254be54ddab400,8,5.691775224999999,1,0,1,0,0,0.0,7.096159,late,0,-1,,0,1,late,0,-1,,0,1,success,1,0,1.4043838916666296,0,0
cluster_40ms,sensitivity,adaptive,0.04,0.15,,0.05,8,0.25,,,P050,P050_pop909_repetition_tail_340_bridge.mid,92dfb3e992339ebac2e7204e10ece5a799d2ae91faeb4c2a0ff6f5611e0bfbac,8,5.245888,1,0,1,1,0,0.0,3.827151,premature,0,-1,,1,1,premature,0,-1,,1,1,premature,0,-1,,1,1
cluster_120ms,sensitivity,adaptive,0.12,0.15,,0.05,8,0.25,,,A01,A01_c_pentatonic_balanced.mid,e7a1620ba70d4372e998376d91e2f55590448a9cf5878e969a0f70d410659845,14,4.8,1,0,1,0,0,0.0,5.470000,late,0,-1,,0,1,success,1,0,0.669999999999976,0,0,success,1,0,0.669999999999976,0,0
cluster_120ms,sensitivity,adaptive,0.12,0.15,,0.05,8,0.25,,,A02,A02_a_minor_pentatonic_question.mid,5166d8996017b0341f9265fc4539b25d09211f1cc291b1e25a4623e68b1bbc0e,12,5.054348499999999,1,0,1,0,0,0.0,5.747174,late,0,-1,,0,1,success,1,0,0.6928259999999717,0,0,success,1,0,0.6928259999999717,0,0
cluster_120ms,sensitivity,adaptive,0.12,0.15,,0.05,8,0.25,,,A03,A03_a_blues_tension.mid,1c61cef65142077e0ea54a46832f15bf535a35b23c920ee8e40193b877467fd4,13,4.166669999999999,1,0,1,0,0,0.0,4.721114,late,0,-1,,0,1,success,1,0,0.5544439999999771,0,0,success,1,0,0.5544439999999771,0,0
cluster_120ms,sensitivity,adaptive,0.12,0.15,,0.05,8,0.25,,,A04,A04_classical_antecedent.mid,3b1b42414601831b09678bb49b714e6512be53f451a517170b48c6c3addb07f1,10,4.6499999999999995,1,0,1,0,0,0.0,5.425000,late,0,-1,,0,1,success,1,0,0.774999999999971,0,0,success,1,0,0.774999999999971,0,0
cluster_120ms,sensitivity,adaptive,0.12,0.15,,0.05,8,0.25,,,A05,A05_repetition_tail.mid,c615435e6cf9b0af8c8e4a2d9b7f28ccef90f4cc20ddffc10e23c15ec2296b28,12,4.182691749999999,2,1,1,0,0,0.5,4.720769,late,0,-1,,0,1,success,1,0,0.5380769999999764,0,0,success,1,0,0.5380769999999764,0,0
cluster_120ms,sensitivity,adaptive,0.12,0.15,,0.05,8,0.25,,,A06,A06_syncopated_pop.mid,25a2a2e4aea59cacc8434b36ae5173bd34aaa66ee7eec8c2e460f3f72addaf0e,12,4.3867945,1,0,1,0,0,0.0,5.318775,late,0,-1,,0,1,success,1,0,0.9319809999999737,0,0,success,1,0,0.9319809999999737,0,0
cluster_120ms,sensitivity,adaptive,0.12,0.15,,0.05,8,0.25,,,A07,A07_sparse_long_tones.mid,fb6faee9d721a971b5d6388dc979e5a15c26d45366bfef7ade9a8f82eec3358d,6,5.454543999999999,1,0,1,0,1,0.0,7.787726,late,0,-1,,0,1,late,0,-1,,0,1,late,0,-1,,0,1
cluster_120ms,sensitivity,adaptive,0.12,0.15,,0.05,8,0.25,,,A08,A08_dense_eighth_motion.mid,48faeb92585381b6928f2dc31a3119ec234d815efc25ec9d1ba67538fc3f6b41,16,4.285712000000002,1,0,1,0,0,0.0,4.977855,late,0,-1,,0,1,success,1,0,0.6921429999999793,0,0,success,1,0,0.6921429999999793,0,0
cluster_120ms,sensitivity,adaptive,0.12,0.15,,0.05,8,0.25,,,A09,A09_arched_contour.mid,91acd677fdf9a30e64f3584796b5fc38d648b1ddf3785f4d6a6445102c15ee7c,11,4.6875,1,0,1,0,0,0.0,5.492500,late,0,-1,,0,1,success,1,0,0.8049999999999695,0,0,success,1,0,0.8049999999999695,0,0
cluster_120ms,sensitivity,adaptive,0.12,0.15,,0.05,8,0.25,,,A10,A10_leap_gap_fill.mid,6639c3bceab3644ea59e759d1e92e76bcc9a082b5edaea30893d44682f7f3a97,13,4.6499999999999995,1,0,1,0,0,0.0,5.385000,late,0,-1,,0,1,success,1,0,0.7349999999999746,0,0,success,1,0,0.7349999999999746,0,0
cluster_120ms,sensitivity,adaptive,0.12,0.15,,0.05,8,0.25,,,R01,R01_390-v1.mid,e44793c8c043f7c92184c6189f5e7b1af47c202aaa6df435a76a4d26268313aa,13,4.0,1,0,1,1,0,0.0,2.044583,premature,0,-1,,1,1,premature,0,-1,,1,1,premature,0,-1,,1,1
cluster_120ms,sensitivity,adaptive,0.12,0.15,,0.05,8,0.25,,,R02,R02_667-v3.mid,af3cbab9e93480a553c9a217fc1abefdf3db788d071132050fca4cbfe862cdaa,8,4.0,1,0,1,0,0,0.0,4.377083,success,1,0,0.37708333333330746,0,0,success,1,0,0.37708333333330746,0,0,success,1,0,0.37708333333330746,0,0
cluster_120ms,sensitivity,adaptive,0.12,0.15,,0.05,8,0.25,,,R03,R03_174-v2.mid,88f11f634584a21ce30b0dc39c608cde9da43c7936400bba985f8702ecf9e962,12,3.9999999999999996,1,0,1,1,0,0.0,2.002917,premature,0,-1,,1,1,premature,0,-1,,1,1,premature,0,-1,,1,1
cluster_120ms,sensitivity,adaptive,0.12,0.15,,0.05,8,0.25,,,R04,R04_339-v2.mid,828aff4f088b889d0715fee3e65e9243f89520710a795fa7e4b585407a7da650,9,3.817708333333333,1,0,1,0,0,0.0,4.622292,late,0,-1,,0,1,success,1,0,0.8045833333333121,0,0,success,1,0,0.8045833333333121,0,0
cluster_120ms,sensitivity,adaptive,0.12,0.15,,0.05,8,0.25,,,R05,R05_581.mid,766b0c79d6f6905d1c32f244469b14bf48cb861e79ceede6ac2ee1929437dcf4,13,4.0,1,0,1,0,0,0.0,4.776875,late,0,-1,,0,1,success,1,0,0.7768749999999809,0,0,success,1,0,0.7768749999999809,0,0
cluster_120ms,sensitivity,adaptive,0.12,0.15,,0.05,8,0.25,,,R06,R06_132-v2.mid,e1ccff44d4528b8e4af0e40bdc4699a89e46169a5a6c766acc8ac50740c17bc4,15,4.0,1,0,1,0,0,0.0,4.744792,late,0,-1,,0,1,success,1,0,0.7447916666666501,0,0,success,1,0,0.7447916666666501,0,0
cluster_120ms,sensitivity,adaptive,0.12,0.15,,0.05,8,0.25,,,R07,R07_664-v2.mid,d84d97d7bfa78ff716110978692047e182ce9f01efee7a44f583544e113fed69,11,4.0,1,0,1,1,0,0.0,2.920625,premature,0,-1,,1,1,premature,0,-1,,1,1,premature,0,-1,,1,1
cluster_120ms,sensitivity,adaptive,0.12,0.15,,0.05,8,0.25,,,R08,R08_266-v1.mid,a60f28e61f3323d5039cd94cdaea65c36ca0311962a73686837cf9dfdde0799d,8,4.0,1,0,1,0,0,0.0,4.440000,success,1,0,0.4399999999999702,0,0,success,1,0,0.4399999999999702,0,0,success,1,0,0.4399999999999702,0,0
cluster_120ms,sensitivity,adaptive,0.12,0.15,,0.05,8,0.25,,,R09,R09_433.mid,e1f859f9f55ce2a1718a88f1ce5f88ffffd035cd2ac61aeba9f71e42eb3d1658,23,4.000000000000001,1,0,1,0,0,0.0,4.607708,late,0,-1,,0,1,success,1,0,0.6077083333333198,0,0,success,1,0,0.6077083333333198,0,0
cluster_120ms,sensitivity,adaptive,0.12,0.15,,0.05,8,0.25,,,R10,R10_039-v2.mid,25635c75dc841999c02ffb9b7d67ef21f421bef585b28e0635701689b574a8f6,11,4.000000000000001,1,0,1,1,0,0.0,3.580833,premature,0,-1,,1,1,premature,0,-1,,1,1,premature,0,-1,,1,1
cluster_120ms,sensitivity,adaptive,0.12,0.15,,0.05,8,0.25,,,R11,R11_538.mid,676637ee06573aad6e8ea80367346578ac11b8ed36c9f8ce5702eda3643830ab,20,3.921875,1,0,1,0,0,0.0,4.330833,success,1,0,0.4089583333333211,0,0,success,1,0,0.4089583333333211,0,0,success,1,0,0.4089583333333211,0,0
cluster_120ms,sensitivity,adaptive,0.12,0.15,,0.05,8,0.25,,,R12,R12_457.mid,151dd04bd54d11512876bab817410ae94fb81547894ff0a3b96401968101f6df,13,4.0,1,0,1,1,0,0.0,2.326250,premature,0,-1,,1,1,premature,0,-1,,1,1,premature,0,-1,,1,1
cluster_120ms,sensitivity,adaptive,0.12,0.15,,0.05,8,0.25,,,R13,R13_353-v1.mid,ef59a3cdc969d70fd54c9cd52a37e30deb9772958305ace368edde9ea5afc7c3,11,4.0,1,0,1,1,0,0.0,1.859167,premature,0,-1,,1,1,premature,0,-1,,1,1,premature,0,-1,,1,1
cluster_120ms,sensitivity,adaptive,0.12,0.15,,0.05,8,0.25,,,R14,R14_073.mid,6014529ddd8b96a82fd599bf2e0268f5da21dad2080ba59e69de225512a58ee3,12,3.939583333333333,1,0,1,0,0,0.0,4.832708,late,0,-1,,0,1,success,1,0,0.8931249999999782,0,0,success,1,0,0.8931249999999782,0,0
cluster_120ms,sensitivity,adaptive,0.12,0.15,,0.05,8,0.25,,,R15,R15_156-v2.mid,d6ae647242ceff286d61867ebb06ee767c382eed20c618f7988a94d4733b7d8d,9,4.0,1,0,1,1,0,0.0,3.896875,premature,0,-1,,1,1,premature,0,-1,,1,1,premature,0,-1,,1,1
cluster_120ms,sensitivity,adaptive,0.12,0.15,,0.05,8,0.25,,,R16,R16_249.mid,32c21206c709d04269f4de5a9705ca310189a55c657a53ea8612ed3c5ac480dd,8,4.0,1,0,1,0,0,0.0,5.295625,late,0,-1,,0,1,late,0,-1,,0,1,success,1,0,1.2956249999999647,0,0
cluster_120ms,sensitivity,adaptive,0.12,0.15,,0.05,8,0.25,,,R17,R17_319.mid,7b40b95a494f202130093514531c7232c45d539c2a7ebafe5dee64fac4bc0e7e,18,4.0,1,0,1,0,0,0.0,4.570208,late,0,-1,,0,1,success,1,0,0.5702083333333201,0,0,success,1,0,0.5702083333333201,0,0
cluster_120ms,sensitivity,adaptive,0.12,0.15,,0.05,8,0.25,,,R18,R18_249.mid,0dc5853f595ca79ae339d76ccf661f166c739dba3b0cb0d66eeb860ef17dd7c0,9,4.0,1,0,1,0,0,0.0,4.365625,success,1,0,0.3656249999999739,0,0,success,1,0,0.3656249999999739,0,0,success,1,0,0.3656249999999739,0,0
cluster_120ms,sensitivity,adaptive,0.12,0.15,,0.05,8,0.25,,,R19,R19_733.mid,73dc520e4f2e19e784486fb5160d0686a1f7d90b81c9bb57b8e6478f3b2032fe,10,4.0,1,0,1,1,0,0.0,1.744583,premature,0,-1,,1,1,premature,0,-1,,1,1,premature,0,-1,,1,1
cluster_120ms,sensitivity,adaptive,0.12,0.15,,0.05,8,0.25,,,R20,R20_660.mid,a3a01235dabd1fd09f3b7047e7b59bee8af87f41bc4456aa3e261bc412d6998a,8,3.983333333333334,1,0,1,0,0,0.0,5.447708,late,0,-1,,0,1,late,0,-1,,0,1,success,1,0,1.4643749999999653,0,0
cluster_120ms,sensitivity,adaptive,0.12,0.15,,0.05,8,0.25,,,R21,R21_756-v2.mid,7b479a282dd8ac5742239c1fda08a8a89a1834843d91b2b219beaa12a020ebdc,8,4.0,1,0,1,0,0,0.0,5.600625,late,0,-1,,0,1,late,0,-1,,0,1,success,1,0,1.6006249999999627,0,0
cluster_120ms,sensitivity,adaptive,0.12,0.15,,0.05,8,0.25,,,R22,R22_156.mid,530aaba96af00f7031edd5c0b26b6a257808c3f3d7df6c3d36f325fc29229487,10,4.0,1,0,1,1,0,0.0,3.791875,premature,0,-1,,1,1,premature,0,-1,,1,1,premature,0,-1,,1,1
cluster_120ms,sensitivity,adaptive,0.12,0.15,,0.05,8,0.25,,,R23,R23_645.mid,4089adb020ffa2aa242ec57c10ef8efd9ad726c8c6bf22e335e91d65a5783ac4,12,3.9999999999999996,1,0,1,1,0,0.0,3.363958,premature,0,-1,,1,1,premature,0,-1,,1,1,premature,0,-1,,1,1
cluster_120ms,sensitivity,adaptive,0.12,0.15,,0.05,8,0.25,,,R24,R24_242-v2.mid,5a18cae5a6fd996e3688bb05a6723665c26e561d21b88c112d65d4a6bdb51fca,15,4.000000000000001,2,1,1,1,0,0.5,3.341458,premature,0,-1,,1,1,premature,0,-1,,1,1,premature,0,-1,,1,1
cluster_120ms,sensitivity,adaptive,0.12,0.15,,0.05,8,0.25,,,R25,R25_618-v1.mid,56ff3fa00dc9e75c7913306f4a8cede335d24189bb8e26cfce827120f12743c7,10,4.0,1,0,1,1,0,0.0,3.186250,premature,0,-1,,1,1,premature,0,-1,,1,1,premature,0,-1,,1,1
cluster_120ms,sensitivity,adaptive,0.12,0.15,,0.05,8,0.25,,,R26,R26_560-v1.mid,f0d0a16aff422f9a5877f2944cdd0b959b4801aa449310959626fa7dbd7a6edb,15,3.951041666666667,2,1,1,0,0,0.5,4.622917,late,0,-1,,0,1,success,1,0,0.6718749999999831,0,0,success,1,0,0.6718749999999831,0,0
cluster_120ms,sensitivity,adaptive,0.12,0.15,,0.05,8,0.25,,,R27,R27_735.mid,c6fabc901af844a2236d5a2956bd48e11d7952607af238e872c0dc7f65dbaa6f,16,4.0,2,1,1,0,0,0.5,4.795625,late,0,-1,,0,1,success,1,0,0.7956249999999816,0,0,success,1,0,0.7956249999999816,0,0
cluster_120ms,sensitivity,adaptive,0.12,0.15,,0.05,8,0.25,,,R28,R28_804-v3.mid,f2326f94ae3ec36fd956ed7a74f507c37dfaeae99fddbfc7f2cbf87414f92030,11,3.9802083333333336,1,0,1,1,0,0.0,2.786250,premature,0,-1,,1,1,premature,0,-1,,1,1,premature,0,-1,,1,1
cluster_120ms,sensitivity,adaptive,0.12,0.15,,0.05,8,0.25,,,R29,R29_846-v2.mid,b750d5ab04a7fcc02298fea281e624dbc92dd1640a17037e580bb5b845ab517b,12,4.0,2,1,1,0,0,0.5,4.812917,late,0,-1,,0,1,success,1,0,0.8129166666666441,0,0,success,1,0,0.8129166666666441,0,0
cluster_120ms,sensitivity,adaptive,0.12,0.15,,0.05,8,0.25,,,R30,R30_002-v2.mid,3b8c10e5c6886af05080687f0bc745791d33e73b2cec916337c1799e43024254,19,4.0,1,0,1,0,0,0.0,4.747917,late,0,-1,,0,1,success,1,0,0.7479166666666499,0,0,success,1,0,0.7479166666666499,0,0
cluster_120ms,sensitivity,adaptive,0.12,0.15,,0.05,8,0.25,,,R31,R31_069-v5.mid,ad5859e7014674fc2b088288d32445f60e2790c868a97bae22f5c6c6f7a9c906,10,4.0,1,0,1,0,0,0.0,4.614583,late,0,-1,,0,1,success,1,0,0.6145833333333073,0,0,success,1,0,0.6145833333333073,0,0
cluster_120ms,sensitivity,adaptive,0.12,0.15,,0.05,8,0.25,,,R32,R32_290-v2.mid,b6d63759467030d9561098d602d2077dba3fd2e6533d64bc6401940ec9398bd7,11,4.0,1,0,1,1,0,0.0,0.866667,premature,0,-1,,1,1,premature,0,-1,,1,1,premature,0,-1,,1,1
cluster_120ms,sensitivity,adaptive,0.12,0.15,,0.05,8,0.25,,,R33,R33_144-v1.mid,14914529875824c38e895baf4969bc1f01031d5a20038d87474333091ce8bf16,21,4.0,1,0,1,0,0,0.0,4.573542,late,0,-1,,0,1,success,1,0,0.5735416666666548,0,0,success,1,0,0.5735416666666548,0,0
cluster_120ms,sensitivity,adaptive,0.12,0.15,,0.05,8,0.25,,,R34,R34_680-v3.mid,193fa77f9af23482857e237a7f27c3f78c79243d9a1ffca85d491c191040a3d9,15,4.0,1,0,1,0,0,0.0,4.773750,late,0,-1,,0,1,success,1,0,0.7737499999999811,0,0,success,1,0,0.7737499999999811,0,0
cluster_120ms,sensitivity,adaptive,0.12,0.15,,0.05,8,0.25,,,R35,R35_436-v2.mid,0db58df01ff0e7ef7665b41a914d45f2c8da7ce346a391eafaadda58c2fbcbd1,8,3.9999999999999996,1,0,1,1,0,0.0,2.049792,premature,0,-1,,1,1,premature,0,-1,,1,1,premature,0,-1,,1,1
cluster_120ms,sensitivity,adaptive,0.12,0.15,,0.05,8,0.25,,,R36,R36_230.mid,292e936198ef29131aa14fa25acb693df0d1183ea1dde8ce70b941f2378a5b3c,11,4.0,1,0,1,1,0,0.0,2.227917,premature,0,-1,,1,1,premature,0,-1,,1,1,premature,0,-1,,1,1
cluster_120ms,sensitivity,adaptive,0.12,0.15,,0.05,8,0.25,,,R37,R37_667-v3.mid,3423caa4b45632a7f2c919a198ed678b6eb9786448d01e549dc32a5398afcf9f,7,4.0,1,0,1,0,0,0.0,5.932083,late,0,-1,,0,1,late,0,-1,,0,1,success,1,0,1.9320833333332903,0,0
cluster_120ms,sensitivity,adaptive,0.12,0.15,,0.05,8,0.25,,,R38,R38_136.mid,3abb38ce19d8de517c62b2014f88ea09cffbe9e6bf5ed9c01ed0c1155a8acbe5,14,4.0,2,1,1,0,0,0.5,4.935833,late,0,-1,,0,1,success,1,0,0.9358333333333118,0,0,success,1,0,0.9358333333333118,0,0
cluster_120ms,sensitivity,adaptive,0.12,0.15,,0.05,8,0.25,,,R39,R39_578-v3.mid,fceb1f97ce180f42e04547ff0aa0b9478cd06770ac604a3832d919926ad92aa7,16,4.0,1,0,1,0,0,0.0,4.743958,late,0,-1,,0,1,success,1,0,0.7439583333333175,0,0,success,1,0,0.7439583333333175,0,0
cluster_120ms,sensitivity,adaptive,0.12,0.15,,0.05,8,0.25,,,R40,R40_454.mid,d848f11068ba98d752767ac7826bc58b93c22e9b031ee710f0fae41eccde2eec,12,3.9187499999999997,1,0,1,0,0,0.0,4.954375,late,0,-1,,0,1,late,0,-1,,0,1,success,1,0,1.035624999999976,0,0
cluster_120ms,sensitivity,adaptive,0.12,0.15,,0.05,8,0.25,,,P001,P001_pop909_clear_motif_melody_298_bridge.mid,8b00372060ba7b623d803e3af7e70f5ef60b65f66816ad377f725005f4c84fa9,10,4.948456,2,1,1,0,0,0.5,6.278662,late,0,-1,,0,1,late,0,-1,,0,1,success,1,0,1.330206047916632,0,0
cluster_120ms,sensitivity,adaptive,0.12,0.15,,0.05,8,0.25,,,P002,P002_pop909_clear_motif_melody_248_bridge.mid,ccb942640a73e3e0122c796c0971c8f675a924861614fa62562f002ab9ef196d,10,3.478248,1,0,1,0,0,0.0,4.030315,late,0,-1,,0,1,success,1,0,0.5520668562499793,0,0,success,1,0,0.5520668562499793,0,0
cluster_120ms,sensitivity,adaptive,0.12,0.15,,0.05,8,0.25,,,P003,P003_pop909_clear_motif_melody_339_melody.mid,628d1079f63c4bf7a08c4ee78f0765919be119f7b82f8dc3ffde83afbb2238ec,10,6.3124899,1,0,1,1,0,0.0,4.710481,premature,0,-1,,1,1,premature,0,-1,,1,1,premature,0,-1,,1,1
cluster_120ms,sensitivity,adaptive,0.12,0.15,,0.05,8,0.25,,,P004,P004_pop909_clear_motif_melody_268_melody.mid,e1ad81a5ae674340b836f4d87a0f82f0920845ccc4214feb28ccf9b9603f0948,10,8.0,1,0,1,0,0,0.0,8.347500,success,1,0,0.347500000000041,0,0,success,1,0,0.347500000000041,0,0,success,1,0,0.347500000000041,0,0
cluster_120ms,sensitivity,adaptive,0.12,0.15,,0.05,8,0.25,,,P005,P005_pop909_clear_motif_melody_021_melody.mid,a1fe99526a41a4b56b5a507d209dd13d4105ef53e85d25dd53ce7e9ee5915ff3,10,4.13157275,2,1,1,0,0,0.5,5.173503,late,0,-1,,0,1,late,0,-1,,0,1,success,1,0,1.0419303541666372,0,0
cluster_120ms,sensitivity,adaptive,0.12,0.15,,0.05,8,0.25,,,P006,P006_pop909_clear_motif_melody_220_melody.mid,81d85ebdbdb62cf3dd0eb82602b7fe26907e395242e71f5bb78ef112438b09cc,10,3.870936,2,1,1,0,0,0.5,5.055615,late,0,-1,,0,1,late,0,-1,,0,1,success,1,0,1.1846787749999712,0,0
cluster_120ms,sensitivity,adaptive,0.12,0.15,,0.05,8,0.25,,,P007,P007_pop909_clear_motif_melody_273_melody.mid,b6f10983b8aa291a839fc6e5232bc1920fa3b1e354e6e03e788a7a6b17af9d59,10,6.48648,1,0,1,1,0,0.0,5.257293,premature,0,-1,,1,1,premature,0,-1,,1,1,premature,0,-1,,1,1
cluster_120ms,sensitivity,adaptive,0.12,0.15,,0.05,8,0.25,,,P008,P008_pop909_clear_motif_melody_713_melody.mid,cc0088d140a0c7f748d7a717a6f796eed7338f6a4d8889e8e2eebd7fab8f8f51,10,5.454544,1,0,1,1,0,0.0,3.470284,premature,0,-1,,1,1,premature,0,-1,,1,1,premature,0,-1,,1,1
cluster_120ms,sensitivity,adaptive,0.12,0.15,,0.05,8,0.25,,,P009,P009_pop909_clear_motif_melody_328_melody.mid,e8885a270c794ef4d50b9e6e050e3a0d3d8301d178169d86d88126123dbf06e2,10,5.333328,1,0,1,1,0,0.0,2.229999,premature,0,-1,,1,1,premature,0,-1,,1,1,premature,0,-1,,1,1
cluster_120ms,sensitivity,adaptive,0.12,0.15,,0.05,8,0.25,,,P010,P010_pop909_clear_motif_melody_407_melody.mid,42e7658af7a87529d58b908a6d60cc195eeb297cdd129a98e1cb2649ce5aecce,10,6.15,1,0,1,1,0,0.0,5.520000,premature,0,-1,,1,1,premature,0,-1,,1,1,premature,0,-1,,1,1
cluster_120ms,sensitivity,adaptive,0.12,0.15,,0.05,8,0.25,,,P011,P011_pop909_clear_motif_melody_119_melody.mid,896c48c32a15cf85bd286aa4436d0a697c9a91692eb0fb128687d212976619d5,10,7.272728,1,0,1,1,0,0.0,2.383182,premature,0,-1,,1,1,premature,0,-1,,1,1,premature,0,-1,,1,1
cluster_120ms,sensitivity,adaptive,0.12,0.15,,0.05,8,0.25,,,P012,P012_pop909_clear_motif_melody_188_melody.mid,54bf4eb2f8bff2ccd5d214afc84523384678bdefdf3145e821781182c58bc003,10,4.363632000000001,1,0,1,1,0,0.0,1.535227,premature,0,-1,,1,1,premature,0,-1,,1,1,premature,0,-1,,1,1
cluster_120ms,sensitivity,adaptive,0.12,0.15,,0.05,8,0.25,,,P013,P013_pop909_expressive_rubato_203_bridge.mid,d94792fd3118efad79013d413549904951e6acf204434771004ef7b6bac68e4a,9,3.000000000000001,1,0,1,1,0,0.0,1.478958,premature,0,-1,,1,1,premature,0,-1,,1,1,premature,0,-1,,1,1
cluster_120ms,sensitivity,adaptive,0.12,0.15,,0.05,8,0.25,,,P014,P014_pop909_expressive_rubato_203_bridge.mid,d78dea53ea8b5558568755412ec7c72b704ce448c1990fbb631bad2aba3c7411,9,3.0,1,0,1,0,1,0.0,5.228958,late,0,-1,,0,1,late,0,-1,,0,1,late,0,-1,,0,1
cluster_120ms,sensitivity,adaptive,0.12,0.15,,0.05,8,0.25,,,P015,P015_pop909_expressive_rubato_263_bridge.mid,fdbb28e369fed211abc0a0b53b2006a331c357c454f4284639fd36961d3aac40,16,5.333328000000002,1,0,1,0,1,0.0,7.450550,late,0,-1,,0,1,late,0,-1,,0,1,late,0,-1,,0,1
cluster_120ms,sensitivity,adaptive,0.12,0.15,,0.05,8,0.25,,,P016,P016_pop909_expressive_rubato_617_bridge.mid,37d4c7b2c4a5856f926b9e67a662ac676aa83beca73c7dfc2dd6c188e52a38a4,4,1.3348119999999997,1,0,1,0,0,0.0,3.228689,late,0,-1,,0,1,late,0,-1,,0,1,success,1,0,1.893876566666626,0,0
cluster_120ms,sensitivity,adaptive,0.12,0.15,,0.05,8,0.25,,,P017,P017_pop909_expressive_rubato_178_bridge.mid,cfbf91b1d04e90e9d2e6b6f7ddd9fc480393f1166fde55646495523c989f5d8e,20,6.760552000000001,1,0,1,0,1,0.0,8.855200,late,0,-1,,0,1,late,0,-1,,0,1,late,0,-1,,0,1
cluster_120ms,sensitivity,adaptive,0.12,0.15,,0.05,8,0.25,,,P018,P018_pop909_expressive_rubato_191_bridge.mid,b6e56889014ca3786b340c447e92d66f50ed149b21600186179487f5799f9b73,22,7.272727999999999,1,0,1,1,0,0.0,3.178712,premature,0,-1,,1,1,premature,0,-1,,1,1,premature,0,-1,,1,1
cluster_120ms,sensitivity,adaptive,0.12,0.15,,0.05,8,0.25,,,P019,P019_pop909_expressive_rubato_178_bridge.mid,51d4e82b5c0b217263d7a849828b0f05a8411876b0a87f85f4c175bf27767739,20,6.760551999999999,1,0,1,1,0,0.0,1.409717,premature,0,-1,,1,1,premature,0,-1,,1,1,premature,0,-1,,1,1
cluster_120ms,sensitivity,adaptive,0.12,0.15,,0.05,8,0.25,,,P020,P020_pop909_expressive_rubato_212_bridge.mid,6f5eee7b1684521d31dac9b4e36649e423a8ce813df0a5f142967525e2bf2e17,17,5.783128,1,0,1,1,0,0.0,4.248793,premature,0,-1,,1,1,premature,0,-1,,1,1,premature,0,-1,,1,1
cluster_120ms,sensitivity,adaptive,0.12,0.15,,0.05,8,0.25,,,P021,P021_pop909_chord_arpeggio_polyphonic_227_piano.mid,41b21fee0bca14bd00917fcf3d879b2fcebb9856fef2228a36e0b912e58444c9,18,7.1641759999999985,1,0,1,0,0,0.0,8.476340,late,0,-1,,0,1,late,0,-1,,0,1,success,1,0,1.3121642583333868,0,0
cluster_120ms,sensitivity,adaptive,0.12,0.15,,0.05,8,0.25,,,P022,P022_pop909_chord_arpeggio_polyphonic_003_piano.mid,ea9963c2ef0400f7458ed0b378c21cc36273462aabccb9685efcd21625bbdcfd,19,2.9268239999999985,1,0,1,0,0,0.0,3.706763,late,0,-1,,0,1,success,1,0,0.7799393124999803,0,0,success,1,0,0.7799393124999803,0,0
cluster_120ms,sensitivity,adaptive,0.12,0.15,,0.05,8,0.25,,,P023,P023_pop909_chord_arpeggio_polyphonic_222_piano.mid,bddeab49734bbbb17982dc09bdfaac6a8c2e1a112b7fd3464c5e7c9deadcfc94,19,6.1538400000000015,1,0,1,0,0,0.0,7.295507,late,0,-1,,0,1,late,0,-1,,0,1,success,1,0,1.141666999999969,0,0
cluster_120ms,sensitivity,adaptive,0.12,0.15,,0.05,8,0.25,,,P024,P024_pop909_chord_arpeggio_polyphonic_287_piano.mid,ec7a6fe844d8678913cee3e05d68bc85d02d45d316e498dcfe79e58c814953c2,26,6.9347729000000005,1,0,1,0,1,0.0,9.017672,late,0,-1,,0,1,late,0,-1,,0,1,late,0,-1,,0,1
cluster_120ms,sensitivity,adaptive,0.12,0.15,,0.05,8,0.25,,,P025,P025_pop909_chord_arpeggio_polyphonic_566_piano.mid,52dae62297b7cdeff27e0bea0925c8bebbbb999e9935efba566c8ffc51c206e8,22,5.783128,1,0,1,0,0,0.0,6.842405,late,0,-1,,0,1,late,0,-1,,0,1,success,1,0,1.0592772499999734,0,0
cluster_120ms,sensitivity,adaptive,0.12,0.15,,0.05,8,0.25,,,P026,P026_pop909_chord_arpeggio_polyphonic_106_piano.mid,5a21694b1c7abc6be7e5c6ee6dd6611dbca54dacb44c602d9f7dc226f5eaad89,28,7.1641759999999985,1,0,1,0,0,0.0,8.537907,late,0,-1,,0,1,late,0,-1,,0,1,success,1,0,1.3737313958333965,0,0
cluster_120ms,sensitivity,adaptive,0.12,0.15,,0.05,8,0.25,,,P027,P027_pop909_chord_arpeggio_polyphonic_218_piano.mid,3d2716434e914a4c1b7b0fee64a762d631c9eb844e328c4f880eb95f36c370a6,32,7.0588159999999975,1,0,1,0,0,0.0,7.957198,late,0,-1,,0,1,success,1,0,0.8983824666666456,0,0,success,1,0,0.8983824666666456,0,0
cluster_120ms,sensitivity,adaptive,0.12,0.15,,0.05,8,0.25,,,P028,P028_pop909_chord_arpeggio_polyphonic_242_piano.mid,cd5c6e16ed3247ea34a6331d4c2e4dd980c5793b2def6bf2d11ae3b4d6d7560e,27,7.868856,1,0,1,0,0,0.0,9.021069,late,0,-1,,0,1,late,0,-1,,0,1,success,1,0,1.1522130437501543,0,0
cluster_120ms,sensitivity,adaptive,0.12,0.15,,0.05,8,0.25,,,P029,P029_pop909_sparse_short_062_melody.mid,de331be603af62c8ecaeb6b4de4413d0dfe0f3c4a24efa36a90905ae0bb82a26,3,3.24324,1,0,1,0,0,0.0,4.500268,late,0,-1,,0,1,late,0,-1,,0,1,success,1,0,1.257027749999958,0,0
cluster_120ms,sensitivity,adaptive,0.12,0.15,,0.05,8,0.25,,,P030,P030_pop909_sparse_short_062_melody.mid,f2c561cfdf3ae696074a8292cfd9b6e91d18a740bb99c9c5ad4661e2b5225717,3,2.12837625,1,0,1,1,0,0.0,1.258243,premature,0,-1,,1,1,premature,0,-1,,1,1,premature,0,-1,,1,1
cluster_120ms,sensitivity,adaptive,0.12,0.15,,0.05,8,0.25,,,P031,P031_pop909_sparse_short_062_melody.mid,113bb580ca65ca779549df831e3b90b62932fe9eb9935891172b6636ee9e6079,3,3.24324,1,0,1,0,0,0.0,4.500268,late,0,-1,,0,1,late,0,-1,,0,1,success,1,0,1.257027749999958,0,0
cluster_120ms,sensitivity,adaptive,0.12,0.15,,0.05,8,0.25,,,P032,P032_pop909_sparse_short_062_melody.mid,2638d2ec8832338b8f57a7147f9874c863c36279707599ffbd8782269c399746,3,3.24324,1,0,1,0,0,0.0,4.500268,late,0,-1,,0,1,late,0,-1,,0,1,success,1,0,1.257027749999958,0,0
cluster_120ms,sensitivity,adaptive,0.12,0.15,,0.05,8,0.25,,,P033,P033_pop909_sparse_short_062_melody.mid,dcf51fe0bedf2f9e1acede760976dcde4a78650e163ec3c6ce86d970b4cc65c3,3,3.24324,1,0,1,0,0,0.0,4.500268,late,0,-1,,0,1,late,0,-1,,0,1,success,1,0,1.257027749999958,0,0
cluster_120ms,sensitivity,adaptive,0.12,0.15,,0.05,8,0.25,,,P034,P034_pop909_dense_fast_095_bridge.mid,1eec4634489ebc2145d5d07f86a58778c994982c97d2dd5704238989cafe8164,49,1.7610275333333312,1,0,1,0,0,0.0,2.290807,late,0,-1,,0,1,success,1,0,0.5297794333333217,0,0,success,1,0,0.5297794333333217,0,0
cluster_120ms,sensitivity,adaptive,0.12,0.15,,0.05,8,0.25,,,P035,P035_pop909_dense_fast_351_bridge.mid,cce631ae36062ea5c6c5856ce61c72dee517b0d26fc59e569c45986becb91fa5,28,1.0351939999999993,1,0,1,0,0,0.0,1.512946,success,1,0,0.4777520854166557,0,0,success,1,0,0.4777520854166557,0,0,success,1,0,0.4777520854166557,0,0
cluster_120ms,sensitivity,adaptive,0.12,0.15,,0.05,8,0.25,,,P036,P036_pop909_dense_fast_095_bridge.mid,8d7b860e3c98cfc78be2b1d435ac9d52da48b3df427707b2c9dc6e28266f4b58,38,1.6801452666666645,1,0,1,0,0,0.0,2.192572,late,0,-1,,0,1,success,1,0,0.5124264999999888,0,0,success,1,0,0.5124264999999888,0,0
cluster_120ms,sensitivity,adaptive,0.12,0.15,,0.05,8,0.25,,,P037,P037_pop909_dense_fast_095_bridge.mid,14ee870cca3317109b67f85cc0241e6678d38b8efed31130577d8d722e145a58,30,0.7977932666666666,1,0,1,0,0,0.0,1.315220,late,0,-1,,0,1,success,1,0,0.5174264999999935,0,0,success,1,0,0.5174264999999935,0,0
cluster_120ms,sensitivity,adaptive,0.12,0.15,,0.05,8,0.25,,,P038,P038_pop909_dense_fast_727_bridge.mid,4cec022a9c9e7dd2ec868ae3124b7089c195126defe23b8a3d440d2c7bbaf873,45,1.2854942770833329,1,0,1,0,0,0.0,1.808828,late,0,-1,,0,1,success,1,0,0.523333318749988,0,0,success,1,0,0.523333318749988,0,0
cluster_120ms,sensitivity,adaptive,0.12,0.15,,0.05,8,0.25,,,P039,P039_pop909_chromatic_outside_789_piano.mid,89dc01789fe23c4372b236cc806e6567b05346295e667c74639aa4642a3e304b,16,7.272728,1,0,1,0,1,0.0,10.032879,late,0,-1,,0,1,late,0,-1,,0,1,late,0,-1,,0,1
cluster_120ms,sensitivity,adaptive,0.12,0.15,,0.05,8,0.25,,,P040,P040_pop909_chromatic_outside_064_piano.mid,76f70f424a678deaed9e02ef3b85db1c47a828b39689b0fb75fd6c5cd5f84a3f,23,7.562499999999999,1,0,1,0,0,0.0,7.688333,success,1,0,0.12583333333331392,0,0,success,1,0,0.12583333333331392,0,0,success,1,0,0.12583333333331392,0,0
cluster_120ms,sensitivity,adaptive,0.12,0.15,,0.05,8,0.25,,,P041,P041_pop909_chromatic_outside_796_piano.mid,5313ed35276167210c99ca9b0d50773ad1c5a71997072b20b1653efba88eb36f,20,6.486488,1,0,1,0,0,0.0,7.736556,late,0,-1,,0,1,late,0,-1,,0,1,success,1,0,1.2500675395833039,0,0
cluster_120ms,sensitivity,adaptive,0.12,0.15,,0.05,8,0.25,,,P042,P042_pop909_chromatic_outside_254_piano.mid,dfb97d893bd303a0043e98fe7c14dc376233ce114864c10be992cad37ef88538,24,3.3027539999999993,1,0,1,0,0,0.0,4.121791,late,0,-1,,0,1,success,1,0,0.8190365520833103,0,0,success,1,0,0.8190365520833103,0,0
cluster_120ms,sensitivity,adaptive,0.12,0.15,,0.05,8,0.25,,,P043,P043_pop909_chromatic_outside_311_bridge.mid,8bb993a52d683a9b093e77f22d9fa6d3df633472edafb5a0056e4e19b5852902,14,7.5,1,0,1,1,0,0.0,2.180937,premature,0,-1,,1,1,premature,0,-1,,1,1,premature,0,-1,,1,1
cluster_120ms,sensitivity,adaptive,0.12,0.15,,0.05,8,0.25,,,P044,P044_pop909_false_ending_pause_322_bridge.mid,92fa6bc714e6881f40bd275254b082416486b9d155453539c6e2e9cce641a65c,7,4.633333333333333,1,0,1,0,0,0.0,4.742500,success,1,0,0.10916666666663222,0,0,success,1,0,0.10916666666663222,0,0,success,1,0,0.10916666666663222,0,0
cluster_120ms,sensitivity,adaptive,0.12,0.15,,0.05,8,0.25,,,P045,P045_pop909_false_ending_pause_008_bridge.mid,28ee69826748317d665163811014939ed01825addd8f2c9505d27364a6b4adc8,7,4.876923483333333,1,0,1,1,0,0.0,2.204615,premature,0,-1,,1,1,premature,0,-1,,1,1,premature,0,-1,,1,1
cluster_120ms,sensitivity,adaptive,0.12,0.15,,0.05,8,0.25,,,P046,P046_pop909_false_ending_pause_253_bridge.mid,0e6ab6a38b763c541fa954510aaf319efab974b676865fe44aaa2c2338435f50,7,5.9943121875,1,0,1,1,0,0.0,2.740226,premature,0,-1,,1,1,premature,0,-1,,1,1,premature,0,-1,,1,1
cluster_120ms,sensitivity,adaptive,0.12,0.15,,0.05,8,0.25,,,P047,P047_pop909_false_ending_pause_396_melody.mid,45f3dedbc0915a84ff315fcf7040e15383bbafbc739845cd8f4e4db11fbe1207,7,3.8673180812499997,1,0,1,1,0,0.0,3.542681,premature,0,-1,,1,1,premature,0,-1,,1,1,premature,0,-1,,1,1
cluster_120ms,sensitivity,adaptive,0.12,0.15,,0.05,8,0.25,,,P048,P048_pop909_repetition_tail_234_bridge.mid,8edaf0b3c05cb78569d9801754c34b780426e21b3654154ff150d50ac4c12b59,8,4.000000000000001,1,0,1,1,0,0.0,3.011250,premature,0,-1,,1,1,premature,0,-1,,1,1,premature,0,-1,,1,1
cluster_120ms,sensitivity,adaptive,0.12,0.15,,0.05,8,0.25,,,P049,P049_pop909_repetition_tail_282_bridge.mid,b5bf7675db361f16e2641027f14dbd38a665a77edf6ca030a9254be54ddab400,8,5.691775224999999,1,0,1,0,0,0.0,7.096159,late,0,-1,,0,1,late,0,-1,,0,1,success,1,0,1.4043838916666296,0,0
cluster_120ms,sensitivity,adaptive,0.12,0.15,,0.05,8,0.25,,,P050,P050_pop909_repetition_tail_340_bridge.mid,92dfb3e992339ebac2e7204e10ece5a799d2ae91faeb4c2a0ff6f5611e0bfbac,8,5.245888,1,0,1,1,0,0.0,3.827151,premature,0,-1,,1,1,premature,0,-1,,1,1,premature,0,-1,,1,1
confirm_75ms,sensitivity,adaptive,0.08,0.075,,0.05,8,0.25,,,A01,A01_c_pentatonic_balanced.mid,e7a1620ba70d4372e998376d91e2f55590448a9cf5878e969a0f70d410659845,14,4.8,1,0,1,0,0,0.0,5.395000,late,0,-1,,0,1,success,1,0,0.5949999999999775,0,0,success,1,0,0.5949999999999775,0,0
confirm_75ms,sensitivity,adaptive,0.08,0.075,,0.05,8,0.25,,,A02,A02_a_minor_pentatonic_question.mid,5166d8996017b0341f9265fc4539b25d09211f1cc291b1e25a4623e68b1bbc0e,12,5.054348499999999,1,0,1,0,0,0.0,5.672174,late,0,-1,,0,1,success,1,0,0.6178259999999733,0,0,success,1,0,0.6178259999999733,0,0
confirm_75ms,sensitivity,adaptive,0.08,0.075,,0.05,8,0.25,,,A03,A03_a_blues_tension.mid,1c61cef65142077e0ea54a46832f15bf535a35b23c920ee8e40193b877467fd4,13,4.166669999999999,1,0,1,0,0,0.0,4.646114,success,1,0,0.47944399999997867,0,0,success,1,0,0.47944399999997867,0,0,success,1,0,0.47944399999997867,0,0
confirm_75ms,sensitivity,adaptive,0.08,0.075,,0.05,8,0.25,,,A04,A04_classical_antecedent.mid,3b1b42414601831b09678bb49b714e6512be53f451a517170b48c6c3addb07f1,10,4.6499999999999995,1,0,1,0,0,0.0,5.350000,late,0,-1,,0,1,success,1,0,0.6999999999999726,0,0,success,1,0,0.6999999999999726,0,0
confirm_75ms,sensitivity,adaptive,0.08,0.075,,0.05,8,0.25,,,A05,A05_repetition_tail.mid,c615435e6cf9b0af8c8e4a2d9b7f28ccef90f4cc20ddffc10e23c15ec2296b28,12,4.182691749999999,2,1,1,0,0,0.5,4.645769,success,1,0,0.463076999999978,0,0,success,1,0,0.463076999999978,0,0,success,1,0,0.463076999999978,0,0
confirm_75ms,sensitivity,adaptive,0.08,0.075,,0.05,8,0.25,,,A06,A06_syncopated_pop.mid,25a2a2e4aea59cacc8434b36ae5173bd34aaa66ee7eec8c2e460f3f72addaf0e,12,4.3867945,1,0,1,0,0,0.0,5.243775,late,0,-1,,0,1,success,1,0,0.8569809999999753,0,0,success,1,0,0.8569809999999753,0,0
confirm_75ms,sensitivity,adaptive,0.08,0.075,,0.05,8,0.25,,,A07,A07_sparse_long_tones.mid,fb6faee9d721a971b5d6388dc979e5a15c26d45366bfef7ade9a8f82eec3358d,6,5.454543999999999,1,0,1,0,1,0.0,7.712726,late,0,-1,,0,1,late,0,-1,,0,1,late,0,-1,,0,1
confirm_75ms,sensitivity,adaptive,0.08,0.075,,0.05,8,0.25,,,A08,A08_dense_eighth_motion.mid,48faeb92585381b6928f2dc31a3119ec234d815efc25ec9d1ba67538fc3f6b41,16,4.285712000000002,1,0,1,0,0,0.0,4.902855,late,0,-1,,0,1,success,1,0,0.6171429999999809,0,0,success,1,0,0.6171429999999809,0,0
confirm_75ms,sensitivity,adaptive,0.08,0.075,,0.05,8,0.25,,,A09,A09_arched_contour.mid,91acd677fdf9a30e64f3584796b5fc38d648b1ddf3785f4d6a6445102c15ee7c,11,4.6875,1,0,1,0,0,0.0,5.417500,late,0,-1,,0,1,success,1,0,0.7299999999999711,0,0,success,1,0,0.7299999999999711,0,0
confirm_75ms,sensitivity,adaptive,0.08,0.075,,0.05,8,0.25,,,A10,A10_leap_gap_fill.mid,6639c3bceab3644ea59e759d1e92e76bcc9a082b5edaea30893d44682f7f3a97,13,4.6499999999999995,1,0,1,0,0,0.0,5.310000,late,0,-1,,0,1,success,1,0,0.6599999999999762,0,0,success,1,0,0.6599999999999762,0,0
confirm_75ms,sensitivity,adaptive,0.08,0.075,,0.05,8,0.25,,,R01,R01_390-v1.mid,e44793c8c043f7c92184c6189f5e7b1af47c202aaa6df435a76a4d26268313aa,13,4.0,1,0,1,1,0,0.0,1.969583,premature,0,-1,,1,1,premature,0,-1,,1,1,premature,0,-1,,1,1
confirm_75ms,sensitivity,adaptive,0.08,0.075,,0.05,8,0.25,,,R02,R02_667-v3.mid,af3cbab9e93480a553c9a217fc1abefdf3db788d071132050fca4cbfe862cdaa,8,4.0,1,0,1,0,0,0.0,4.302083,success,1,0,0.30208333333330906,0,0,success,1,0,0.30208333333330906,0,0,success,1,0,0.30208333333330906,0,0
confirm_75ms,sensitivity,adaptive,0.08,0.075,,0.05,8,0.25,,,R03,R03_174-v2.mid,88f11f634584a21ce30b0dc39c608cde9da43c7936400bba985f8702ecf9e962,12,3.9999999999999996,1,0,1,1,0,0.0,1.927917,premature,0,-1,,1,1,premature,0,-1,,1,1,premature,0,-1,,1,1
confirm_75ms,sensitivity,adaptive,0.08,0.075,,0.05,8,0.25,,,R04,R04_339-v2.mid,828aff4f088b889d0715fee3e65e9243f89520710a795fa7e4b585407a7da650,9,3.817708333333333,1,0,1,0,0,0.0,4.547292,late,0,-1,,0,1,success,1,0,0.7295833333333137,0,0,success,1,0,0.7295833333333137,0,0
confirm_75ms,sensitivity,adaptive,0.08,0.075,,0.05,8,0.25,,,R05,R05_581.mid,766b0c79d6f6905d1c32f244469b14bf48cb861e79ceede6ac2ee1929437dcf4,13,4.0,1,0,1,0,0,0.0,4.701875,late,0,-1,,0,1,success,1,0,0.7018749999999825,0,0,success,1,0,0.7018749999999825,0,0
confirm_75ms,sensitivity,adaptive,0.08,0.075,,0.05,8,0.25,,,R06,R06_132-v2.mid,e1ccff44d4528b8e4af0e40bdc4699a89e46169a5a6c766acc8ac50740c17bc4,15,4.0,1,0,1,0,0,0.0,4.669792,late,0,-1,,0,1,success,1,0,0.6697916666666517,0,0,success,1,0,0.6697916666666517,0,0
confirm_75ms,sensitivity,adaptive,0.08,0.075,,0.05,8,0.25,,,R07,R07_664-v2.mid,d84d97d7bfa78ff716110978692047e182ce9f01efee7a44f583544e113fed69,11,4.0,1,0,1,1,0,0.0,2.845625,premature,0,-1,,1,1,premature,0,-1,,1,1,premature,0,-1,,1,1
confirm_75ms,sensitivity,adaptive,0.08,0.075,,0.05,8,0.25,,,R08,R08_266-v1.mid,a60f28e61f3323d5039cd94cdaea65c36ca0311962a73686837cf9dfdde0799d,8,4.0,1,0,1,0,0,0.0,4.365000,success,1,0,0.3649999999999718,0,0,success,1,0,0.3649999999999718,0,0,success,1,0,0.3649999999999718,0,0
confirm_75ms,sensitivity,adaptive,0.08,0.075,,0.05,8,0.25,,,R09,R09_433.mid,e1f859f9f55ce2a1718a88f1ce5f88ffffd035cd2ac61aeba9f71e42eb3d1658,23,4.000000000000001,1,0,1,0,0,0.0,4.532708,late,0,-1,,0,1,success,1,0,0.5327083333333213,0,0,success,1,0,0.5327083333333213,0,0
confirm_75ms,sensitivity,adaptive,0.08,0.075,,0.05,8,0.25,,,R10,R10_039-v2.mid,25635c75dc841999c02ffb9b7d67ef21f421bef585b28e0635701689b574a8f6,11,4.000000000000001,1,0,1,1,0,0.0,3.505833,premature,0,-1,,1,1,premature,0,-1,,1,1,premature,0,-1,,1,1
confirm_75ms,sensitivity,adaptive,0.08,0.075,,0.05,8,0.25,,,R11,R11_538.mid,676637ee06573aad6e8ea80367346578ac11b8ed36c9f8ce5702eda3643830ab,20,3.921875,1,0,1,0,0,0.0,4.255833,success,1,0,0.3339583333333227,0,0,success,1,0,0.3339583333333227,0,0,success,1,0,0.3339583333333227,0,0
confirm_75ms,sensitivity,adaptive,0.08,0.075,,0.05,8,0.25,,,R12,R12_457.mid,151dd04bd54d11512876bab817410ae94fb81547894ff0a3b96401968101f6df,13,4.0,1,0,1,1,0,0.0,2.251250,premature,0,-1,,1,1,premature,0,-1,,1,1,premature,0,-1,,1,1
confirm_75ms,sensitivity,adaptive,0.08,0.075,,0.05,8,0.25,,,R13,R13_353-v1.mid,ef59a3cdc969d70fd54c9cd52a37e30deb9772958305ace368edde9ea5afc7c3,11,4.0,1,0,1,1,0,0.0,1.784167,premature,0,-1,,1,1,premature,0,-1,,1,1,premature,0,-1,,1,1
confirm_75ms,sensitivity,adaptive,0.08,0.075,,0.05,8,0.25,,,R14,R14_073.mid,6014529ddd8b96a82fd599bf2e0268f5da21dad2080ba59e69de225512a58ee3,12,3.939583333333333,1,0,1,0,0,0.0,4.757708,late,0,-1,,0,1,success,1,0,0.8181249999999798,0,0,success,1,0,0.8181249999999798,0,0
confirm_75ms,sensitivity,adaptive,0.08,0.075,,0.05,8,0.25,,,R15,R15_156-v2.mid,d6ae647242ceff286d61867ebb06ee767c382eed20c618f7988a94d4733b7d8d,9,4.0,1,0,1,1,0,0.0,3.821875,premature,0,-1,,1,1,premature,0,-1,,1,1,premature,0,-1,,1,1
confirm_75ms,sensitivity,adaptive,0.08,0.075,,0.05,8,0.25,,,R16,R16_249.mid,32c21206c709d04269f4de5a9705ca310189a55c657a53ea8612ed3c5ac480dd,8,4.0,1,0,1,0,0,0.0,5.220625,late,0,-1,,0,1,late,0,-1,,0,1,success,1,0,1.2206249999999663,0,0
confirm_75ms,sensitivity,adaptive,0.08,0.075,,0.05,8,0.25,,,R17,R17_319.mid,7b40b95a494f202130093514531c7232c45d539c2a7ebafe5dee64fac4bc0e7e,18,4.0,1,0,1,0,0,0.0,4.495208,success,1,0,0.4952083333333217,0,0,success,1,0,0.4952083333333217,0,0,success,1,0,0.4952083333333217,0,0
confirm_75ms,sensitivity,adaptive,0.08,0.075,,0.05,8,0.25,,,R18,R18_249.mid,0dc5853f595ca79ae339d76ccf661f166c739dba3b0cb0d66eeb860ef17dd7c0,9,4.0,1,0,1,0,0,0.0,4.290625,success,1,0,0.2906249999999755,0,0,success,1,0,0.2906249999999755,0,0,success,1,0,0.2906249999999755,0,0
confirm_75ms,sensitivity,adaptive,0.08,0.075,,0.05,8,0.25,,,R19,R19_733.mid,73dc520e4f2e19e784486fb5160d0686a1f7d90b81c9bb57b8e6478f3b2032fe,10,4.0,1,0,1,1,0,0.0,1.669583,premature,0,-1,,1,1,premature,0,-1,,1,1,premature,0,-1,,1,1
confirm_75ms,sensitivity,adaptive,0.08,0.075,,0.05,8,0.25,,,R20,R20_660.mid,a3a01235dabd1fd09f3b7047e7b59bee8af87f41bc4456aa3e261bc412d6998a,8,3.983333333333334,1,0,1,0,0,0.0,5.372708,late,0,-1,,0,1,late,0,-1,,0,1,success,1,0,1.389374999999967,0,0
confirm_75ms,sensitivity,adaptive,0.08,0.075,,0.05,8,0.25,,,R21,R21_756-v2.mid,7b479a282dd8ac5742239c1fda08a8a89a1834843d91b2b219beaa12a020ebdc,8,4.0,1,0,1,0,0,0.0,5.525625,late,0,-1,,0,1,late,0,-1,,0,1,success,1,0,1.5256249999999643,0,0
confirm_75ms,sensitivity,adaptive,0.08,0.075,,0.05,8,0.25,,,R22,R22_156.mid,530aaba96af00f7031edd5c0b26b6a257808c3f3d7df6c3d36f325fc29229487,10,4.0,1,0,1,1,0,0.0,3.716875,premature,0,-1,,1,1,premature,0,-1,,1,1,premature,0,-1,,1,1
confirm_75ms,sensitivity,adaptive,0.08,0.075,,0.05,8,0.25,,,R23,R23_645.mid,4089adb020ffa2aa242ec57c10ef8efd9ad726c8c6bf22e335e91d65a5783ac4,12,3.9999999999999996,1,0,1,1,0,0.0,3.288958,premature,0,-1,,1,1,premature,0,-1,,1,1,premature,0,-1,,1,1
confirm_75ms,sensitivity,adaptive,0.08,0.075,,0.05,8,0.25,,,R24,R24_242-v2.mid,5a18cae5a6fd996e3688bb05a6723665c26e561d21b88c112d65d4a6bdb51fca,15,4.000000000000001,1,0,1,1,0,0.0,1.361458,premature,0,-1,,1,1,premature,0,-1,,1,1,premature,0,-1,,1,1
confirm_75ms,sensitivity,adaptive,0.08,0.075,,0.05,8,0.25,,,R25,R25_618-v1.mid,56ff3fa00dc9e75c7913306f4a8cede335d24189bb8e26cfce827120f12743c7,10,4.0,1,0,1,1,0,0.0,3.111250,premature,0,-1,,1,1,premature,0,-1,,1,1,premature,0,-1,,1,1
confirm_75ms,sensitivity,adaptive,0.08,0.075,,0.05,8,0.25,,,R26,R26_560-v1.mid,f0d0a16aff422f9a5877f2944cdd0b959b4801aa449310959626fa7dbd7a6edb,15,3.951041666666667,1,0,1,1,0,0.0,1.902917,premature,0,-1,,1,1,premature,0,-1,,1,1,premature,0,-1,,1,1
confirm_75ms,sensitivity,adaptive,0.08,0.075,,0.05,8,0.25,,,R27,R27_735.mid,c6fabc901af844a2236d5a2956bd48e11d7952607af238e872c0dc7f65dbaa6f,16,4.0,1,0,1,1,0,0.0,3.880625,premature,0,-1,,1,1,premature,0,-1,,1,1,premature,0,-1,,1,1
confirm_75ms,sensitivity,adaptive,0.08,0.075,,0.05,8,0.25,,,R28,R28_804-v3.mid,f2326f94ae3ec36fd956ed7a74f507c37dfaeae99fddbfc7f2cbf87414f92030,11,3.9802083333333336,1,0,1,1,0,0.0,2.711250,premature,0,-1,,1,1,premature,0,-1,,1,1,premature,0,-1,,1,1
confirm_75ms,sensitivity,adaptive,0.08,0.075,,0.05,8,0.25,,,R29,R29_846-v2.mid,b750d5ab04a7fcc02298fea281e624dbc92dd1640a17037e580bb5b845ab517b,12,4.0,1,0,1,1,0,0.0,2.702917,premature,0,-1,,1,1,premature,0,-1,,1,1,premature,0,-1,,1,1
confirm_75ms,sensitivity,adaptive,0.08,0.075,,0.05,8,0.25,,,R30,R30_002-v2.mid,3b8c10e5c6886af05080687f0bc745791d33e73b2cec916337c1799e43024254,19,4.0,1,0,1,0,0,0.0,4.672917,late,0,-1,,0,1,success,1,0,0.6729166666666515,0,0,success,1,0,0.6729166666666515,0,0
confirm_75ms,sensitivity,adaptive,0.08,0.075,,0.05,8,0.25,,,R31,R31_069-v5.mid,ad5859e7014674fc2b088288d32445f60e2790c868a97bae22f5c6c6f7a9c906,10,4.0,1,0,1,0,0,0.0,4.539583,late,0,-1,,0,1,success,1,0,0.5395833333333089,0,0,success,1,0,0.5395833333333089,0,0
confirm_75ms,sensitivity,adaptive,0.08,0.075,,0.05,8,0.25,,,R32,R32_290-v2.mid,b6d63759467030d9561098d602d2077dba3fd2e6533d64bc6401940ec9398bd7,11,4.0,1,0,1,1,0,0.0,0.791667,premature,0,-1,,1,1,premature,0,-1,,1,1,premature,0,-1,,1,1
confirm_75ms,sensitivity,adaptive,0.08,0.075,,0.05,8,0.25,,,R33,R33_144-v1.mid,14914529875824c38e895baf4969bc1f01031d5a20038d87474333091ce8bf16,21,4.0,1,0,1,0,0,0.0,4.498542,success,1,0,0.49854166666665645,0,0,success,1,0,0.49854166666665645,0,0,success,1,0,0.49854166666665645,0,0
confirm_75ms,sensitivity,adaptive,0.08,0.075,,0.05,8,0.25,,,R34,R34_680-v3.mid,193fa77f9af23482857e237a7f27c3f78c79243d9a1ffca85d491c191040a3d9,15,4.0,1,0,1,0,0,0.0,4.698750,late,0,-1,,0,1,success,1,0,0.6987499999999827,0,0,success,1,0,0.6987499999999827,0,0
confirm_75ms,sensitivity,adaptive,0.08,0.075,,0.05,8,0.25,,,R35,R35_436-v2.mid,0db58df01ff0e7ef7665b41a914d45f2c8da7ce346a391eafaadda58c2fbcbd1,8,3.9999999999999996,1,0,1,1,0,0.0,1.974792,premature,0,-1,,1,1,premature,0,-1,,1,1,premature,0,-1,,1,1
confirm_75ms,sensitivity,adaptive,0.08,0.075,,0.05,8,0.25,,,R36,R36_230.mid,292e936198ef29131aa14fa25acb693df0d1183ea1dde8ce70b941f2378a5b3c,11,4.0,1,0,1,1,0,0.0,2.152917,premature,0,-1,,1,1,premature,0,-1,,1,1,premature,0,-1,,1,1
confirm_75ms,sensitivity,adaptive,0.08,0.075,,0.05,8,0.25,,,R37,R37_667-v3.mid,3423caa4b45632a7f2c919a198ed678b6eb9786448d01e549dc32a5398afcf9f,7,4.0,1,0,1,0,0,0.0,5.857083,late,0,-1,,0,1,late,0,-1,,0,1,success,1,0,1.857083333333292,0,0
confirm_75ms,sensitivity,adaptive,0.08,0.075,,0.05,8,0.25,,,R38,R38_136.mid,3abb38ce19d8de517c62b2014f88ea09cffbe9e6bf5ed9c01ed0c1155a8acbe5,14,4.0,1,0,1,1,0,0.0,1.375833,premature,0,-1,,1,1,premature,0,-1,,1,1,premature,0,-1,,1,1
confirm_75ms,sensitivity,adaptive,0.08,0.075,,0.05,8,0.25,,,R39,R39_578-v3.mid,fceb1f97ce180f42e04547ff0aa0b9478cd06770ac604a3832d919926ad92aa7,16,4.0,1,0,1,0,0,0.0,4.668958,late,0,-1,,0,1,success,1,0,0.6689583333333191,0,0,success,1,0,0.6689583333333191,0,0
confirm_75ms,sensitivity,adaptive,0.08,0.075,,0.05,8,0.25,,,R40,R40_454.mid,d848f11068ba98d752767ac7826bc58b93c22e9b031ee710f0fae41eccde2eec,12,3.9187499999999997,1,0,1,0,0,0.0,4.879375,late,0,-1,,0,1,success,1,0,0.9606249999999776,0,0,success,1,0,0.9606249999999776,0,0
confirm_75ms,sensitivity,adaptive,0.08,0.075,,0.05,8,0.25,,,P001,P001_pop909_clear_motif_melody_298_bridge.mid,8b00372060ba7b623d803e3af7e70f5ef60b65f66816ad377f725005f4c84fa9,10,4.948456,2,1,1,0,0,0.5,6.203662,late,0,-1,,0,1,late,0,-1,,0,1,success,1,0,1.2552060479166336,0,0
confirm_75ms,sensitivity,adaptive,0.08,0.075,,0.05,8,0.25,,,P002,P002_pop909_clear_motif_melody_248_bridge.mid,ccb942640a73e3e0122c796c0971c8f675a924861614fa62562f002ab9ef196d,10,3.478248,1,0,1,0,0,0.0,3.955315,success,1,0,0.47706685624998046,0,0,success,1,0,0.47706685624998046,0,0,success,1,0,0.47706685624998046,0,0
confirm_75ms,sensitivity,adaptive,0.08,0.075,,0.05,8,0.25,,,P003,P003_pop909_clear_motif_melody_339_melody.mid,628d1079f63c4bf7a08c4ee78f0765919be119f7b82f8dc3ffde83afbb2238ec,10,6.3124899,1,0,1,1,0,0.0,4.635481,premature,0,-1,,1,1,premature,0,-1,,1,1,premature,0,-1,,1,1
confirm_75ms,sensitivity,adaptive,0.08,0.075,,0.05,8,0.25,,,P004,P004_pop909_clear_motif_melody_268_melody.mid,e1ad81a5ae674340b836f4d87a0f82f0920845ccc4214feb28ccf9b9603f0948,10,8.0,1,0,1,0,0,0.0,8.272500,success,1,0,0.2725000000000293,0,0,success,1,0,0.2725000000000293,0,0,success,1,0,0.2725000000000293,0,0
confirm_75ms,sensitivity,adaptive,0.08,0.075,,0.05,8,0.25,,,P005,P005_pop909_clear_motif_melody_021_melody.mid,a1fe99526a41a4b56b5a507d209dd13d4105ef53e85d25dd53ce7e9ee5915ff3,10,4.13157275,1,0,1,1,0,0.0,2.148771,premature,0,-1,,1,1,premature,0,-1,,1,1,premature,0,-1,,1,1
confirm_75ms,sensitivity,adaptive,0.08,0.075,,0.05,8,0.25,,,P006,P006_pop909_clear_motif_melody_220_melody.mid,81d85ebdbdb62cf3dd0eb82602b7fe26907e395242e71f5bb78ef112438b09cc,10,3.870936,2,1,1,0,0,0.5,4.980615,late,0,-1,,0,1,late,0,-1,,0,1,success,1,0,1.1096787749999728,0,0
confirm_75ms,sensitivity,adaptive,0.08,0.075,,0.05,8,0.25,,,P007,P007_pop909_clear_motif_melody_273_melody.mid,b6f10983b8aa291a839fc6e5232bc1920fa3b1e354e6e03e788a7a6b17af9d59,10,6.48648,1,0,1,1,0,0.0,5.182293,premature,0,-1,,1,1,premature,0,-1,,1,1,premature,0,-1,,1,1
confirm_75ms,sensitivity,adaptive,0.08,0.075,,0.05,8,0.25,,,P008,P008_pop909_clear_motif_melody_713_melody.mid,cc0088d140a0c7f748d7a717a6f796eed7338f6a4d8889e8e2eebd7fab8f8f51,10,5.454544,1,0,1,1,0,0.0,3.395284,premature,0,-1,,1,1,premature,0,-1,,1,1,premature,0,-1,,1,1
confirm_75ms,sensitivity,adaptive,0.08,0.075,,0.05,8,0.25,,,P009,P009_pop909_clear_motif_melody_328_melody.mid,e8885a270c794ef4d50b9e6e050e3a0d3d8301d178169d86d88126123dbf06e2,10,5.333328,1,0,1,1,0,0.0,2.154999,premature,0,-1,,1,1,premature,0,-1,,1,1,premature,0,-1,,1,1
confirm_75ms,sensitivity,adaptive,0.08,0.075,,0.05,8,0.25,,,P010,P010_pop909_clear_motif_melody_407_melody.mid,42e7658af7a87529d58b908a6d60cc195eeb297cdd129a98e1cb2649ce5aecce,10,6.15,1,0,1,1,0,0.0,5.445000,premature,0,-1,,1,1,premature,0,-1,,1,1,premature,0,-1,,1,1
confirm_75ms,sensitivity,adaptive,0.08,0.075,,0.05,8,0.25,,,P011,P011_pop909_clear_motif_melody_119_melody.mid,896c48c32a15cf85bd286aa4436d0a697c9a91692eb0fb128687d212976619d5,10,7.272728,1,0,1,1,0,0.0,2.308182,premature,0,-1,,1,1,premature,0,-1,,1,1,premature,0,-1,,1,1
confirm_75ms,sensitivity,adaptive,0.08,0.075,,0.05,8,0.25,,,P012,P012_pop909_clear_motif_melody_188_melody.mid,54bf4eb2f8bff2ccd5d214afc84523384678bdefdf3145e821781182c58bc003,10,4.363632000000001,1,0,1,1,0,0.0,1.460227,premature,0,-1,,1,1,premature,0,-1,,1,1,premature,0,-1,,1,1
confirm_75ms,sensitivity,adaptive,0.08,0.075,,0.05,8,0.25,,,P013,P013_pop909_expressive_rubato_203_bridge.mid,d94792fd3118efad79013d413549904951e6acf204434771004ef7b6bac68e4a,9,3.000000000000001,1,0,1,1,0,0.0,1.403958,premature,0,-1,,1,1,premature,0,-1,,1,1,premature,0,-1,,1,1
confirm_75ms,sensitivity,adaptive,0.08,0.075,,0.05,8,0.25,,,P014,P014_pop909_expressive_rubato_203_bridge.mid,d78dea53ea8b5558568755412ec7c72b704ce448c1990fbb631bad2aba3c7411,9,3.0,1,0,1,0,1,0.0,5.153958,late,0,-1,,0,1,late,0,-1,,0,1,late,0,-1,,0,1
confirm_75ms,sensitivity,adaptive,0.08,0.075,,0.05,8,0.25,,,P015,P015_pop909_expressive_rubato_263_bridge.mid,fdbb28e369fed211abc0a0b53b2006a331c357c454f4284639fd36961d3aac40,16,5.333328000000002,1,0,1,0,1,0.0,7.375550,late,0,-1,,0,1,late,0,-1,,0,1,late,0,-1,,0,1
confirm_75ms,sensitivity,adaptive,0.08,0.075,,0.05,8,0.25,,,P016,P016_pop909_expressive_rubato_617_bridge.mid,37d4c7b2c4a5856f926b9e67a662ac676aa83beca73c7dfc2dd6c188e52a38a4,4,1.3348119999999997,1,0,1,0,0,0.0,3.153689,late,0,-1,,0,1,late,0,-1,,0,1,success,1,0,1.8188765666666276,0,0
confirm_75ms,sensitivity,adaptive,0.08,0.075,,0.05,8,0.25,,,P017,P017_pop909_expressive_rubato_178_bridge.mid,cfbf91b1d04e90e9d2e6b6f7ddd9fc480393f1166fde55646495523c989f5d8e,20,6.760552000000001,1,0,1,0,1,0.0,8.780200,late,0,-1,,0,1,late,0,-1,,0,1,late,0,-1,,0,1
confirm_75ms,sensitivity,adaptive,0.08,0.075,,0.05,8,0.25,,,P018,P018_pop909_expressive_rubato_191_bridge.mid,b6e56889014ca3786b340c447e92d66f50ed149b21600186179487f5799f9b73,22,7.272727999999999,1,0,1,1,0,0.0,3.103712,premature,0,-1,,1,1,premature,0,-1,,1,1,premature,0,-1,,1,1
confirm_75ms,sensitivity,adaptive,0.08,0.075,,0.05,8,0.25,,,P019,P019_pop909_expressive_rubato_178_bridge.mid,51d4e82b5c0b217263d7a849828b0f05a8411876b0a87f85f4c175bf27767739,20,6.760551999999999,1,0,1,1,0,0.0,1.334717,premature,0,-1,,1,1,premature,0,-1,,1,1,premature,0,-1,,1,1
confirm_75ms,sensitivity,adaptive,0.08,0.075,,0.05,8,0.25,,,P020,P020_pop909_expressive_rubato_212_bridge.mid,6f5eee7b1684521d31dac9b4e36649e423a8ce813df0a5f142967525e2bf2e17,17,5.783128,1,0,1,1,0,0.0,4.173793,premature,0,-1,,1,1,premature,0,-1,,1,1,premature,0,-1,,1,1
confirm_75ms,sensitivity,adaptive,0.08,0.075,,0.05,8,0.25,,,P021,P021_pop909_chord_arpeggio_polyphonic_227_piano.mid,41b21fee0bca14bd00917fcf3d879b2fcebb9856fef2228a36e0b912e58444c9,18,7.1641759999999985,1,0,1,0,0,0.0,8.401340,late,0,-1,,0,1,late,0,-1,,0,1,success,1,0,1.237164258333375,0,0
confirm_75ms,sensitivity,adaptive,0.08,0.075,,0.05,8,0.25,,,P022,P022_pop909_chord_arpeggio_polyphonic_003_piano.mid,ea9963c2ef0400f7458ed0b378c21cc36273462aabccb9685efcd21625bbdcfd,19,2.9268239999999985,1,0,1,0,0,0.0,3.631763,late,0,-1,,0,1,success,1,0,0.7049393124999819,0,0,success,1,0,0.7049393124999819,0,0
confirm_75ms,sensitivity,adaptive,0.08,0.075,,0.05,8,0.25,,,P023,P023_pop909_chord_arpeggio_polyphonic_222_piano.mid,bddeab49734bbbb17982dc09bdfaac6a8c2e1a112b7fd3464c5e7c9deadcfc94,19,6.1538400000000015,1,0,1,0,0,0.0,7.220507,late,0,-1,,0,1,late,0,-1,,0,1,success,1,0,1.0666669999999705,0,0
confirm_75ms,sensitivity,adaptive,0.08,0.075,,0.05,8,0.25,,,P024,P024_pop909_chord_arpeggio_polyphonic_287_piano.mid,ec7a6fe844d8678913cee3e05d68bc85d02d45d316e498dcfe79e58c814953c2,26,6.9347729000000005,1,0,1,0,1,0.0,8.942672,late,0,-1,,0,1,late,0,-1,,0,1,late,0,-1,,0,1
confirm_75ms,sensitivity,adaptive,0.08,0.075,,0.05,8,0.25,,,P025,P025_pop909_chord_arpeggio_polyphonic_566_piano.mid,52dae62297b7cdeff27e0bea0925c8bebbbb999e9935efba566c8ffc51c206e8,22,5.783128,1,0,1,0,0,0.0,6.767405,late,0,-1,,0,1,success,1,0,0.984277249999975,0,0,success,1,0,0.984277249999975,0,0
confirm_75ms,sensitivity,adaptive,0.08,0.075,,0.05,8,0.25,,,P026,P026_pop909_chord_arpeggio_polyphonic_106_piano.mid,5a21694b1c7abc6be7e5c6ee6dd6611dbca54dacb44c602d9f7dc226f5eaad89,28,7.1641759999999985,1,0,1,0,0,0.0,8.462907,late,0,-1,,0,1,late,0,-1,,0,1,success,1,0,1.2987313958333848,0,0
confirm_75ms,sensitivity,adaptive,0.08,0.075,,0.05,8,0.25,,,P027,P027_pop909_chord_arpeggio_polyphonic_218_piano.mid,3d2716434e914a4c1b7b0fee64a762d631c9eb844e328c4f880eb95f36c370a6,32,7.0588159999999975,1,0,1,0,0,0.0,7.882198,late,0,-1,,0,1,success,1,0,0.8233824666666472,0,0,success,1,0,0.8233824666666472,0,0
confirm_75ms,sensitivity,adaptive,0.08,0.075,,0.05,8,0.25,,,P028,P028_pop909_chord_arpeggio_polyphonic_242_piano.mid,cd5c6e16ed3247ea34a6331d4c2e4dd980c5793b2def6bf2d11ae3b4d6d7560e,27,7.868856,1,0,1,0,0,0.0,8.946069,late,0,-1,,0,1,late,0,-1,,0,1,success,1,0,1.0772130437501426,0,0
confirm_75ms,sensitivity,adaptive,0.08,0.075,,0.05,8,0.25,,,P029,P029_pop909_sparse_short_062_melody.mid,de331be603af62c8ecaeb6b4de4413d0dfe0f3c4a24efa36a90905ae0bb82a26,3,3.24324,1,0,1,0,0,0.0,4.425268,late,0,-1,,0,1,late,0,-1,,0,1,success,1,0,1.1820277499999596,0,0
confirm_75ms,sensitivity,adaptive,0.08,0.075,,0.05,8,0.25,,,P030,P030_pop909_sparse_short_062_melody.mid,f2c561cfdf3ae696074a8292cfd9b6e91d18a740bb99c9c5ad4661e2b5225717,3,2.12837625,1,0,1,1,0,0.0,1.183243,premature,0,-1,,1,1,premature,0,-1,,1,1,premature,0,-1,,1,1
confirm_75ms,sensitivity,adaptive,0.08,0.075,,0.05,8,0.25,,,P031,P031_pop909_sparse_short_062_melody.mid,113bb580ca65ca779549df831e3b90b62932fe9eb9935891172b6636ee9e6079,3,3.24324,1,0,1,0,0,0.0,4.425268,late,0,-1,,0,1,late,0,-1,,0,1,success,1,0,1.1820277499999596,0,0
confirm_75ms,sensitivity,adaptive,0.08,0.075,,0.05,8,0.25,,,P032,P032_pop909_sparse_short_062_melody.mid,2638d2ec8832338b8f57a7147f9874c863c36279707599ffbd8782269c399746,3,3.24324,1,0,1,0,0,0.0,4.425268,late,0,-1,,0,1,late,0,-1,,0,1,success,1,0,1.1820277499999596,0,0
confirm_75ms,sensitivity,adaptive,0.08,0.075,,0.05,8,0.25,,,P033,P033_pop909_sparse_short_062_melody.mid,dcf51fe0bedf2f9e1acede760976dcde4a78650e163ec3c6ce86d970b4cc65c3,3,3.24324,1,0,1,0,0,0.0,4.425268,late,0,-1,,0,1,late,0,-1,,0,1,success,1,0,1.1820277499999596,0,0
confirm_75ms,sensitivity,adaptive,0.08,0.075,,0.05,8,0.25,,,P034,P034_pop909_dense_fast_095_bridge.mid,1eec4634489ebc2145d5d07f86a58778c994982c97d2dd5704238989cafe8164,49,1.7610275333333312,1,0,1,0,0,0.0,2.090807,success,1,0,0.32977943333332593,0,0,success,1,0,0.32977943333332593,0,0,success,1,0,0.32977943333332593,0,0
confirm_75ms,sensitivity,adaptive,0.08,0.075,,0.05,8,0.25,,,P035,P035_pop909_dense_fast_351_bridge.mid,cce631ae36062ea5c6c5856ce61c72dee517b0d26fc59e569c45986becb91fa5,28,1.0351939999999993,1,0,1,0,0,0.0,1.327946,success,1,0,0.29275208541665965,0,0,success,1,0,0.29275208541665965,0,0,success,1,0,0.29275208541665965,0,0
confirm_75ms,sensitivity,adaptive,0.08,0.075,,0.05,8,0.25,,,P036,P036_pop909_dense_fast_095_bridge.mid,8d7b860e3c98cfc78be2b1d435ac9d52da48b3df427707b2c9dc6e28266f4b58,38,1.6801452666666645,1,0,1,0,0,0.0,2.017572,success,1,0,0.3374264999999925,0,0,success,1,0,0.3374264999999925,0,0,success,1,0,0.3374264999999925,0,0
confirm_75ms,sensitivity,adaptive,0.08,0.075,,0.05,8,0.25,,,P037,P037_pop909_dense_fast_095_bridge.mid,14ee870cca3317109b67f85cc0241e6678d38b8efed31130577d8d722e145a58,30,0.7977932666666666,1,0,1,0,0,0.0,1.125220,success,1,0,0.3274264999999975,0,0,success,1,0,0.3274264999999975,0,0,success,1,0,0.3274264999999975,0,0
confirm_75ms,sensitivity,adaptive,0.08,0.075,,0.05,8,0.25,,,P038,P038_pop909_dense_fast_727_bridge.mid,4cec022a9c9e7dd2ec868ae3124b7089c195126defe23b8a3d440d2c7bbaf873,45,1.2854942770833329,1,0,1,0,0,0.0,1.613828,success,1,0,0.32833331874999216,0,0,success,1,0,0.32833331874999216,0,0,success,1,0,0.32833331874999216,0,0
confirm_75ms,sensitivity,adaptive,0.08,0.075,,0.05,8,0.25,,,P039,P039_pop909_chromatic_outside_789_piano.mid,89dc01789fe23c4372b236cc806e6567b05346295e667c74639aa4642a3e304b,16,7.272728,1,0,1,0,0,0.0,9.222879,late,0,-1,,0,1,late,0,-1,,0,1,success,1,0,1.9501513916668154,0,0
confirm_75ms,sensitivity,adaptive,0.08,0.075,,0.05,8,0.25,,,P040,P040_pop909_chromatic_outside_064_piano.mid,76f70f424a678deaed9e02ef3b85db1c47a828b39689b0fb75fd6c5cd5f84a3f,23,7.562499999999999,1,0,1,0,0,0.0,7.613333,success,1,0,0.05083333333331552,0,0,success,1,0,0.05083333333331552,0,0,success,1,0,0.05083333333331552,0,0
confirm_75ms,sensitivity,adaptive,0.08,0.075,,0.05,8,0.25,,,P041,P041_pop909_chromatic_outside_796_piano.mid,5313ed35276167210c99ca9b0d50773ad1c5a71997072b20b1653efba88eb36f,20,6.486488,1,0,1,0,0,0.0,7.661556,late,0,-1,,0,1,late,0,-1,,0,1,success,1,0,1.1750675395833055,0,0
confirm_75ms,sensitivity,adaptive,0.08,0.075,,0.05,8,0.25,,,P042,P042_pop909_chromatic_outside_254_piano.mid,dfb97d893bd303a0043e98fe7c14dc376233ce114864c10be992cad37ef88538,24,3.3027539999999993,1,0,1,0,0,0.0,4.046791,late,0,-1,,0,1,success,1,0,0.7440365520833119,0,0,success,1,0,0.7440365520833119,0,0
confirm_75ms,sensitivity,adaptive,0.08,0.075,,0.05,8,0.25,,,P043,P043_pop909_chromatic_outside_311_bridge.mid,8bb993a52d683a9b093e77f22d9fa6d3df633472edafb5a0056e4e19b5852902,14,7.5,1,0,1,1,0,0.0,2.105937,premature,0,-1,,1,1,premature,0,-1,,1,1,premature,0,-1,,1,1
confirm_75ms,sensitivity,adaptive,0.08,0.075,,0.05,8,0.25,,,P044,P044_pop909_false_ending_pause_322_bridge.mid,92fa6bc714e6881f40bd275254b082416486b9d155453539c6e2e9cce641a65c,7,4.633333333333333,1,0,1,0,0,0.0,4.667500,success,1,0,0.034166666666633816,0,0,success,1,0,0.034166666666633816,0,0,success,1,0,0.034166666666633816,0,0
confirm_75ms,sensitivity,adaptive,0.08,0.075,,0.05,8,0.25,,,P045,P045_pop909_false_ending_pause_008_bridge.mid,28ee69826748317d665163811014939ed01825addd8f2c9505d27364a6b4adc8,7,4.876923483333333,1,0,1,1,0,0.0,2.129615,premature,0,-1,,1,1,premature,0,-1,,1,1,premature,0,-1,,1,1
confirm_75ms,sensitivity,adaptive,0.08,0.075,,0.05,8,0.25,,,P046,P046_pop909_false_ending_pause_253_bridge.mid,0e6ab6a38b763c541fa954510aaf319efab974b676865fe44aaa2c2338435f50,7,5.9943121875,1,0,1,1,0,0.0,2.355226,premature,0,-1,,1,1,premature,0,-1,,1,1,premature,0,-1,,1,1
confirm_75ms,sensitivity,adaptive,0.08,0.075,,0.05,8,0.25,,,P047,P047_pop909_false_ending_pause_396_melody.mid,45f3dedbc0915a84ff315fcf7040e15383bbafbc739845cd8f4e4db11fbe1207,7,3.8673180812499997,1,0,1,1,0,0.0,3.467681,premature,0,-1,,1,1,premature,0,-1,,1,1,premature,0,-1,,1,1
confirm_75ms,sensitivity,adaptive,0.08,0.075,,0.05,8,0.25,,,P048,P048_pop909_repetition_tail_234_bridge.mid,8edaf0b3c05cb78569d9801754c34b780426e21b3654154ff150d50ac4c12b59,8,4.000000000000001,1,0,1,1,0,0.0,2.936250,premature,0,-1,,1,1,premature,0,-1,,1,1,premature,0,-1,,1,1
confirm_75ms,sensitivity,adaptive,0.08,0.075,,0.05,8,0.25,,,P049,P049_pop909_repetition_tail_282_bridge.mid,b5bf7675db361f16e2641027f14dbd38a665a77edf6ca030a9254be54ddab400,8,5.691775224999999,1,0,1,0,0,0.0,7.021159,late,0,-1,,0,1,late,0,-1,,0,1,success,1,0,1.3293838916666312,0,0
confirm_75ms,sensitivity,adaptive,0.08,0.075,,0.05,8,0.25,,,P050,P050_pop909_repetition_tail_340_bridge.mid,92dfb3e992339ebac2e7204e10ece5a799d2ae91faeb4c2a0ff6f5611e0bfbac,8,5.245888,1,0,1,1,0,0.0,3.752151,premature,0,-1,,1,1,premature,0,-1,,1,1,premature,0,-1,,1,1
confirm_250ms,sensitivity,adaptive,0.08,0.25,,0.05,8,0.25,,,A01,A01_c_pentatonic_balanced.mid,e7a1620ba70d4372e998376d91e2f55590448a9cf5878e969a0f70d410659845,14,4.8,1,0,1,0,0,0.0,5.570000,late,0,-1,,0,1,success,1,0,0.7699999999999738,0,0,success,1,0,0.7699999999999738,0,0
confirm_250ms,sensitivity,adaptive,0.08,0.25,,0.05,8,0.25,,,A02,A02_a_minor_pentatonic_question.mid,5166d8996017b0341f9265fc4539b25d09211f1cc291b1e25a4623e68b1bbc0e,12,5.054348499999999,1,0,1,0,0,0.0,5.847174,late,0,-1,,0,1,success,1,0,0.7928259999999696,0,0,success,1,0,0.7928259999999696,0,0
confirm_250ms,sensitivity,adaptive,0.08,0.25,,0.05,8,0.25,,,A03,A03_a_blues_tension.mid,1c61cef65142077e0ea54a46832f15bf535a35b23c920ee8e40193b877467fd4,13,4.166669999999999,1,0,1,0,0,0.0,4.821114,late,0,-1,,0,1,success,1,0,0.6544439999999749,0,0,success,1,0,0.6544439999999749,0,0
confirm_250ms,sensitivity,adaptive,0.08,0.25,,0.05,8,0.25,,,A04,A04_classical_antecedent.mid,3b1b42414601831b09678bb49b714e6512be53f451a517170b48c6c3addb07f1,10,4.6499999999999995,1,0,1,0,0,0.0,5.525000,late,0,-1,,0,1,success,1,0,0.8749999999999689,0,0,success,1,0,0.8749999999999689,0,0
confirm_250ms,sensitivity,adaptive,0.08,0.25,,0.05,8,0.25,,,A05,A05_repetition_tail.mid,c615435e6cf9b0af8c8e4a2d9b7f28ccef90f4cc20ddffc10e23c15ec2296b28,12,4.182691749999999,2,1,1,0,0,0.5,4.820769,late,0,-1,,0,1,success,1,0,0.6380769999999742,0,0,success,1,0,0.6380769999999742,0,0
confirm_250ms,sensitivity,adaptive,0.08,0.25,,0.05,8,0.25,,,A06,A06_syncopated_pop.mid,25a2a2e4aea59cacc8434b36ae5173bd34aaa66ee7eec8c2e460f3f72addaf0e,12,4.3867945,1,0,1,0,0,0.0,5.418775,late,0,-1,,0,1,late,0,-1,,0,1,success,1,0,1.0319809999999716,0,0
confirm_250ms,sensitivity,adaptive,0.08,0.25,,0.05,8,0.25,,,A07,A07_sparse_long_tones.mid,fb6faee9d721a971b5d6388dc979e5a15c26d45366bfef7ade9a8f82eec3358d,6,5.454543999999999,1,0,1,0,1,0.0,7.887726,late,0,-1,,0,1,late,0,-1,,0,1,late,0,-1,,0,1
confirm_250ms,sensitivity,adaptive,0.08,0.25,,0.05,8,0.25,,,A08,A08_dense_eighth_motion.mid,48faeb92585381b6928f2dc31a3119ec234d815efc25ec9d1ba67538fc3f6b41,16,4.285712000000002,1,0,1,0,0,0.0,5.077855,late,0,-1,,0,1,success,1,0,0.7921429999999772,0,0,success,1,0,0.7921429999999772,0,0
confirm_250ms,sensitivity,adaptive,0.08,0.25,,0.05,8,0.25,,,A09,A09_arched_contour.mid,91acd677fdf9a30e64f3584796b5fc38d648b1ddf3785f4d6a6445102c15ee7c,11,4.6875,1,0,1,0,0,0.0,5.592500,late,0,-1,,0,1,success,1,0,0.9049999999999674,0,0,success,1,0,0.9049999999999674,0,0
confirm_250ms,sensitivity,adaptive,0.08,0.25,,0.05,8,0.25,,,A10,A10_leap_gap_fill.mid,6639c3bceab3644ea59e759d1e92e76bcc9a082b5edaea30893d44682f7f3a97,13,4.6499999999999995,1,0,1,0,0,0.0,5.485000,late,0,-1,,0,1,success,1,0,0.8349999999999724,0,0,success,1,0,0.8349999999999724,0,0
confirm_250ms,sensitivity,adaptive,0.08,0.25,,0.05,8,0.25,,,R01,R01_390-v1.mid,e44793c8c043f7c92184c6189f5e7b1af47c202aaa6df435a76a4d26268313aa,13,4.0,2,1,1,0,0,0.5,4.894583,late,0,-1,,0,1,success,1,0,0.894583333333312,0,0,success,1,0,0.894583333333312,0,0
confirm_250ms,sensitivity,adaptive,0.08,0.25,,0.05,8,0.25,,,R02,R02_667-v3.mid,af3cbab9e93480a553c9a217fc1abefdf3db788d071132050fca4cbfe862cdaa,8,4.0,1,0,1,0,0,0.0,4.477083,success,1,0,0.4770833333333053,0,0,success,1,0,0.4770833333333053,0,0,success,1,0,0.4770833333333053,0,0
confirm_250ms,sensitivity,adaptive,0.08,0.25,,0.05,8,0.25,,,R03,R03_174-v2.mid,88f11f634584a21ce30b0dc39c608cde9da43c7936400bba985f8702ecf9e962,12,3.9999999999999996,1,0,1,1,0,0.0,2.102917,premature,0,-1,,1,1,premature,0,-1,,1,1,premature,0,-1,,1,1
confirm_250ms,sensitivity,adaptive,0.08,0.25,,0.05,8,0.25,,,R04,R04_339-v2.mid,828aff4f088b889d0715fee3e65e9243f89520710a795fa7e4b585407a7da650,9,3.817708333333333,1,0,1,0,0,0.0,4.722292,late,0,-1,,0,1,success,1,0,0.90458333333331,0,0,success,1,0,0.90458333333331,0,0
confirm_250ms,sensitivity,adaptive,0.08,0.25,,0.05,8,0.25,,,R05,R05_581.mid,766b0c79d6f6905d1c32f244469b14bf48cb861e79ceede6ac2ee1929437dcf4,13,4.0,1,0,1,0,0,0.0,4.876875,late,0,-1,,0,1,success,1,0,0.8768749999999788,0,0,success,1,0,0.8768749999999788,0,0
confirm_250ms,sensitivity,adaptive,0.08,0.25,,0.05,8,0.25,,,R06,R06_132-v2.mid,e1ccff44d4528b8e4af0e40bdc4699a89e46169a5a6c766acc8ac50740c17bc4,15,4.0,1,0,1,0,0,0.0,4.844792,late,0,-1,,0,1,success,1,0,0.844791666666648,0,0,success,1,0,0.844791666666648,0,0
confirm_250ms,sensitivity,adaptive,0.08,0.25,,0.05,8,0.25,,,R07,R07_664-v2.mid,d84d97d7bfa78ff716110978692047e182ce9f01efee7a44f583544e113fed69,11,4.0,1,0,1,1,0,0.0,3.020625,premature,0,-1,,1,1,premature,0,-1,,1,1,premature,0,-1,,1,1
confirm_250ms,sensitivity,adaptive,0.08,0.25,,0.05,8,0.25,,,R08,R08_266-v1.mid,a60f28e61f3323d5039cd94cdaea65c36ca0311962a73686837cf9dfdde0799d,8,4.0,1,0,1,0,0,0.0,4.540000,late,0,-1,,0,1,success,1,0,0.5399999999999681,0,0,success,1,0,0.5399999999999681,0,0
confirm_250ms,sensitivity,adaptive,0.08,0.25,,0.05,8,0.25,,,R09,R09_433.mid,e1f859f9f55ce2a1718a88f1ce5f88ffffd035cd2ac61aeba9f71e42eb3d1658,23,4.000000000000001,1,0,1,0,0,0.0,4.707708,late,0,-1,,0,1,success,1,0,0.7077083333333176,0,0,success,1,0,0.7077083333333176,0,0
confirm_250ms,sensitivity,adaptive,0.08,0.25,,0.05,8,0.25,,,R10,R10_039-v2.mid,25635c75dc841999c02ffb9b7d67ef21f421bef585b28e0635701689b574a8f6,11,4.000000000000001,1,0,1,1,0,0.0,3.680833,premature,0,-1,,1,1,premature,0,-1,,1,1,premature,0,-1,,1,1
confirm_250ms,sensitivity,adaptive,0.08,0.25,,0.05,8,0.25,,,R11,R11_538.mid,676637ee06573aad6e8ea80367346578ac11b8ed36c9f8ce5702eda3643830ab,20,3.921875,1,0,1,0,0,0.0,4.430833,late,0,-1,,0,1,success,1,0,0.508958333333319,0,0,success,1,0,0.508958333333319,0,0
confirm_250ms,sensitivity,adaptive,0.08,0.25,,0.05,8,0.25,,,R12,R12_457.mid,151dd04bd54d11512876bab817410ae94fb81547894ff0a3b96401968101f6df,13,4.0,3,2,1,0,0,0.6666666666666666,5.496250,late,0,-1,,0,1,late,0,-1,,0,1,success,1,0,1.496249999999967,0,0
confirm_250ms,sensitivity,adaptive,0.08,0.25,,0.05,8,0.25,,,R13,R13_353-v1.mid,ef59a3cdc969d70fd54c9cd52a37e30deb9772958305ace368edde9ea5afc7c3,11,4.0,1,0,1,1,0,0.0,1.959167,premature,0,-1,,1,1,premature,0,-1,,1,1,premature,0,-1,,1,1
confirm_250ms,sensitivity,adaptive,0.08,0.25,,0.05,8,0.25,,,R14,R14_073.mid,6014529ddd8b96a82fd599bf2e0268f5da21dad2080ba59e69de225512a58ee3,12,3.939583333333333,1,0,1,0,0,0.0,4.932708,late,0,-1,,0,1,success,1,0,0.993124999999976,0,0,success,1,0,0.993124999999976,0,0
confirm_250ms,sensitivity,adaptive,0.08,0.25,,0.05,8,0.25,,,R15,R15_156-v2.mid,d6ae647242ceff286d61867ebb06ee767c382eed20c618f7988a94d4733b7d8d,9,4.0,2,1,1,0,0,0.5,5.571875,late,0,-1,,0,1,late,0,-1,,0,1,success,1,0,1.5718749999999648,0,0
confirm_250ms,sensitivity,adaptive,0.08,0.25,,0.05,8,0.25,,,R16,R16_249.mid,32c21206c709d04269f4de5a9705ca310189a55c657a53ea8612ed3c5ac480dd,8,4.0,1,0,1,0,0,0.0,5.395625,late,0,-1,,0,1,late,0,-1,,0,1,success,1,0,1.3956249999999626,0,0
confirm_250ms,sensitivity,adaptive,0.08,0.25,,0.05,8,0.25,,,R17,R17_319.mid,7b40b95a494f202130093514531c7232c45d539c2a7ebafe5dee64fac4bc0e7e,18,4.0,1,0,1,0,0,0.0,4.670208,late,0,-1,,0,1,success,1,0,0.670208333333318,0,0,success,1,0,0.670208333333318,0,0
confirm_250ms,sensitivity,adaptive,0.08,0.25,,0.05,8,0.25,,,R18,R18_249.mid,0dc5853f595ca79ae339d76ccf661f166c739dba3b0cb0d66eeb860ef17dd7c0,9,4.0,1,0,1,0,0,0.0,4.465625,success,1,0,0.46562499999997176,0,0,success,1,0,0.46562499999997176,0,0,success,1,0,0.46562499999997176,0,0
confirm_250ms,sensitivity,adaptive,0.08,0.25,,0.05,8,0.25,,,R19,R19_733.mid,73dc520e4f2e19e784486fb5160d0686a1f7d90b81c9bb57b8e6478f3b2032fe,10,4.0,1,0,1,1,0,0.0,1.844583,premature,0,-1,,1,1,premature,0,-1,,1,1,premature,0,-1,,1,1
confirm_250ms,sensitivity,adaptive,0.08,0.25,,0.05,8,0.25,,,R20,R20_660.mid,a3a01235dabd1fd09f3b7047e7b59bee8af87f41bc4456aa3e261bc412d6998a,8,3.983333333333334,1,0,1,0,0,0.0,5.547708,late,0,-1,,0,1,late,0,-1,,0,1,success,1,0,1.5643749999999632,0,0
confirm_250ms,sensitivity,adaptive,0.08,0.25,,0.05,8,0.25,,,R21,R21_756-v2.mid,7b479a282dd8ac5742239c1fda08a8a89a1834843d91b2b219beaa12a020ebdc,8,4.0,1,0,1,0,0,0.0,5.700625,late,0,-1,,0,1,late,0,-1,,0,1,success,1,0,1.7006249999999605,0,0
confirm_250ms,sensitivity,adaptive,0.08,0.25,,0.05,8,0.25,,,R22,R22_156.mid,530aaba96af00f7031edd5c0b26b6a257808c3f3d7df6c3d36f325fc29229487,10,4.0,1,0,1,1,0,0.0,3.891875,premature,0,-1,,1,1,premature,0,-1,,1,1,premature,0,-1,,1,1
confirm_250ms,sensitivity,adaptive,0.08,0.25,,0.05,8,0.25,,,R23,R23_645.mid,4089adb020ffa2aa242ec57c10ef8efd9ad726c8c6bf22e335e91d65a5783ac4,12,3.9999999999999996,1,0,1,1,0,0.0,3.463958,premature,0,-1,,1,1,premature,0,-1,,1,1,premature,0,-1,,1,1
confirm_250ms,sensitivity,adaptive,0.08,0.25,,0.05,8,0.25,,,R24,R24_242-v2.mid,5a18cae5a6fd996e3688bb05a6723665c26e561d21b88c112d65d4a6bdb51fca,15,4.000000000000001,3,2,1,0,0,0.6666666666666666,5.051458,late,0,-1,,0,1,late,0,-1,,0,1,success,1,0,1.0514583333333096,0,0
confirm_250ms,sensitivity,adaptive,0.08,0.25,,0.05,8,0.25,,,R25,R25_618-v1.mid,56ff3fa00dc9e75c7913306f4a8cede335d24189bb8e26cfce827120f12743c7,10,4.0,1,0,1,1,0,0.0,3.286250,premature,0,-1,,1,1,premature,0,-1,,1,1,premature,0,-1,,1,1
confirm_250ms,sensitivity,adaptive,0.08,0.25,,0.05,8,0.25,,,R26,R26_560-v1.mid,f0d0a16aff422f9a5877f2944cdd0b959b4801aa449310959626fa7dbd7a6edb,15,3.951041666666667,2,1,1,0,0,0.5,4.722917,late,0,-1,,0,1,success,1,0,0.771874999999981,0,0,success,1,0,0.771874999999981,0,0
confirm_250ms,sensitivity,adaptive,0.08,0.25,,0.05,8,0.25,,,R27,R27_735.mid,c6fabc901af844a2236d5a2956bd48e11d7952607af238e872c0dc7f65dbaa6f,16,4.0,2,1,1,0,0,0.5,4.895625,late,0,-1,,0,1,success,1,0,0.8956249999999795,0,0,success,1,0,0.8956249999999795,0,0
confirm_250ms,sensitivity,adaptive,0.08,0.25,,0.05,8,0.25,,,R28,R28_804-v3.mid,f2326f94ae3ec36fd956ed7a74f507c37dfaeae99fddbfc7f2cbf87414f92030,11,3.9802083333333336,1,0,1,1,0,0.0,2.886250,premature,0,-1,,1,1,premature,0,-1,,1,1,premature,0,-1,,1,1
confirm_250ms,sensitivity,adaptive,0.08,0.25,,0.05,8,0.25,,,R29,R29_846-v2.mid,b750d5ab04a7fcc02298fea281e624dbc92dd1640a17037e580bb5b845ab517b,12,4.0,2,1,1,0,0,0.5,4.912917,late,0,-1,,0,1,success,1,0,0.912916666666642,0,0,success,1,0,0.912916666666642,0,0
confirm_250ms,sensitivity,adaptive,0.08,0.25,,0.05,8,0.25,,,R30,R30_002-v2.mid,3b8c10e5c6886af05080687f0bc745791d33e73b2cec916337c1799e43024254,19,4.0,1,0,1,0,0,0.0,4.847917,late,0,-1,,0,1,success,1,0,0.8479166666666478,0,0,success,1,0,0.8479166666666478,0,0
confirm_250ms,sensitivity,adaptive,0.08,0.25,,0.05,8,0.25,,,R31,R31_069-v5.mid,ad5859e7014674fc2b088288d32445f60e2790c868a97bae22f5c6c6f7a9c906,10,4.0,1,0,1,0,0,0.0,4.714583,late,0,-1,,0,1,success,1,0,0.7145833333333051,0,0,success,1,0,0.7145833333333051,0,0
confirm_250ms,sensitivity,adaptive,0.08,0.25,,0.05,8,0.25,,,R32,R32_290-v2.mid,b6d63759467030d9561098d602d2077dba3fd2e6533d64bc6401940ec9398bd7,11,4.0,1,0,1,1,0,0.0,0.966667,premature,0,-1,,1,1,premature,0,-1,,1,1,premature,0,-1,,1,1
confirm_250ms,sensitivity,adaptive,0.08,0.25,,0.05,8,0.25,,,R33,R33_144-v1.mid,14914529875824c38e895baf4969bc1f01031d5a20038d87474333091ce8bf16,21,4.0,1,0,1,0,0,0.0,4.673542,late,0,-1,,0,1,success,1,0,0.6735416666666527,0,0,success,1,0,0.6735416666666527,0,0
confirm_250ms,sensitivity,adaptive,0.08,0.25,,0.05,8,0.25,,,R34,R34_680-v3.mid,193fa77f9af23482857e237a7f27c3f78c79243d9a1ffca85d491c191040a3d9,15,4.0,1,0,1,0,0,0.0,4.873750,late,0,-1,,0,1,success,1,0,0.8737499999999789,0,0,success,1,0,0.8737499999999789,0,0
confirm_250ms,sensitivity,adaptive,0.08,0.25,,0.05,8,0.25,,,R35,R35_436-v2.mid,0db58df01ff0e7ef7665b41a914d45f2c8da7ce346a391eafaadda58c2fbcbd1,8,3.9999999999999996,1,0,1,1,0,0.0,2.149792,premature,0,-1,,1,1,premature,0,-1,,1,1,premature,0,-1,,1,1
confirm_250ms,sensitivity,adaptive,0.08,0.25,,0.05,8,0.25,,,R36,R36_230.mid,292e936198ef29131aa14fa25acb693df0d1183ea1dde8ce70b941f2378a5b3c,11,4.0,2,1,1,0,0,0.5,5.257917,late,0,-1,,0,1,late,0,-1,,0,1,success,1,0,1.2579166666666364,0,0
confirm_250ms,sensitivity,adaptive,0.08,0.25,,0.05,8,0.25,,,R37,R37_667-v3.mid,3423caa4b45632a7f2c919a198ed678b6eb9786448d01e549dc32a5398afcf9f,7,4.0,1,0,1,0,1,0.0,6.032083,late,0,-1,,0,1,late,0,-1,,0,1,late,0,-1,,0,1
confirm_250ms,sensitivity,adaptive,0.08,0.25,,0.05,8,0.25,,,R38,R38_136.mid,3abb38ce19d8de517c62b2014f88ea09cffbe9e6bf5ed9c01ed0c1155a8acbe5,14,4.0,2,1,1,0,0,0.5,5.035833,late,0,-1,,0,1,late,0,-1,,0,1,success,1,0,1.0358333333333096,0,0
confirm_250ms,sensitivity,adaptive,0.08,0.25,,0.05,8,0.25,,,R39,R39_578-v3.mid,fceb1f97ce180f42e04547ff0aa0b9478cd06770ac604a3832d919926ad92aa7,16,4.0,1,0,1,0,0,0.0,4.843958,late,0,-1,,0,1,success,1,0,0.8439583333333154,0,0,success,1,0,0.8439583333333154,0,0
confirm_250ms,sensitivity,adaptive,0.08,0.25,,0.05,8,0.25,,,R40,R40_454.mid,d848f11068ba98d752767ac7826bc58b93c22e9b031ee710f0fae41eccde2eec,12,3.9187499999999997,1,0,1,0,0,0.0,5.054375,late,0,-1,,0,1,late,0,-1,,0,1,success,1,0,1.135624999999974,0,0
confirm_250ms,sensitivity,adaptive,0.08,0.25,,0.05,8,0.25,,,P001,P001_pop909_clear_motif_melody_298_bridge.mid,8b00372060ba7b623d803e3af7e70f5ef60b65f66816ad377f725005f4c84fa9,10,4.948456,2,1,1,0,0,0.5,6.378662,late,0,-1,,0,1,late,0,-1,,0,1,success,1,0,1.4302060479166299,0,0
confirm_250ms,sensitivity,adaptive,0.08,0.25,,0.05,8,0.25,,,P002,P002_pop909_clear_motif_melody_248_bridge.mid,ccb942640a73e3e0122c796c0971c8f675a924861614fa62562f002ab9ef196d,10,3.478248,1,0,1,0,0,0.0,4.130315,late,0,-1,,0,1,success,1,0,0.6520668562499772,0,0,success,1,0,0.6520668562499772,0,0
confirm_250ms,sensitivity,adaptive,0.08,0.25,,0.05,8,0.25,,,P003,P003_pop909_clear_motif_melody_339_melody.mid,628d1079f63c4bf7a08c4ee78f0765919be119f7b82f8dc3ffde83afbb2238ec,10,6.3124899,1,0,1,1,0,0.0,4.810481,premature,0,-1,,1,1,premature,0,-1,,1,1,premature,0,-1,,1,1
confirm_250ms,sensitivity,adaptive,0.08,0.25,,0.05,8,0.25,,,P004,P004_pop909_clear_motif_melody_268_melody.mid,e1ad81a5ae674340b836f4d87a0f82f0920845ccc4214feb28ccf9b9603f0948,10,8.0,1,0,1,0,0,0.0,8.447500,success,1,0,0.44750000000005663,0,0,success,1,0,0.44750000000005663,0,0,success,1,0,0.44750000000005663,0,0
confirm_250ms,sensitivity,adaptive,0.08,0.25,,0.05,8,0.25,,,P005,P005_pop909_clear_motif_melody_021_melody.mid,a1fe99526a41a4b56b5a507d209dd13d4105ef53e85d25dd53ce7e9ee5915ff3,10,4.13157275,2,1,1,0,0,0.5,5.273503,late,0,-1,,0,1,late,0,-1,,0,1,success,1,0,1.141930354166635,0,0
confirm_250ms,sensitivity,adaptive,0.08,0.25,,0.05,8,0.25,,,P006,P006_pop909_clear_motif_melody_220_melody.mid,81d85ebdbdb62cf3dd0eb82602b7fe26907e395242e71f5bb78ef112438b09cc,10,3.870936,2,1,1,0,0,0.5,5.155615,late,0,-1,,0,1,late,0,-1,,0,1,success,1,0,1.284678774999969,0,0
confirm_250ms,sensitivity,adaptive,0.08,0.25,,0.05,8,0.25,,,P007,P007_pop909_clear_motif_melody_273_melody.mid,b6f10983b8aa291a839fc6e5232bc1920fa3b1e354e6e03e788a7a6b17af9d59,10,6.48648,1,0,1,1,0,0.0,5.357293,premature,0,-1,,1,1,premature,0,-1,,1,1,premature,0,-1,,1,1
confirm_250ms,sensitivity,adaptive,0.08,0.25,,0.05,8,0.25,,,P008,P008_pop909_clear_motif_melody_713_melody.mid,cc0088d140a0c7f748d7a717a6f796eed7338f6a4d8889e8e2eebd7fab8f8f51,10,5.454544,1,0,1,1,0,0.0,3.570284,premature,0,-1,,1,1,premature,0,-1,,1,1,premature,0,-1,,1,1
confirm_250ms,sensitivity,adaptive,0.08,0.25,,0.05,8,0.25,,,P009,P009_pop909_clear_motif_melody_328_melody.mid,e8885a270c794ef4d50b9e6e050e3a0d3d8301d178169d86d88126123dbf06e2,10,5.333328,1,0,1,1,0,0.0,2.329999,premature,0,-1,,1,1,premature,0,-1,,1,1,premature,0,-1,,1,1
confirm_250ms,sensitivity,adaptive,0.08,0.25,,0.05,8,0.25,,,P010,P010_pop909_clear_motif_melody_407_melody.mid,42e7658af7a87529d58b908a6d60cc195eeb297cdd129a98e1cb2649ce5aecce,10,6.15,1,0,1,1,0,0.0,5.620000,premature,0,-1,,1,1,premature,0,-1,,1,1,premature,0,-1,,1,1
confirm_250ms,sensitivity,adaptive,0.08,0.25,,0.05,8,0.25,,,P011,P011_pop909_clear_motif_melody_119_melody.mid,896c48c32a15cf85bd286aa4436d0a697c9a91692eb0fb128687d212976619d5,10,7.272728,1,0,1,1,0,0.0,2.483182,premature,0,-1,,1,1,premature,0,-1,,1,1,premature,0,-1,,1,1
confirm_250ms,sensitivity,adaptive,0.08,0.25,,0.05,8,0.25,,,P012,P012_pop909_clear_motif_melody_188_melody.mid,54bf4eb2f8bff2ccd5d214afc84523384678bdefdf3145e821781182c58bc003,10,4.363632000000001,1,0,1,1,0,0.0,1.635227,premature,0,-1,,1,1,premature,0,-1,,1,1,premature,0,-1,,1,1
confirm_250ms,sensitivity,adaptive,0.08,0.25,,0.05,8,0.25,,,P013,P013_pop909_expressive_rubato_203_bridge.mid,d94792fd3118efad79013d413549904951e6acf204434771004ef7b6bac68e4a,9,3.000000000000001,1,0,1,1,0,0.0,1.578958,premature,0,-1,,1,1,premature,0,-1,,1,1,premature,0,-1,,1,1
confirm_250ms,sensitivity,adaptive,0.08,0.25,,0.05,8,0.25,,,P014,P014_pop909_expressive_rubato_203_bridge.mid,d78dea53ea8b5558568755412ec7c72b704ce448c1990fbb631bad2aba3c7411,9,3.0,1,0,1,0,1,0.0,5.328958,late,0,-1,,0,1,late,0,-1,,0,1,late,0,-1,,0,1
confirm_250ms,sensitivity,adaptive,0.08,0.25,,0.05,8,0.25,,,P015,P015_pop909_expressive_rubato_263_bridge.mid,fdbb28e369fed211abc0a0b53b2006a331c357c454f4284639fd36961d3aac40,16,5.333328000000002,1,0,1,0,1,0.0,7.550550,late,0,-1,,0,1,late,0,-1,,0,1,late,0,-1,,0,1
confirm_250ms,sensitivity,adaptive,0.08,0.25,,0.05,8,0.25,,,P016,P016_pop909_expressive_rubato_617_bridge.mid,37d4c7b2c4a5856f926b9e67a662ac676aa83beca73c7dfc2dd6c188e52a38a4,4,1.3348119999999997,1,0,1,0,0,0.0,3.328689,late,0,-1,,0,1,late,0,-1,,0,1,success,1,0,1.9938765666666238,0,0
confirm_250ms,sensitivity,adaptive,0.08,0.25,,0.05,8,0.25,,,P017,P017_pop909_expressive_rubato_178_bridge.mid,cfbf91b1d04e90e9d2e6b6f7ddd9fc480393f1166fde55646495523c989f5d8e,20,6.760552000000001,1,0,1,0,1,0.0,8.955200,late,0,-1,,0,1,late,0,-1,,0,1,late,0,-1,,0,1
confirm_250ms,sensitivity,adaptive,0.08,0.25,,0.05,8,0.25,,,P018,P018_pop909_expressive_rubato_191_bridge.mid,b6e56889014ca3786b340c447e92d66f50ed149b21600186179487f5799f9b73,22,7.272727999999999,1,0,1,1,0,0.0,3.278712,premature,0,-1,,1,1,premature,0,-1,,1,1,premature,0,-1,,1,1
confirm_250ms,sensitivity,adaptive,0.08,0.25,,0.05,8,0.25,,,P019,P019_pop909_expressive_rubato_178_bridge.mid,51d4e82b5c0b217263d7a849828b0f05a8411876b0a87f85f4c175bf27767739,20,6.760551999999999,2,1,1,1,0,0.5,2.989786,premature,0,-1,,1,1,premature,0,-1,,1,1,premature,0,-1,,1,1
confirm_250ms,sensitivity,adaptive,0.08,0.25,,0.05,8,0.25,,,P020,P020_pop909_expressive_rubato_212_bridge.mid,6f5eee7b1684521d31dac9b4e36649e423a8ce813df0a5f142967525e2bf2e17,17,5.783128,1,0,1,1,0,0.0,4.348793,premature,0,-1,,1,1,premature,0,-1,,1,1,premature,0,-1,,1,1
confirm_250ms,sensitivity,adaptive,0.08,0.25,,0.05,8,0.25,,,P021,P021_pop909_chord_arpeggio_polyphonic_227_piano.mid,41b21fee0bca14bd00917fcf3d879b2fcebb9856fef2228a36e0b912e58444c9,18,7.1641759999999985,1,0,1,0,0,0.0,8.576340,late,0,-1,,0,1,late,0,-1,,0,1,success,1,0,1.4121642583334024,0,0
confirm_250ms,sensitivity,adaptive,0.08,0.25,,0.05,8,0.25,,,P022,P022_pop909_chord_arpeggio_polyphonic_003_piano.mid,ea9963c2ef0400f7458ed0b378c21cc36273462aabccb9685efcd21625bbdcfd,19,2.9268239999999985,1,0,1,0,0,0.0,3.806763,late,0,-1,,0,1,success,1,0,0.8799393124999781,0,0,success,1,0,0.8799393124999781,0,0
confirm_250ms,sensitivity,adaptive,0.08,0.25,,0.05,8,0.25,,,P023,P023_pop909_chord_arpeggio_polyphonic_222_piano.mid,bddeab49734bbbb17982dc09bdfaac6a8c2e1a112b7fd3464c5e7c9deadcfc94,19,6.1538400000000015,1,0,1,0,0,0.0,7.395507,late,0,-1,,0,1,late,0,-1,,0,1,success,1,0,1.2416669999999668,0,0
confirm_250ms,sensitivity,adaptive,0.08,0.25,,0.05,8,0.25,,,P024,P024_pop909_chord_arpeggio_polyphonic_287_piano.mid,ec7a6fe844d8678913cee3e05d68bc85d02d45d316e498dcfe79e58c814953c2,26,6.9347729000000005,1,0,1,0,1,0.0,9.117672,late,0,-1,,0,1,late,0,-1,,0,1,late,0,-1,,0,1
confirm_250ms,sensitivity,adaptive,0.08,0.25,,0.05,8,0.25,,,P025,P025_pop909_chord_arpeggio_polyphonic_566_piano.mid,52dae62297b7cdeff27e0bea0925c8bebbbb999e9935efba566c8ffc51c206e8,22,5.783128,1,0,1,0,0,0.0,6.942405,late,0,-1,,0,1,late,0,-1,,0,1,success,1,0,1.1592772499999713,0,0
confirm_250ms,sensitivity,adaptive,0.08,0.25,,0.05,8,0.25,,,P026,P026_pop909_chord_arpeggio_polyphonic_106_piano.mid,5a21694b1c7abc6be7e5c6ee6dd6611dbca54dacb44c602d9f7dc226f5eaad89,28,7.1641759999999985,1,0,1,0,0,0.0,8.637907,late,0,-1,,0,1,late,0,-1,,0,1,success,1,0,1.4737313958334122,0,0
confirm_250ms,sensitivity,adaptive,0.08,0.25,,0.05,8,0.25,,,P027,P027_pop909_chord_arpeggio_polyphonic_218_piano.mid,3d2716434e914a4c1b7b0fee64a762d631c9eb844e328c4f880eb95f36c370a6,32,7.0588159999999975,1,0,1,0,0,0.0,8.052198,late,0,-1,,0,1,success,1,0,0.9933824666666533,0,0,success,1,0,0.9933824666666533,0,0
confirm_250ms,sensitivity,adaptive,0.08,0.25,,0.05,8,0.25,,,P028,P028_pop909_chord_arpeggio_polyphonic_242_piano.mid,cd5c6e16ed3247ea34a6331d4c2e4dd980c5793b2def6bf2d11ae3b4d6d7560e,27,7.868856,1,0,1,0,0,0.0,9.121069,late,0,-1,,0,1,late,0,-1,,0,1,success,1,0,1.25221304375017,0,0
confirm_250ms,sensitivity,adaptive,0.08,0.25,,0.05,8,0.25,,,P029,P029_pop909_sparse_short_062_melody.mid,de331be603af62c8ecaeb6b4de4413d0dfe0f3c4a24efa36a90905ae0bb82a26,3,3.24324,1,0,1,0,0,0.0,4.600268,late,0,-1,,0,1,late,0,-1,,0,1,success,1,0,1.357027749999956,0,0
confirm_250ms,sensitivity,adaptive,0.08,0.25,,0.05,8,0.25,,,P030,P030_pop909_sparse_short_062_melody.mid,f2c561cfdf3ae696074a8292cfd9b6e91d18a740bb99c9c5ad4661e2b5225717,3,2.12837625,1,0,1,1,0,0.0,1.358243,premature,0,-1,,1,1,premature,0,-1,,1,1,premature,0,-1,,1,1
confirm_250ms,sensitivity,adaptive,0.08,0.25,,0.05,8,0.25,,,P031,P031_pop909_sparse_short_062_melody.mid,113bb580ca65ca779549df831e3b90b62932fe9eb9935891172b6636ee9e6079,3,3.24324,1,0,1,0,0,0.0,4.600268,late,0,-1,,0,1,late,0,-1,,0,1,success,1,0,1.357027749999956,0,0
confirm_250ms,sensitivity,adaptive,0.08,0.25,,0.05,8,0.25,,,P032,P032_pop909_sparse_short_062_melody.mid,2638d2ec8832338b8f57a7147f9874c863c36279707599ffbd8782269c399746,3,3.24324,1,0,1,0,0,0.0,4.600268,late,0,-1,,0,1,late,0,-1,,0,1,success,1,0,1.357027749999956,0,0
confirm_250ms,sensitivity,adaptive,0.08,0.25,,0.05,8,0.25,,,P033,P033_pop909_sparse_short_062_melody.mid,dcf51fe0bedf2f9e1acede760976dcde4a78650e163ec3c6ce86d970b4cc65c3,3,3.24324,1,0,1,0,0,0.0,4.600268,late,0,-1,,0,1,late,0,-1,,0,1,success,1,0,1.357027749999956,0,0
confirm_250ms,sensitivity,adaptive,0.08,0.25,,0.05,8,0.25,,,P034,P034_pop909_dense_fast_095_bridge.mid,1eec4634489ebc2145d5d07f86a58778c994982c97d2dd5704238989cafe8164,49,1.7610275333333312,1,0,1,0,0,0.0,2.265807,late,0,-1,,0,1,success,1,0,0.5047794333333222,0,0,success,1,0,0.5047794333333222,0,0
confirm_250ms,sensitivity,adaptive,0.08,0.25,,0.05,8,0.25,,,P035,P035_pop909_dense_fast_351_bridge.mid,cce631ae36062ea5c6c5856ce61c72dee517b0d26fc59e569c45986becb91fa5,28,1.0351939999999993,1,0,1,0,0,0.0,1.502946,success,1,0,0.4677520854166559,0,0,success,1,0,0.4677520854166559,0,0,success,1,0,0.4677520854166559,0,0
confirm_250ms,sensitivity,adaptive,0.08,0.25,,0.05,8,0.25,,,P036,P036_pop909_dense_fast_095_bridge.mid,8d7b860e3c98cfc78be2b1d435ac9d52da48b3df427707b2c9dc6e28266f4b58,38,1.6801452666666645,1,0,1,0,0,0.0,2.192572,late,0,-1,,0,1,success,1,0,0.5124264999999888,0,0,success,1,0,0.5124264999999888,0,0
confirm_250ms,sensitivity,adaptive,0.08,0.25,,0.05,8,0.25,,,P037,P037_pop909_dense_fast_095_bridge.mid,14ee870cca3317109b67f85cc0241e6678d38b8efed31130577d8d722e145a58,30,0.7977932666666666,1,0,1,0,0,0.0,1.300220,late,0,-1,,0,1,success,1,0,0.5024264999999938,0,0,success,1,0,0.5024264999999938,0,0
confirm_250ms,sensitivity,adaptive,0.08,0.25,,0.05,8,0.25,,,P038,P038_pop909_dense_fast_727_bridge.mid,4cec022a9c9e7dd2ec868ae3124b7089c195126defe23b8a3d440d2c7bbaf873,45,1.2854942770833329,1,0,1,0,0,0.0,1.788828,late,0,-1,,0,1,success,1,0,0.5033333187499884,0,0,success,1,0,0.5033333187499884,0,0
confirm_250ms,sensitivity,adaptive,0.08,0.25,,0.05,8,0.25,,,P039,P039_pop909_chromatic_outside_789_piano.mid,89dc01789fe23c4372b236cc806e6567b05346295e667c74639aa4642a3e304b,16,7.272728,1,0,1,0,1,0.0,9.397879,late,0,-1,,0,1,late,0,-1,,0,1,late,0,-1,,0,1
confirm_250ms,sensitivity,adaptive,0.08,0.25,,0.05,8,0.25,,,P040,P040_pop909_chromatic_outside_064_piano.mid,76f70f424a678deaed9e02ef3b85db1c47a828b39689b0fb75fd6c5cd5f84a3f,23,7.562499999999999,1,0,1,0,0,0.0,7.788333,success,1,0,0.2258333333333118,0,0,success,1,0,0.2258333333333118,0,0,success,1,0,0.2258333333333118,0,0
confirm_250ms,sensitivity,adaptive,0.08,0.25,,0.05,8,0.25,,,P041,P041_pop909_chromatic_outside_796_piano.mid,5313ed35276167210c99ca9b0d50773ad1c5a71997072b20b1653efba88eb36f,20,6.486488,1,0,1,0,0,0.0,7.836556,late,0,-1,,0,1,late,0,-1,,0,1,success,1,0,1.3500675395833017,0,0
confirm_250ms,sensitivity,adaptive,0.08,0.25,,0.05,8,0.25,,,P042,P042_pop909_chromatic_outside_254_piano.mid,dfb97d893bd303a0043e98fe7c14dc376233ce114864c10be992cad37ef88538,24,3.3027539999999993,1,0,1,0,0,0.0,4.221791,late,0,-1,,0,1,success,1,0,0.9190365520833081,0,0,success,1,0,0.9190365520833081,0,0
confirm_250ms,sensitivity,adaptive,0.08,0.25,,0.05,8,0.25,,,P043,P043_pop909_chromatic_outside_311_bridge.mid,8bb993a52d683a9b093e77f22d9fa6d3df633472edafb5a0056e4e19b5852902,14,7.5,1,0,1,1,0,0.0,2.280937,premature,0,-1,,1,1,premature,0,-1,,1,1,premature,0,-1,,1,1
confirm_250ms,sensitivity,adaptive,0.08,0.25,,0.05,8,0.25,,,P044,P044_pop909_false_ending_pause_322_bridge.mid,92fa6bc714e6881f40bd275254b082416486b9d155453539c6e2e9cce641a65c,7,4.633333333333333,1,0,1,0,0,0.0,4.842500,success,1,0,0.20916666666663009,0,0,success,1,0,0.20916666666663009,0,0,success,1,0,0.20916666666663009,0,0
confirm_250ms,sensitivity,adaptive,0.08,0.25,,0.05,8,0.25,,,P045,P045_pop909_false_ending_pause_008_bridge.mid,28ee69826748317d665163811014939ed01825addd8f2c9505d27364a6b4adc8,7,4.876923483333333,1,0,1,1,0,0.0,2.304615,premature,0,-1,,1,1,premature,0,-1,,1,1,premature,0,-1,,1,1
confirm_250ms,sensitivity,adaptive,0.08,0.25,,0.05,8,0.25,,,P046,P046_pop909_false_ending_pause_253_bridge.mid,0e6ab6a38b763c541fa954510aaf319efab974b676865fe44aaa2c2338435f50,7,5.9943121875,1,0,1,1,0,0.0,2.530226,premature,0,-1,,1,1,premature,0,-1,,1,1,premature,0,-1,,1,1
confirm_250ms,sensitivity,adaptive,0.08,0.25,,0.05,8,0.25,,,P047,P047_pop909_false_ending_pause_396_melody.mid,45f3dedbc0915a84ff315fcf7040e15383bbafbc739845cd8f4e4db11fbe1207,7,3.8673180812499997,1,0,1,1,0,0.0,3.642681,premature,0,-1,,1,1,premature,0,-1,,1,1,premature,0,-1,,1,1
confirm_250ms,sensitivity,adaptive,0.08,0.25,,0.05,8,0.25,,,P048,P048_pop909_repetition_tail_234_bridge.mid,8edaf0b3c05cb78569d9801754c34b780426e21b3654154ff150d50ac4c12b59,8,4.000000000000001,1,0,1,1,0,0.0,3.111250,premature,0,-1,,1,1,premature,0,-1,,1,1,premature,0,-1,,1,1
confirm_250ms,sensitivity,adaptive,0.08,0.25,,0.05,8,0.25,,,P049,P049_pop909_repetition_tail_282_bridge.mid,b5bf7675db361f16e2641027f14dbd38a665a77edf6ca030a9254be54ddab400,8,5.691775224999999,1,0,1,0,0,0.0,7.196159,late,0,-1,,0,1,late,0,-1,,0,1,success,1,0,1.5043838916666274,0,0
confirm_250ms,sensitivity,adaptive,0.08,0.25,,0.05,8,0.25,,,P050,P050_pop909_repetition_tail_340_bridge.mid,92dfb3e992339ebac2e7204e10ece5a799d2ae91faeb4c2a0ff6f5611e0bfbac,8,5.245888,1,0,1,1,0,0.0,3.927151,premature,0,-1,,1,1,premature,0,-1,,1,1,premature,0,-1,,1,1
theta_0p02,theta,adaptive,0.08,0.15,,0.02,8,0.25,,,A01,A01_c_pentatonic_balanced.mid,e7a1620ba70d4372e998376d91e2f55590448a9cf5878e969a0f70d410659845,14,4.8,1,0,1,0,0,0.0,5.765000,late,0,-1,,0,1,success,1,0,0.9649999999999697,0,0,success,1,0,0.9649999999999697,0,0
theta_0p02,theta,adaptive,0.08,0.15,,0.02,8,0.25,,,A02,A02_a_minor_pentatonic_question.mid,5166d8996017b0341f9265fc4539b25d09211f1cc291b1e25a4623e68b1bbc0e,12,5.054348499999999,1,0,1,0,0,0.0,6.107174,late,0,-1,,0,1,late,0,-1,,0,1,success,1,0,1.052825999999964,0,0
theta_0p02,theta,adaptive,0.08,0.15,,0.02,8,0.25,,,A03,A03_a_blues_tension.mid,1c61cef65142077e0ea54a46832f15bf535a35b23c920ee8e40193b877467fd4,13,4.166669999999999,1,0,1,0,0,0.0,5.011114,late,0,-1,,0,1,success,1,0,0.8444439999999709,0,0,success,1,0,0.8444439999999709,0,0
theta_0p02,theta,adaptive,0.08,0.15,,0.02,8,0.25,,,A04,A04_classical_antecedent.mid,3b1b42414601831b09678bb49b714e6512be53f451a517170b48c6c3addb07f1,10,4.6499999999999995,1,0,1,0,0,0.0,5.800000,late,0,-1,,0,1,late,0,-1,,0,1,success,1,0,1.149999999999963,0,0
theta_0p02,theta,adaptive,0.08,0.15,,0.02,8,0.25,,,A05,A05_repetition_tail.mid,c615435e6cf9b0af8c8e4a2d9b7f28ccef90f4cc20ddffc10e23c15ec2296b28,12,4.182691749999999,1,0,1,0,0,0.0,5.010769,late,0,-1,,0,1,success,1,0,0.8280769999999702,0,0,success,1,0,0.8280769999999702,0,0
theta_0p02,theta,adaptive,0.08,0.15,,0.02,8,0.25,,,A06,A06_syncopated_pop.mid,25a2a2e4aea59cacc8434b36ae5173bd34aaa66ee7eec8c2e460f3f72addaf0e,12,4.3867945,1,0,1,0,0,0.0,5.643775,late,0,-1,,0,1,late,0,-1,,0,1,success,1,0,1.2569809999999668,0,0
theta_0p02,theta,adaptive,0.08,0.15,,0.02,8,0.25,,,A07,A07_sparse_long_tones.mid,fb6faee9d721a971b5d6388dc979e5a15c26d45366bfef7ade9a8f82eec3358d,6,5.454543999999999,1,0,1,0,1,0.0,8.657726,late,0,-1,,0,1,late,0,-1,,0,1,late,0,-1,,0,1
theta_0p02,theta,adaptive,0.08,0.15,,0.02,8,0.25,,,A08,A08_dense_eighth_motion.mid,48faeb92585381b6928f2dc31a3119ec234d815efc25ec9d1ba67538fc3f6b41,16,4.285712000000002,1,0,1,0,0,0.0,5.222855,late,0,-1,,0,1,success,1,0,0.9371429999999741,0,0,success,1,0,0.9371429999999741,0,0
theta_0p02,theta,adaptive,0.08,0.15,,0.02,8,0.25,,,A09,A09_arched_contour.mid,91acd677fdf9a30e64f3584796b5fc38d648b1ddf3785f4d6a6445102c15ee7c,11,4.6875,1,0,1,0,0,0.0,5.877500,late,0,-1,,0,1,late,0,-1,,0,1,success,1,0,1.1899999999999613,0,0
theta_0p02,theta,adaptive,0.08,0.15,,0.02,8,0.25,,,A10,A10_leap_gap_fill.mid,6639c3bceab3644ea59e759d1e92e76bcc9a082b5edaea30893d44682f7f3a97,13,4.6499999999999995,1,0,1,0,0,0.0,5.700000,late,0,-1,,0,1,late,0,-1,,0,1,success,1,0,1.0499999999999678,0,0
theta_0p02,theta,adaptive,0.08,0.15,,0.02,8,0.25,,,R01,R01_390-v1.mid,e44793c8c043f7c92184c6189f5e7b1af47c202aaa6df435a76a4d26268313aa,13,4.0,2,1,1,0,0,0.5,5.024583,late,0,-1,,0,1,late,0,-1,,0,1,success,1,0,1.0245833333333092,0,0
theta_0p02,theta,adaptive,0.08,0.15,,0.02,8,0.25,,,R02,R02_667-v3.mid,af3cbab9e93480a553c9a217fc1abefdf3db788d071132050fca4cbfe862cdaa,8,4.0,1,0,1,0,0,0.0,4.707083,late,0,-1,,0,1,success,1,0,0.7070833333333004,0,0,success,1,0,0.7070833333333004,0,0
theta_0p02,theta,adaptive,0.08,0.15,,0.02,8,0.25,,,R03,R03_174-v2.mid,88f11f634584a21ce30b0dc39c608cde9da43c7936400bba985f8702ecf9e962,12,3.9999999999999996,1,0,1,1,0,0.0,2.157917,premature,0,-1,,1,1,premature,0,-1,,1,1,premature,0,-1,,1,1
theta_0p02,theta,adaptive,0.08,0.15,,0.02,8,0.25,,,R04,R04_339-v2.mid,828aff4f088b889d0715fee3e65e9243f89520710a795fa7e4b585407a7da650,9,3.817708333333333,1,0,1,0,0,0.0,4.882292,late,0,-1,,0,1,late,0,-1,,0,1,success,1,0,1.0645833333333066,0,0
theta_0p02,theta,adaptive,0.08,0.15,,0.02,8,0.25,,,R05,R05_581.mid,766b0c79d6f6905d1c32f244469b14bf48cb861e79ceede6ac2ee1929437dcf4,13,4.0,1,0,1,0,0,0.0,5.006875,late,0,-1,,0,1,late,0,-1,,0,1,success,1,0,1.006874999999976,0,0
theta_0p02,theta,adaptive,0.08,0.15,,0.02,8,0.25,,,R06,R06_132-v2.mid,e1ccff44d4528b8e4af0e40bdc4699a89e46169a5a6c766acc8ac50740c17bc4,15,4.0,1,0,1,0,0,0.0,4.939792,late,0,-1,,0,1,success,1,0,0.9397916666666459,0,0,success,1,0,0.9397916666666459,0,0
theta_0p02,theta,adaptive,0.08,0.15,,0.02,8,0.25,,,R07,R07_664-v2.mid,d84d97d7bfa78ff716110978692047e182ce9f01efee7a44f583544e113fed69,11,4.0,2,1,1,0,0,0.5,5.725625,late,0,-1,,0,1,late,0,-1,,0,1,success,1,0,1.7256249999999609,0,0
theta_0p02,theta,adaptive,0.08,0.15,,0.02,8,0.25,,,R08,R08_266-v1.mid,a60f28e61f3323d5039cd94cdaea65c36ca0311962a73686837cf9dfdde0799d,8,4.0,1,0,1,0,0,0.0,4.835000,late,0,-1,,0,1,success,1,0,0.8349999999999618,0,0,success,1,0,0.8349999999999618,0,0
theta_0p02,theta,adaptive,0.08,0.15,,0.02,8,0.25,,,R09,R09_433.mid,e1f859f9f55ce2a1718a88f1ce5f88ffffd035cd2ac61aeba9f71e42eb3d1658,23,4.000000000000001,1,0,1,0,0,0.0,4.752708,late,0,-1,,0,1,success,1,0,0.7527083333333167,0,0,success,1,0,0.7527083333333167,0,0
theta_0p02,theta,adaptive,0.08,0.15,,0.02,8,0.25,,,R10,R10_039-v2.mid,25635c75dc841999c02ffb9b7d67ef21f421bef585b28e0635701689b574a8f6,11,4.000000000000001,1,0,1,1,0,0.0,3.815833,premature,0,-1,,1,1,premature,0,-1,,1,1,premature,0,-1,,1,1
theta_0p02,theta,adaptive,0.08,0.15,,0.02,8,0.25,,,R11,R11_538.mid,676637ee06573aad6e8ea80367346578ac11b8ed36c9f8ce5702eda3643830ab,20,3.921875,1,0,1,0,0,0.0,4.460833,late,0,-1,,0,1,success,1,0,0.5389583333333183,0,0,success,1,0,0.5389583333333183,0,0
theta_0p02,theta,adaptive,0.08,0.15,,0.02,8,0.25,,,R12,R12_457.mid,151dd04bd54d11512876bab817410ae94fb81547894ff0a3b96401968101f6df,13,4.0,1,0,1,0,0,0.0,5.791250,late,0,-1,,0,1,late,0,-1,,0,1,success,1,0,1.7912499999999607,0,0
theta_0p02,theta,adaptive,0.08,0.15,,0.02,8,0.25,,,R13,R13_353-v1.mid,ef59a3cdc969d70fd54c9cd52a37e30deb9772958305ace368edde9ea5afc7c3,11,4.0,1,0,1,1,0,0.0,2.089167,premature,0,-1,,1,1,premature,0,-1,,1,1,premature,0,-1,,1,1
theta_0p02,theta,adaptive,0.08,0.15,,0.02,8,0.25,,,R14,R14_073.mid,6014529ddd8b96a82fd599bf2e0268f5da21dad2080ba59e69de225512a58ee3,12,3.939583333333333,1,0,1,0,0,0.0,5.092708,late,0,-1,,0,1,late,0,-1,,0,1,success,1,0,1.1531249999999726,0,0
theta_0p02,theta,adaptive,0.08,0.15,,0.02,8,0.25,,,R15,R15_156-v2.mid,d6ae647242ceff286d61867ebb06ee767c382eed20c618f7988a94d4733b7d8d,9,4.0,1,0,1,0,0,0.0,5.896875,late,0,-1,,0,1,late,0,-1,,0,1,success,1,0,1.896874999999958,0,0
theta_0p02,theta,adaptive,0.08,0.15,,0.02,8,0.25,,,R16,R16_249.mid,32c21206c709d04269f4de5a9705ca310189a55c657a53ea8612ed3c5ac480dd,8,4.0,1,0,1,0,0,0.0,5.755625,late,0,-1,,0,1,late,0,-1,,0,1,success,1,0,1.755624999999955,0,0
theta_0p02,theta,adaptive,0.08,0.15,,0.02,8,0.25,,,R17,R17_319.mid,7b40b95a494f202130093514531c7232c45d539c2a7ebafe5dee64fac4bc0e7e,18,4.0,1,0,1,0,0,0.0,4.715208,late,0,-1,,0,1,success,1,0,0.715208333333317,0,0,success,1,0,0.715208333333317,0,0
theta_0p02,theta,adaptive,0.08,0.15,,0.02,8,0.25,,,R18,R18_249.mid,0dc5853f595ca79ae339d76ccf661f166c739dba3b0cb0d66eeb860ef17dd7c0,9,4.0,1,0,1,0,0,0.0,4.695625,late,0,-1,,0,1,success,1,0,0.6956249999999669,0,0,success,1,0,0.6956249999999669,0,0
theta_0p02,theta,adaptive,0.08,0.15,,0.02,8,0.25,,,R19,R19_733.mid,73dc520e4f2e19e784486fb5160d0686a1f7d90b81c9bb57b8e6478f3b2032fe,10,4.0,1,0,1,1,0,0.0,1.974583,premature,0,-1,,1,1,premature,0,-1,,1,1,premature,0,-1,,1,1
theta_0p02,theta,adaptive,0.08,0.15,,0.02,8,0.25,,,R20,R20_660.mid,a3a01235dabd1fd09f3b7047e7b59bee8af87f41bc4456aa3e261bc412d6998a,8,3.983333333333334,1,0,1,0,0,0.0,5.907708,late,0,-1,,0,1,late,0,-1,,0,1,success,1,0,1.9243749999999555,0,0
theta_0p02,theta,adaptive,0.08,0.15,,0.02,8,0.25,,,R21,R21_756-v2.mid,7b479a282dd8ac5742239c1fda08a8a89a1834843d91b2b219beaa12a020ebdc,8,4.0,1,0,1,0,1,0.0,6.095625,late,0,-1,,0,1,late,0,-1,,0,1,late,0,-1,,0,1
theta_0p02,theta,adaptive,0.08,0.15,,0.02,8,0.25,,,R22,R22_156.mid,530aaba96af00f7031edd5c0b26b6a257808c3f3d7df6c3d36f325fc29229487,10,4.0,1,0,1,0,0,0.0,5.896875,late,0,-1,,0,1,late,0,-1,,0,1,success,1,0,1.896874999999958,0,0
theta_0p02,theta,adaptive,0.08,0.15,,0.02,8,0.25,,,R23,R23_645.mid,4089adb020ffa2aa242ec57c10ef8efd9ad726c8c6bf22e335e91d65a5783ac4,12,3.9999999999999996,2,1,1,0,0,0.5,5.613958,late,0,-1,,0,1,late,0,-1,,0,1,success,1,0,1.6139583333332959,0,0
theta_0p02,theta,adaptive,0.08,0.15,,0.02,8,0.25,,,R24,R24_242-v2.mid,5a18cae5a6fd996e3688bb05a6723665c26e561d21b88c112d65d4a6bdb51fca,15,4.000000000000001,3,2,1,0,0,0.6666666666666666,5.211458,late,0,-1,,0,1,late,0,-1,,0,1,success,1,0,1.2114583333333062,0,0
theta_0p02,theta,adaptive,0.08,0.15,,0.02,8,0.25,,,R25,R25_618-v1.mid,56ff3fa00dc9e75c7913306f4a8cede335d24189bb8e26cfce827120f12743c7,10,4.0,1,0,1,1,0,0.0,3.371250,premature,0,-1,,1,1,premature,0,-1,,1,1,premature,0,-1,,1,1
theta_0p02,theta,adaptive,0.08,0.15,,0.02,8,0.25,,,R26,R26_560-v1.mid,f0d0a16aff422f9a5877f2944cdd0b959b4801aa449310959626fa7dbd7a6edb,15,3.951041666666667,1,0,1,0,0,0.0,4.817917,late,0,-1,,0,1,success,1,0,0.866874999999979,0,0,success,1,0,0.866874999999979,0,0
theta_0p02,theta,adaptive,0.08,0.15,,0.02,8,0.25,,,R27,R27_735.mid,c6fabc901af844a2236d5a2956bd48e11d7952607af238e872c0dc7f65dbaa6f,16,4.0,1,0,1,0,0,0.0,5.005625,late,0,-1,,0,1,late,0,-1,,0,1,success,1,0,1.0056249999999771,0,0
theta_0p02,theta,adaptive,0.08,0.15,,0.02,8,0.25,,,R28,R28_804-v3.mid,f2326f94ae3ec36fd956ed7a74f507c37dfaeae99fddbfc7f2cbf87414f92030,11,3.9802083333333336,1,0,1,1,0,0.0,3.016250,premature,0,-1,,1,1,premature,0,-1,,1,1,premature,0,-1,,1,1
theta_0p02,theta,adaptive,0.08,0.15,,0.02,8,0.25,,,R29,R29_846-v2.mid,b750d5ab04a7fcc02298fea281e624dbc92dd1640a17037e580bb5b845ab517b,12,4.0,1,0,1,0,0,0.0,5.092917,late,0,-1,,0,1,late,0,-1,,0,1,success,1,0,1.0929166666666381,0,0
theta_0p02,theta,adaptive,0.08,0.15,,0.02,8,0.25,,,R30,R30_002-v2.mid,3b8c10e5c6886af05080687f0bc745791d33e73b2cec916337c1799e43024254,19,4.0,1,0,1,0,0,0.0,4.942917,late,0,-1,,0,1,success,1,0,0.9429166666666458,0,0,success,1,0,0.9429166666666458,0,0
theta_0p02,theta,adaptive,0.08,0.15,,0.02,8,0.25,,,R31,R31_069-v5.mid,ad5859e7014674fc2b088288d32445f60e2790c868a97bae22f5c6c6f7a9c906,10,4.0,1,0,1,0,0,0.0,4.944583,late,0,-1,,0,1,success,1,0,0.9445833333333002,0,0,success,1,0,0.9445833333333002,0,0
theta_0p02,theta,adaptive,0.08,0.15,,0.02,8,0.25,,,R32,R32_290-v2.mid,b6d63759467030d9561098d602d2077dba3fd2e6533d64bc6401940ec9398bd7,11,4.0,1,0,1,1,0,0.0,0.981667,premature,0,-1,,1,1,premature,0,-1,,1,1,premature,0,-1,,1,1
theta_0p02,theta,adaptive,0.08,0.15,,0.02,8,0.25,,,R33,R33_144-v1.mid,14914529875824c38e895baf4969bc1f01031d5a20038d87474333091ce8bf16,21,4.0,1,0,1,0,0,0.0,4.703542,late,0,-1,,0,1,success,1,0,0.7035416666666521,0,0,success,1,0,0.7035416666666521,0,0
theta_0p02,theta,adaptive,0.08,0.15,,0.02,8,0.25,,,R34,R34_680-v3.mid,193fa77f9af23482857e237a7f27c3f78c79243d9a1ffca85d491c191040a3d9,15,4.0,1,0,1,0,0,0.0,5.003750,late,0,-1,,0,1,late,0,-1,,0,1,success,1,0,1.0037499999999762,0,0
theta_0p02,theta,adaptive,0.08,0.15,,0.02,8,0.25,,,R35,R35_436-v2.mid,0db58df01ff0e7ef7665b41a914d45f2c8da7ce346a391eafaadda58c2fbcbd1,8,3.9999999999999996,1,0,1,1,0,0.0,2.279792,premature,0,-1,,1,1,premature,0,-1,,1,1,premature,0,-1,,1,1
theta_0p02,theta,adaptive,0.08,0.15,,0.02,8,0.25,,,R36,R36_230.mid,292e936198ef29131aa14fa25acb693df0d1183ea1dde8ce70b941f2378a5b3c,11,4.0,2,1,1,0,0,0.5,5.517917,late,0,-1,,0,1,late,0,-1,,0,1,success,1,0,1.5179166666666308,0,0
theta_0p02,theta,adaptive,0.08,0.15,,0.02,8,0.25,,,R37,R37_667-v3.mid,3423caa4b45632a7f2c919a198ed678b6eb9786448d01e549dc32a5398afcf9f,7,4.0,1,0,1,0,1,0.0,6.507083,late,0,-1,,0,1,late,0,-1,,0,1,late,0,-1,,0,1
theta_0p02,theta,adaptive,0.08,0.15,,0.02,8,0.25,,,R38,R38_136.mid,3abb38ce19d8de517c62b2014f88ea09cffbe9e6bf5ed9c01ed0c1155a8acbe5,14,4.0,2,1,1,0,0,0.5,5.195833,late,0,-1,,0,1,late,0,-1,,0,1,success,1,0,1.1958333333333062,0,0
theta_0p02,theta,adaptive,0.08,0.15,,0.02,8,0.25,,,R39,R39_578-v3.mid,fceb1f97ce180f42e04547ff0aa0b9478cd06770ac604a3832d919926ad92aa7,16,4.0,1,0,1,0,0,0.0,4.923958,late,0,-1,,0,1,success,1,0,0.9239583333333137,0,0,success,1,0,0.9239583333333137,0,0
theta_0p02,theta,adaptive,0.08,0.15,,0.02,8,0.25,,,R40,R40_454.mid,d848f11068ba98d752767ac7826bc58b93c22e9b031ee710f0fae41eccde2eec,12,3.9187499999999997,1,0,1,0,0,0.0,5.249375,late,0,-1,,0,1,late,0,-1,,0,1,success,1,0,1.3306249999999697,0,0
theta_0p02,theta,adaptive,0.08,0.15,,0.02,8,0.25,,,P001,P001_pop909_clear_motif_melody_298_bridge.mid,8b00372060ba7b623d803e3af7e70f5ef60b65f66816ad377f725005f4c84fa9,10,4.948456,1,0,1,0,0,0.0,6.723662,late,0,-1,,0,1,late,0,-1,,0,1,success,1,0,1.7752060479166225,0,0
theta_0p02,theta,adaptive,0.08,0.15,,0.02,8,0.25,,,P002,P002_pop909_clear_motif_melody_248_bridge.mid,ccb942640a73e3e0122c796c0971c8f675a924861614fa62562f002ab9ef196d,10,3.478248,1,0,1,0,0,0.0,4.285315,late,0,-1,,0,1,success,1,0,0.8070668562499739,0,0,success,1,0,0.8070668562499739,0,0
theta_0p02,theta,adaptive,0.08,0.15,,0.02,8,0.25,,,P003,P003_pop909_clear_motif_melody_339_melody.mid,628d1079f63c4bf7a08c4ee78f0765919be119f7b82f8dc3ffde83afbb2238ec,10,6.3124899,1,0,1,1,0,0.0,5.155481,premature,0,-1,,1,1,premature,0,-1,,1,1,premature,0,-1,,1,1
theta_0p02,theta,adaptive,0.08,0.15,,0.02,8,0.25,,,P004,P004_pop909_clear_motif_melody_268_melody.mid,e1ad81a5ae674340b836f4d87a0f82f0920845ccc4214feb28ccf9b9603f0948,10,8.0,1,0,1,0,0,0.0,8.607500,late,0,-1,,0,1,success,1,0,0.6075000000000816,0,0,success,1,0,0.6075000000000816,0,0
theta_0p02,theta,adaptive,0.08,0.15,,0.02,8,0.25,,,P005,P005_pop909_clear_motif_melody_021_melody.mid,a1fe99526a41a4b56b5a507d209dd13d4105ef53e85d25dd53ce7e9ee5915ff3,10,4.13157275,1,0,1,0,0,0.0,5.553503,late,0,-1,,0,1,late,0,-1,,0,1,success,1,0,1.421930354166629,0,0
theta_0p02,theta,adaptive,0.08,0.15,,0.02,8,0.25,,,P006,P006_pop909_clear_motif_melody_220_melody.mid,81d85ebdbdb62cf3dd0eb82602b7fe26907e395242e71f5bb78ef112438b09cc,10,3.870936,1,0,1,0,0,0.0,5.415615,late,0,-1,,0,1,late,0,-1,,0,1,success,1,0,1.5446787749999635,0,0
theta_0p02,theta,adaptive,0.08,0.15,,0.02,8,0.25,,,P007,P007_pop909_clear_motif_melody_273_melody.mid,b6f10983b8aa291a839fc6e5232bc1920fa3b1e354e6e03e788a7a6b17af9d59,10,6.48648,1,0,1,1,0,0.0,5.652293,premature,0,-1,,1,1,premature,0,-1,,1,1,premature,0,-1,,1,1
theta_0p02,theta,adaptive,0.08,0.15,,0.02,8,0.25,,,P008,P008_pop909_clear_motif_melody_713_melody.mid,cc0088d140a0c7f748d7a717a6f796eed7338f6a4d8889e8e2eebd7fab8f8f51,10,5.454544,1,0,1,1,0,0.0,3.885284,premature,0,-1,,1,1,premature,0,-1,,1,1,premature,0,-1,,1,1
theta_0p02,theta,adaptive,0.08,0.15,,0.02,8,0.25,,,P009,P009_pop909_clear_motif_melody_328_melody.mid,e8885a270c794ef4d50b9e6e050e3a0d3d8301d178169d86d88126123dbf06e2,10,5.333328,1,0,1,1,0,0.0,2.534999,premature,0,-1,,1,1,premature,0,-1,,1,1,premature,0,-1,,1,1
theta_0p02,theta,adaptive,0.08,0.15,,0.02,8,0.25,,,P010,P010_pop909_clear_motif_melody_407_melody.mid,42e7658af7a87529d58b908a6d60cc195eeb297cdd129a98e1cb2649ce5aecce,10,6.15,1,0,1,1,0,0.0,5.935000,premature,0,-1,,1,1,premature,0,-1,,1,1,premature,0,-1,,1,1
theta_0p02,theta,adaptive,0.08,0.15,,0.02,8,0.25,,,P011,P011_pop909_clear_motif_melody_119_melody.mid,896c48c32a15cf85bd286aa4436d0a697c9a91692eb0fb128687d212976619d5,10,7.272728,1,0,1,1,0,0.0,2.663182,premature,0,-1,,1,1,premature,0,-1,,1,1,premature,0,-1,,1,1
theta_0p02,theta,adaptive,0.08,0.15,,0.02,8,0.25,,,P012,P012_pop909_clear_motif_melody_188_melody.mid,54bf4eb2f8bff2ccd5d214afc84523384678bdefdf3145e821781182c58bc003,10,4.363632000000001,2,1,1,0,0,0.5,6.245678,late,0,-1,,0,1,late,0,-1,,0,1,success,1,0,1.8820457124999548,0,0
theta_0p02,theta,adaptive,0.08,0.15,,0.02,8,0.25,,,P013,P013_pop909_expressive_rubato_203_bridge.mid,d94792fd3118efad79013d413549904951e6acf204434771004ef7b6bac68e4a,9,3.000000000000001,1,0,1,1,0,0.0,1.708958,premature,0,-1,,1,1,premature,0,-1,,1,1,premature,0,-1,,1,1
theta_0p02,theta,adaptive,0.08,0.15,,0.02,8,0.25,,,P014,P014_pop909_expressive_rubato_203_bridge.mid,d78dea53ea8b5558568755412ec7c72b704ce448c1990fbb631bad2aba3c7411,9,3.0,1,0,1,0,1,0.0,5.913958,late,0,-1,,0,1,late,0,-1,,0,1,late,0,-1,,0,1
theta_0p02,theta,adaptive,0.08,0.15,,0.02,8,0.25,,,P015,P015_pop909_expressive_rubato_263_bridge.mid,fdbb28e369fed211abc0a0b53b2006a331c357c454f4284639fd36961d3aac40,16,5.333328000000002,1,0,1,0,1,0.0,8.100550,late,0,-1,,0,1,late,0,-1,,0,1,late,0,-1,,0,1
theta_0p02,theta,adaptive,0.08,0.15,,0.02,8,0.25,,,P016,P016_pop909_expressive_rubato_617_bridge.mid,37d4c7b2c4a5856f926b9e67a662ac676aa83beca73c7dfc2dd6c188e52a38a4,4,1.3348119999999997,1,0,1,0,1,0.0,3.763689,late,0,-1,,0,1,late,0,-1,,0,1,late,0,-1,,0,1
theta_0p02,theta,adaptive,0.08,0.15,,0.02,8,0.25,,,P017,P017_pop909_expressive_rubato_178_bridge.mid,cfbf91b1d04e90e9d2e6b6f7ddd9fc480393f1166fde55646495523c989f5d8e,20,6.760552000000001,1,0,1,0,1,0.0,9.520200,late,0,-1,,0,1,late,0,-1,,0,1,late,0,-1,,0,1
theta_0p02,theta,adaptive,0.08,0.15,,0.02,8,0.25,,,P018,P018_pop909_expressive_rubato_191_bridge.mid,b6e56889014ca3786b340c447e92d66f50ed149b21600186179487f5799f9b73,22,7.272727999999999,1,0,1,1,0,0.0,3.513712,premature,0,-1,,1,1,premature,0,-1,,1,1,premature,0,-1,,1,1
theta_0p02,theta,adaptive,0.08,0.15,,0.02,8,0.25,,,P019,P019_pop909_expressive_rubato_178_bridge.mid,51d4e82b5c0b217263d7a849828b0f05a8411876b0a87f85f4c175bf27767739,20,6.760551999999999,3,2,1,0,1,0.6666666666666666,8.906468,late,0,-1,,0,1,late,0,-1,,0,1,late,0,-1,,0,1
theta_0p02,theta,adaptive,0.08,0.15,,0.02,8,0.25,,,P020,P020_pop909_expressive_rubato_212_bridge.mid,6f5eee7b1684521d31dac9b4e36649e423a8ce813df0a5f142967525e2bf2e17,17,5.783128,1,0,1,1,0,0.0,4.708793,premature,0,-1,,1,1,premature,0,-1,,1,1,premature,0,-1,,1,1
theta_0p02,theta,adaptive,0.08,0.15,,0.02,8,0.25,,,P021,P021_pop909_chord_arpeggio_polyphonic_227_piano.mid,41b21fee0bca14bd00917fcf3d879b2fcebb9856fef2228a36e0b912e58444c9,18,7.1641759999999985,1,0,1,0,0,0.0,8.886340,late,0,-1,,0,1,late,0,-1,,0,1,success,1,0,1.7221642583334509,0,0
theta_0p02,theta,adaptive,0.08,0.15,,0.02,8,0.25,,,P022,P022_pop909_chord_arpeggio_polyphonic_003_piano.mid,ea9963c2ef0400f7458ed0b378c21cc36273462aabccb9685efcd21625bbdcfd,19,2.9268239999999985,1,0,1,0,0,0.0,3.946763,late,0,-1,,0,1,late,0,-1,,0,1,success,1,0,1.0199393124999752,0,0
theta_0p02,theta,adaptive,0.08,0.15,,0.02,8,0.25,,,P023,P023_pop909_chord_arpeggio_polyphonic_222_piano.mid,bddeab49734bbbb17982dc09bdfaac6a8c2e1a112b7fd3464c5e7c9deadcfc94,19,6.1538400000000015,1,0,1,0,0,0.0,7.695507,late,0,-1,,0,1,late,0,-1,,0,1,success,1,0,1.5416669999999604,0,0
theta_0p02,theta,adaptive,0.08,0.15,,0.02,8,0.25,,,P024,P024_pop909_chord_arpeggio_polyphonic_287_piano.mid,ec7a6fe844d8678913cee3e05d68bc85d02d45d316e498dcfe79e58c814953c2,26,6.9347729000000005,1,0,1,0,1,0.0,9.817672,late,0,-1,,0,1,late,0,-1,,0,1,late,0,-1,,0,1
theta_0p02,theta,adaptive,0.08,0.15,,0.02,8,0.25,,,P025,P025_pop909_chord_arpeggio_polyphonic_566_piano.mid,52dae62297b7cdeff27e0bea0925c8bebbbb999e9935efba566c8ffc51c206e8,22,5.783128,1,0,1,0,0,0.0,7.172405,late,0,-1,,0,1,late,0,-1,,0,1,success,1,0,1.3892772499999664,0,0
theta_0p02,theta,adaptive,0.08,0.15,,0.02,8,0.25,,,P026,P026_pop909_chord_arpeggio_polyphonic_106_piano.mid,5a21694b1c7abc6be7e5c6ee6dd6611dbca54dacb44c602d9f7dc226f5eaad89,28,7.1641759999999985,1,0,1,0,0,0.0,8.947907,late,0,-1,,0,1,late,0,-1,,0,1,success,1,0,1.7837313958334606,0,0
theta_0p02,theta,adaptive,0.08,0.15,,0.02,8,0.25,,,P027,P027_pop909_chord_arpeggio_polyphonic_218_piano.mid,3d2716434e914a4c1b7b0fee64a762d631c9eb844e328c4f880eb95f36c370a6,32,7.0588159999999975,1,0,1,0,0,0.0,8.212198,late,0,-1,,0,1,late,0,-1,,0,1,success,1,0,1.1533824666666783,0,0
theta_0p02,theta,adaptive,0.08,0.15,,0.02,8,0.25,,,P028,P028_pop909_chord_arpeggio_polyphonic_242_piano.mid,cd5c6e16ed3247ea34a6331d4c2e4dd980c5793b2def6bf2d11ae3b4d6d7560e,27,7.868856,1,0,1,0,0,0.0,9.376069,late,0,-1,,0,1,late,0,-1,,0,1,success,1,0,1.5072130437502098,0,0
theta_0p02,theta,adaptive,0.08,0.15,,0.02,8,0.25,,,P029,P029_pop909_sparse_short_062_melody.mid,de331be603af62c8ecaeb6b4de4413d0dfe0f3c4a24efa36a90905ae0bb82a26,3,3.24324,1,0,1,0,0,0.0,5.055268,late,0,-1,,0,1,late,0,-1,,0,1,success,1,0,1.8120277499999462,0,0
theta_0p02,theta,adaptive,0.08,0.15,,0.02,8,0.25,,,P030,P030_pop909_sparse_short_062_melody.mid,f2c561cfdf3ae696074a8292cfd9b6e91d18a740bb99c9c5ad4661e2b5225717,3,2.12837625,1,0,1,1,0,0.0,1.443243,premature,0,-1,,1,1,premature,0,-1,,1,1,premature,0,-1,,1,1
theta_0p02,theta,adaptive,0.08,0.15,,0.02,8,0.25,,,P031,P031_pop909_sparse_short_062_melody.mid,113bb580ca65ca779549df831e3b90b62932fe9eb9935891172b6636ee9e6079,3,3.24324,1,0,1,0,0,0.0,5.055268,late,0,-1,,0,1,late,0,-1,,0,1,success,1,0,1.8120277499999462,0,0
theta_0p02,theta,adaptive,0.08,0.15,,0.02,8,0.25,,,P032,P032_pop909_sparse_short_062_melody.mid,2638d2ec8832338b8f57a7147f9874c863c36279707599ffbd8782269c399746,3,3.24324,1,0,1,0,0,0.0,5.055268,late,0,-1,,0,1,late,0,-1,,0,1,success,1,0,1.8120277499999462,0,0
theta_0p02,theta,adaptive,0.08,0.15,,0.02,8,0.25,,,P033,P033_pop909_sparse_short_062_melody.mid,dcf51fe0bedf2f9e1acede760976dcde4a78650e163ec3c6ce86d970b4cc65c3,3,3.24324,1,0,1,0,0,0.0,5.055268,late,0,-1,,0,1,late,0,-1,,0,1,success,1,0,1.8120277499999462,0,0
theta_0p02,theta,adaptive,0.08,0.15,,0.02,8,0.25,,,P034,P034_pop909_dense_fast_095_bridge.mid,1eec4634489ebc2145d5d07f86a58778c994982c97d2dd5704238989cafe8164,49,1.7610275333333312,1,0,1,0,0,0.0,2.250807,success,1,0,0.4897794333333225,0,0,success,1,0,0.4897794333333225,0,0,success,1,0,0.4897794333333225,0,0
theta_0p02,theta,adaptive,0.08,0.15,,0.02,8,0.25,,,P035,P035_pop909_dense_fast_351_bridge.mid,cce631ae36062ea5c6c5856ce61c72dee517b0d26fc59e569c45986becb91fa5,28,1.0351939999999993,1,0,1,0,0,0.0,1.487946,success,1,0,0.45275208541665624,0,0,success,1,0,0.45275208541665624,0,0,success,1,0,0.45275208541665624,0,0
theta_0p02,theta,adaptive,0.08,0.15,,0.02,8,0.25,,,P036,P036_pop909_dense_fast_095_bridge.mid,8d7b860e3c98cfc78be2b1d435ac9d52da48b3df427707b2c9dc6e28266f4b58,38,1.6801452666666645,1,0,1,0,0,0.0,2.177572,success,1,0,0.4974264999999891,0,0,success,1,0,0.4974264999999891,0,0,success,1,0,0.4974264999999891,0,0
theta_0p02,theta,adaptive,0.08,0.15,,0.02,8,0.25,,,P037,P037_pop909_dense_fast_095_bridge.mid,14ee870cca3317109b67f85cc0241e6678d38b8efed31130577d8d722e145a58,30,0.7977932666666666,1,0,1,0,0,0.0,1.285220,success,1,0,0.4874264999999941,0,0,success,1,0,0.4874264999999941,0,0,success,1,0,0.4874264999999941,0,0
theta_0p02,theta,adaptive,0.08,0.15,,0.02,8,0.25,,,P038,P038_pop909_dense_fast_727_bridge.mid,4cec022a9c9e7dd2ec868ae3124b7089c195126defe23b8a3d440d2c7bbaf873,45,1.2854942770833329,1,0,1,0,0,0.0,1.773828,success,1,0,0.48833331874998875,0,0,success,1,0,0.48833331874998875,0,0,success,1,0,0.48833331874998875,0,0
theta_0p02,theta,adaptive,0.08,0.15,,0.02,8,0.25,,,P039,P039_pop909_chromatic_outside_789_piano.mid,89dc01789fe23c4372b236cc806e6567b05346295e667c74639aa4642a3e304b,16,7.272728,1,0,1,0,1,0.0,10.252879,late,0,-1,,0,1,late,0,-1,,0,1,late,0,-1,,0,1
theta_0p02,theta,adaptive,0.08,0.15,,0.02,8,0.25,,,P040,P040_pop909_chromatic_outside_064_piano.mid,76f70f424a678deaed9e02ef3b85db1c47a828b39689b0fb75fd6c5cd5f84a3f,23,7.562499999999999,1,0,1,0,0,0.0,7.918333,success,1,0,0.355833333333309,0,0,success,1,0,0.355833333333309,0,0,success,1,0,0.355833333333309,0,0
theta_0p02,theta,adaptive,0.08,0.15,,0.02,8,0.25,,,P041,P041_pop909_chromatic_outside_796_piano.mid,5313ed35276167210c99ca9b0d50773ad1c5a71997072b20b1653efba88eb36f,20,6.486488,1,0,1,0,0,0.0,8.106556,late,0,-1,,0,1,late,0,-1,,0,1,success,1,0,1.6200675395833155,0,0
theta_0p02,theta,adaptive,0.08,0.15,,0.02,8,0.25,,,P042,P042_pop909_chromatic_outside_254_piano.mid,dfb97d893bd303a0043e98fe7c14dc376233ce114864c10be992cad37ef88538,24,3.3027539999999993,1,0,1,0,0,0.0,4.411791,late,0,-1,,0,1,late,0,-1,,0,1,success,1,0,1.109036552083304,0,0
theta_0p02,theta,adaptive,0.08,0.15,,0.02,8,0.25,,,P043,P043_pop909_chromatic_outside_311_bridge.mid,8bb993a52d683a9b093e77f22d9fa6d3df633472edafb5a0056e4e19b5852902,14,7.5,1,0,1,1,0,0.0,2.465937,premature,0,-1,,1,1,premature,0,-1,,1,1,premature,0,-1,,1,1
theta_0p02,theta,adaptive,0.08,0.15,,0.02,8,0.25,,,P044,P044_pop909_false_ending_pause_322_bridge.mid,92fa6bc714e6881f40bd275254b082416486b9d155453539c6e2e9cce641a65c,7,4.633333333333333,1,0,1,0,0,0.0,5.202500,late,0,-1,,0,1,success,1,0,0.5691666666666224,0,0,success,1,0,0.5691666666666224,0,0
theta_0p02,theta,adaptive,0.08,0.15,,0.02,8,0.25,,,P045,P045_pop909_false_ending_pause_008_bridge.mid,28ee69826748317d665163811014939ed01825addd8f2c9505d27364a6b4adc8,7,4.876923483333333,1,0,1,1,0,0.0,2.469615,premature,0,-1,,1,1,premature,0,-1,,1,1,premature,0,-1,,1,1
theta_0p02,theta,adaptive,0.08,0.15,,0.02,8,0.25,,,P046,P046_pop909_false_ending_pause_253_bridge.mid,0e6ab6a38b763c541fa954510aaf319efab974b676865fe44aaa2c2338435f50,7,5.9943121875,1,0,1,1,0,0.0,2.715226,premature,0,-1,,1,1,premature,0,-1,,1,1,premature,0,-1,,1,1
theta_0p02,theta,adaptive,0.08,0.15,,0.02,8,0.25,,,P047,P047_pop909_false_ending_pause_396_melody.mid,45f3dedbc0915a84ff315fcf7040e15383bbafbc739845cd8f4e4db11fbe1207,7,3.8673180812499997,1,0,1,0,0,0.0,3.852681,success,1,0,-0.014636735416697633,0,0,success,1,0,-0.014636735416697633,0,0,success,1,0,-0.014636735416697633,0,0
theta_0p02,theta,adaptive,0.08,0.15,,0.02,8,0.25,,,P048,P048_pop909_repetition_tail_234_bridge.mid,8edaf0b3c05cb78569d9801754c34b780426e21b3654154ff150d50ac4c12b59,8,4.000000000000001,1,0,1,1,0,0.0,3.241250,premature,0,-1,,1,1,premature,0,-1,,1,1,premature,0,-1,,1,1
theta_0p02,theta,adaptive,0.08,0.15,,0.02,8,0.25,,,P049,P049_pop909_repetition_tail_282_bridge.mid,b5bf7675db361f16e2641027f14dbd38a665a77edf6ca030a9254be54ddab400,8,5.691775224999999,1,0,1,0,0,0.0,7.581159,late,0,-1,,0,1,late,0,-1,,0,1,success,1,0,1.8893838916666192,0,0
theta_0p02,theta,adaptive,0.08,0.15,,0.02,8,0.25,,,P050,P050_pop909_repetition_tail_340_bridge.mid,92dfb3e992339ebac2e7204e10ece5a799d2ae91faeb4c2a0ff6f5611e0bfbac,8,5.245888,1,0,1,1,0,0.0,4.127151,premature,0,-1,,1,1,premature,0,-1,,1,1,premature,0,-1,,1,1
theta_0p10,theta,adaptive,0.08,0.15,,0.1,8,0.25,,,A01,A01_c_pentatonic_balanced.mid,e7a1620ba70d4372e998376d91e2f55590448a9cf5878e969a0f70d410659845,14,4.8,1,0,1,0,0,0.0,5.250000,success,1,0,0.44999999999998064,0,0,success,1,0,0.44999999999998064,0,0,success,1,0,0.44999999999998064,0,0
theta_0p10,theta,adaptive,0.08,0.15,,0.1,8,0.25,,,A02,A02_a_minor_pentatonic_question.mid,5166d8996017b0341f9265fc4539b25d09211f1cc291b1e25a4623e68b1bbc0e,12,5.054348499999999,1,0,1,0,0,0.0,5.472174,success,1,0,0.4178259999999776,0,0,success,1,0,0.4178259999999776,0,0,success,1,0,0.4178259999999776,0,0
theta_0p10,theta,adaptive,0.08,0.15,,0.1,8,0.25,,,A03,A03_a_blues_tension.mid,1c61cef65142077e0ea54a46832f15bf535a35b23c920ee8e40193b877467fd4,13,4.166669999999999,1,0,1,0,0,0.0,4.501114,success,1,0,0.33444399999998176,0,0,success,1,0,0.33444399999998176,0,0,success,1,0,0.33444399999998176,0,0
theta_0p10,theta,adaptive,0.08,0.15,,0.1,8,0.25,,,A04,A04_classical_antecedent.mid,3b1b42414601831b09678bb49b714e6512be53f451a517170b48c6c3addb07f1,10,4.6499999999999995,1,0,1,0,0,0.0,5.145000,success,1,0,0.494999999999977,0,0,success,1,0,0.494999999999977,0,0,success,1,0,0.494999999999977,0,0
theta_0p10,theta,adaptive,0.08,0.15,,0.1,8,0.25,,,A05,A05_repetition_tail.mid,c615435e6cf9b0af8c8e4a2d9b7f28ccef90f4cc20ddffc10e23c15ec2296b28,12,4.182691749999999,1,0,1,1,0,0.0,2.839230,premature,0,-1,,1,1,premature,0,-1,,1,1,premature,0,-1,,1,1
theta_0p10,theta,adaptive,0.08,0.15,,0.1,8,0.25,,,A06,A06_syncopated_pop.mid,25a2a2e4aea59cacc8434b36ae5173bd34aaa66ee7eec8c2e460f3f72addaf0e,12,4.3867945,1,0,1,0,0,0.0,5.073775,late,0,-1,,0,1,success,1,0,0.686980999999979,0,0,success,1,0,0.686980999999979,0,0
theta_0p10,theta,adaptive,0.08,0.15,,0.1,8,0.25,,,A07,A07_sparse_long_tones.mid,fb6faee9d721a971b5d6388dc979e5a15c26d45366bfef7ade9a8f82eec3358d,6,5.454543999999999,1,0,1,0,0,0.0,7.127726,late,0,-1,,0,1,late,0,-1,,0,1,success,1,0,1.67318199999995,0,0
theta_0p10,theta,adaptive,0.08,0.15,,0.1,8,0.25,,,A08,A08_dense_eighth_motion.mid,48faeb92585381b6928f2dc31a3119ec234d815efc25ec9d1ba67538fc3f6b41,16,4.285712000000002,1,0,1,0,0,0.0,4.792855,late,0,-1,,0,1,success,1,0,0.5071429999999832,0,0,success,1,0,0.5071429999999832,0,0
theta_0p10,theta,adaptive,0.08,0.15,,0.1,8,0.25,,,A09,A09_arched_contour.mid,91acd677fdf9a30e64f3584796b5fc38d648b1ddf3785f4d6a6445102c15ee7c,11,4.6875,1,0,1,0,0,0.0,5.197500,late,0,-1,,0,1,success,1,0,0.5099999999999758,0,0,success,1,0,0.5099999999999758,0,0
theta_0p10,theta,adaptive,0.08,0.15,,0.1,8,0.25,,,A10,A10_leap_gap_fill.mid,6639c3bceab3644ea59e759d1e92e76bcc9a082b5edaea30893d44682f7f3a97,13,4.6499999999999995,1,0,1,0,0,0.0,5.145000,success,1,0,0.4949999999999797,0,0,success,1,0,0.4949999999999797,0,0,success,1,0,0.4949999999999797,0,0
theta_0p10,theta,adaptive,0.08,0.15,,0.1,8,0.25,,,R01,R01_390-v1.mid,e44793c8c043f7c92184c6189f5e7b1af47c202aaa6df435a76a4d26268313aa,13,4.0,1,0,1,1,0,0.0,1.874583,premature,0,-1,,1,1,premature,0,-1,,1,1,premature,0,-1,,1,1
theta_0p10,theta,adaptive,0.08,0.15,,0.1,8,0.25,,,R02,R02_667-v3.mid,af3cbab9e93480a553c9a217fc1abefdf3db788d071132050fca4cbfe862cdaa,8,4.0,1,0,1,0,0,0.0,4.132083,success,1,0,0.13208333333331268,0,0,success,1,0,0.13208333333331268,0,0,success,1,0,0.13208333333331268,0,0
theta_0p10,theta,adaptive,0.08,0.15,,0.1,8,0.25,,,R03,R03_174-v2.mid,88f11f634584a21ce30b0dc39c608cde9da43c7936400bba985f8702ecf9e962,12,3.9999999999999996,1,0,1,1,0,0.0,1.887917,premature,0,-1,,1,1,premature,0,-1,,1,1,premature,0,-1,,1,1
theta_0p10,theta,adaptive,0.08,0.15,,0.1,8,0.25,,,R04,R04_339-v2.mid,828aff4f088b889d0715fee3e65e9243f89520710a795fa7e4b585407a7da650,9,3.817708333333333,1,0,1,0,0,0.0,4.422292,late,0,-1,,0,1,success,1,0,0.6045833333333164,0,0,success,1,0,0.6045833333333164,0,0
theta_0p10,theta,adaptive,0.08,0.15,,0.1,8,0.25,,,R05,R05_581.mid,766b0c79d6f6905d1c32f244469b14bf48cb861e79ceede6ac2ee1929437dcf4,13,4.0,1,0,1,0,0,0.0,4.606875,late,0,-1,,0,1,success,1,0,0.6068749999999845,0,0,success,1,0,0.6068749999999845,0,0
theta_0p10,theta,adaptive,0.08,0.15,,0.1,8,0.25,,,R06,R06_132-v2.mid,e1ccff44d4528b8e4af0e40bdc4699a89e46169a5a6c766acc8ac50740c17bc4,15,4.0,1,0,1,1,0,0.0,1.679792,premature,0,-1,,1,1,premature,0,-1,,1,1,premature,0,-1,,1,1
theta_0p10,theta,adaptive,0.08,0.15,,0.1,8,0.25,,,R07,R07_664-v2.mid,d84d97d7bfa78ff716110978692047e182ce9f01efee7a44f583544e113fed69,11,4.0,1,0,1,1,0,0.0,2.720625,premature,0,-1,,1,1,premature,0,-1,,1,1,premature,0,-1,,1,1
theta_0p10,theta,adaptive,0.08,0.15,,0.1,8,0.25,,,R08,R08_266-v1.mid,a60f28e61f3323d5039cd94cdaea65c36ca0311962a73686837cf9dfdde0799d,8,4.0,1,0,1,0,0,0.0,4.145000,success,1,0,0.14499999999997648,0,0,success,1,0,0.14499999999997648,0,0,success,1,0,0.14499999999997648,0,0
theta_0p10,theta,adaptive,0.08,0.15,,0.1,8,0.25,,,R09,R09_433.mid,e1f859f9f55ce2a1718a88f1ce5f88ffffd035cd2ac61aeba9f71e42eb3d1658,23,4.000000000000001,1,0,1,0,0,0.0,4.497708,success,1,0,0.4977083333333221,0,0,success,1,0,0.4977083333333221,0,0,success,1,0,0.4977083333333221,0,0
theta_0p10,theta,adaptive,0.08,0.15,,0.1,8,0.25,,,R10,R10_039-v2.mid,25635c75dc841999c02ffb9b7d67ef21f421bef585b28e0635701689b574a8f6,11,4.000000000000001,1,0,1,1,0,0.0,3.400833,premature,0,-1,,1,1,premature,0,-1,,1,1,premature,0,-1,,1,1
theta_0p10,theta,adaptive,0.08,0.15,,0.1,8,0.25,,,R11,R11_538.mid,676637ee06573aad6e8ea80367346578ac11b8ed36c9f8ce5702eda3643830ab,20,3.921875,2,1,1,0,0,0.5,4.230833,success,1,0,0.30895833333332323,0,0,success,1,0,0.30895833333332323,0,0,success,1,0,0.30895833333332323,0,0
theta_0p10,theta,adaptive,0.08,0.15,,0.1,8,0.25,,,R12,R12_457.mid,151dd04bd54d11512876bab817410ae94fb81547894ff0a3b96401968101f6df,13,4.0,1,0,1,1,0,0.0,2.191250,premature,0,-1,,1,1,premature,0,-1,,1,1,premature,0,-1,,1,1
theta_0p10,theta,adaptive,0.08,0.15,,0.1,8,0.25,,,R13,R13_353-v1.mid,ef59a3cdc969d70fd54c9cd52a37e30deb9772958305ace368edde9ea5afc7c3,11,4.0,1,0,1,1,0,0.0,1.689167,premature,0,-1,,1,1,premature,0,-1,,1,1,premature,0,-1,,1,1
theta_0p10,theta,adaptive,0.08,0.15,,0.1,8,0.25,,,R14,R14_073.mid,6014529ddd8b96a82fd599bf2e0268f5da21dad2080ba59e69de225512a58ee3,12,3.939583333333333,2,1,1,0,0,0.5,4.632708,late,0,-1,,0,1,success,1,0,0.6931249999999824,0,0,success,1,0,0.6931249999999824,0,0
theta_0p10,theta,adaptive,0.08,0.15,,0.1,8,0.25,,,R15,R15_156-v2.mid,d6ae647242ceff286d61867ebb06ee767c382eed20c618f7988a94d4733b7d8d,9,4.0,1,0,1,1,0,0.0,3.651875,premature,0,-1,,1,1,premature,0,-1,,1,1,premature,0,-1,,1,1
theta_0p10,theta,adaptive,0.08,0.15,,0.1,8,0.25,,,R16,R16_249.mid,32c21206c709d04269f4de5a9705ca310189a55c657a53ea8612ed3c5ac480dd,8,4.0,1,0,1,0,0,0.0,4.950625,late,0,-1,,0,1,success,1,0,0.9506249999999721,0,0,success,1,0,0.9506249999999721,0,0
theta_0p10,theta,adaptive,0.08,0.15,,0.1,8,0.25,,,R17,R17_319.mid,7b40b95a494f202130093514531c7232c45d539c2a7ebafe5dee64fac4bc0e7e,18,4.0,1,0,1,0,0,0.0,4.460208,success,1,0,0.46020833333332245,0,0,success,1,0,0.46020833333332245,0,0,success,1,0,0.46020833333332245,0,0
theta_0p10,theta,adaptive,0.08,0.15,,0.1,8,0.25,,,R18,R18_249.mid,0dc5853f595ca79ae339d76ccf661f166c739dba3b0cb0d66eeb860ef17dd7c0,9,4.0,1,0,1,0,0,0.0,4.120625,success,1,0,0.12062499999997911,0,0,success,1,0,0.12062499999997911,0,0,success,1,0,0.12062499999997911,0,0
theta_0p10,theta,adaptive,0.08,0.15,,0.1,8,0.25,,,R19,R19_733.mid,73dc520e4f2e19e784486fb5160d0686a1f7d90b81c9bb57b8e6478f3b2032fe,10,4.0,1,0,1,1,0,0.0,1.574583,premature,0,-1,,1,1,premature,0,-1,,1,1,premature,0,-1,,1,1
theta_0p10,theta,adaptive,0.08,0.15,,0.1,8,0.25,,,R20,R20_660.mid,a3a01235dabd1fd09f3b7047e7b59bee8af87f41bc4456aa3e261bc412d6998a,8,3.983333333333334,1,0,1,0,0,0.0,5.102708,late,0,-1,,0,1,late,0,-1,,0,1,success,1,0,1.1193749999999727,0,0
theta_0p10,theta,adaptive,0.08,0.15,,0.1,8,0.25,,,R21,R21_756-v2.mid,7b479a282dd8ac5742239c1fda08a8a89a1834843d91b2b219beaa12a020ebdc,8,4.0,1,0,1,1,0,0.0,2.015625,premature,0,-1,,1,1,premature,0,-1,,1,1,premature,0,-1,,1,1
theta_0p10,theta,adaptive,0.08,0.15,,0.1,8,0.25,,,R22,R22_156.mid,530aaba96af00f7031edd5c0b26b6a257808c3f3d7df6c3d36f325fc29229487,10,4.0,1,0,1,1,0,0.0,3.571875,premature,0,-1,,1,1,premature,0,-1,,1,1,premature,0,-1,,1,1
theta_0p10,theta,adaptive,0.08,0.15,,0.1,8,0.25,,,R23,R23_645.mid,4089adb020ffa2aa242ec57c10ef8efd9ad726c8c6bf22e335e91d65a5783ac4,12,3.9999999999999996,2,1,1,1,0,0.5,3.163958,premature,0,-1,,1,1,premature,0,-1,,1,1,premature,0,-1,,1,1
theta_0p10,theta,adaptive,0.08,0.15,,0.1,8,0.25,,,R24,R24_242-v2.mid,5a18cae5a6fd996e3688bb05a6723665c26e561d21b88c112d65d4a6bdb51fca,15,4.000000000000001,1,0,1,1,0,0.0,1.326458,premature,0,-1,,1,1,premature,0,-1,,1,1,premature,0,-1,,1,1
theta_0p10,theta,adaptive,0.08,0.15,,0.1,8,0.25,,,R25,R25_618-v1.mid,56ff3fa00dc9e75c7913306f4a8cede335d24189bb8e26cfce827120f12743c7,10,4.0,1,0,1,1,0,0.0,3.051250,premature,0,-1,,1,1,premature,0,-1,,1,1,premature,0,-1,,1,1
theta_0p10,theta,adaptive,0.08,0.15,,0.1,8,0.25,,,R26,R26_560-v1.mid,f0d0a16aff422f9a5877f2944cdd0b959b4801aa449310959626fa7dbd7a6edb,15,3.951041666666667,1,0,1,1,0,0.0,1.807917,premature,0,-1,,1,1,premature,0,-1,,1,1,premature,0,-1,,1,1
theta_0p10,theta,adaptive,0.08,0.15,,0.1,8,0.25,,,R27,R27_735.mid,c6fabc901af844a2236d5a2956bd48e11d7952607af238e872c0dc7f65dbaa6f,16,4.0,2,1,1,1,0,0.5,3.845625,premature,0,-1,,1,1,premature,0,-1,,1,1,premature,0,-1,,1,1
theta_0p10,theta,adaptive,0.08,0.15,,0.1,8,0.25,,,R28,R28_804-v3.mid,f2326f94ae3ec36fd956ed7a74f507c37dfaeae99fddbfc7f2cbf87414f92030,11,3.9802083333333336,1,0,1,1,0,0.0,2.616250,premature,0,-1,,1,1,premature,0,-1,,1,1,premature,0,-1,,1,1
theta_0p10,theta,adaptive,0.08,0.15,,0.1,8,0.25,,,R29,R29_846-v2.mid,b750d5ab04a7fcc02298fea281e624dbc92dd1640a17037e580bb5b845ab517b,12,4.0,1,0,1,1,0,0.0,2.632917,premature,0,-1,,1,1,premature,0,-1,,1,1,premature,0,-1,,1,1
theta_0p10,theta,adaptive,0.08,0.15,,0.1,8,0.25,,,R30,R30_002-v2.mid,3b8c10e5c6886af05080687f0bc745791d33e73b2cec916337c1799e43024254,19,4.0,2,1,1,0,0,0.5,4.597917,late,0,-1,,0,1,success,1,0,0.5979166666666531,0,0,success,1,0,0.5979166666666531,0,0
theta_0p10,theta,adaptive,0.08,0.15,,0.1,8,0.25,,,R31,R31_069-v5.mid,ad5859e7014674fc2b088288d32445f60e2790c868a97bae22f5c6c6f7a9c906,10,4.0,1,0,1,0,0,0.0,4.369583,success,1,0,0.3695833333333125,0,0,success,1,0,0.3695833333333125,0,0,success,1,0,0.3695833333333125,0,0
theta_0p10,theta,adaptive,0.08,0.15,,0.1,8,0.25,,,R32,R32_290-v2.mid,b6d63759467030d9561098d602d2077dba3fd2e6533d64bc6401940ec9398bd7,11,4.0,1,0,1,1,0,0.0,0.781667,premature,0,-1,,1,1,premature,0,-1,,1,1,premature,0,-1,,1,1
theta_0p10,theta,adaptive,0.08,0.15,,0.1,8,0.25,,,R33,R33_144-v1.mid,14914529875824c38e895baf4969bc1f01031d5a20038d87474333091ce8bf16,21,4.0,2,1,1,0,0,0.5,4.473542,success,1,0,0.473541666666657,0,0,success,1,0,0.473541666666657,0,0,success,1,0,0.473541666666657,0,0
theta_0p10,theta,adaptive,0.08,0.15,,0.1,8,0.25,,,R34,R34_680-v3.mid,193fa77f9af23482857e237a7f27c3f78c79243d9a1ffca85d491c191040a3d9,15,4.0,1,0,1,1,0,0.0,1.853750,premature,0,-1,,1,1,premature,0,-1,,1,1,premature,0,-1,,1,1
theta_0p10,theta,adaptive,0.08,0.15,,0.1,8,0.25,,,R35,R35_436-v2.mid,0db58df01ff0e7ef7665b41a914d45f2c8da7ce346a391eafaadda58c2fbcbd1,8,3.9999999999999996,1,0,1,1,0,0.0,1.879792,premature,0,-1,,1,1,premature,0,-1,,1,1,premature,0,-1,,1,1
theta_0p10,theta,adaptive,0.08,0.15,,0.1,8,0.25,,,R36,R36_230.mid,292e936198ef29131aa14fa25acb693df0d1183ea1dde8ce70b941f2378a5b3c,11,4.0,1,0,1,1,0,0.0,2.057917,premature,0,-1,,1,1,premature,0,-1,,1,1,premature,0,-1,,1,1
theta_0p10,theta,adaptive,0.08,0.15,,0.1,8,0.25,,,R37,R37_667-v3.mid,3423caa4b45632a7f2c919a198ed678b6eb9786448d01e549dc32a5398afcf9f,7,4.0,1,0,1,0,0,0.0,5.497083,late,0,-1,,0,1,late,0,-1,,0,1,success,1,0,1.4970833333332996,0,0
theta_0p10,theta,adaptive,0.08,0.15,,0.1,8,0.25,,,R38,R38_136.mid,3abb38ce19d8de517c62b2014f88ea09cffbe9e6bf5ed9c01ed0c1155a8acbe5,14,4.0,1,0,1,1,0,0.0,1.365833,premature,0,-1,,1,1,premature,0,-1,,1,1,premature,0,-1,,1,1
theta_0p10,theta,adaptive,0.08,0.15,,0.1,8,0.25,,,R39,R39_578-v3.mid,fceb1f97ce180f42e04547ff0aa0b9478cd06770ac604a3832d919926ad92aa7,16,4.0,1,0,1,0,0,0.0,4.608958,late,0,-1,,0,1,success,1,0,0.6089583333333204,0,0,success,1,0,0.6089583333333204,0,0
theta_0p10,theta,adaptive,0.08,0.15,,0.1,8,0.25,,,R40,R40_454.mid,d848f11068ba98d752767ac7826bc58b93c22e9b031ee710f0fae41eccde2eec,12,3.9187499999999997,1,0,1,0,0,0.0,4.734375,late,0,-1,,0,1,success,1,0,0.8156249999999807,0,0,success,1,0,0.8156249999999807,0,0
theta_0p10,theta,adaptive,0.08,0.15,,0.1,8,0.25,,,P001,P001_pop909_clear_motif_melody_298_bridge.mid,8b00372060ba7b623d803e3af7e70f5ef60b65f66816ad377f725005f4c84fa9,10,4.948456,1,0,1,1,0,0.0,4.192270,premature,0,-1,,1,1,premature,0,-1,,1,1,premature,0,-1,,1,1
theta_0p10,theta,adaptive,0.08,0.15,,0.1,8,0.25,,,P002,P002_pop909_clear_motif_melody_248_bridge.mid,ccb942640a73e3e0122c796c0971c8f675a924861614fa62562f002ab9ef196d,10,3.478248,1,0,1,0,0,0.0,3.835315,success,1,0,0.357066856249983,0,0,success,1,0,0.357066856249983,0,0,success,1,0,0.357066856249983,0,0
theta_0p10,theta,adaptive,0.08,0.15,,0.1,8,0.25,,,P003,P003_pop909_clear_motif_melody_339_melody.mid,628d1079f63c4bf7a08c4ee78f0765919be119f7b82f8dc3ffde83afbb2238ec,10,6.3124899,1,0,1,1,0,0.0,4.370481,premature,0,-1,,1,1,premature,0,-1,,1,1,premature,0,-1,,1,1
theta_0p10,theta,adaptive,0.08,0.15,,0.1,8,0.25,,,P004,P004_pop909_clear_motif_melody_268_melody.mid,e1ad81a5ae674340b836f4d87a0f82f0920845ccc4214feb28ccf9b9603f0948,10,8.0,1,0,1,0,0,0.0,8.147500,success,1,0,0.14750000000000973,0,0,success,1,0,0.14750000000000973,0,0,success,1,0,0.14750000000000973,0,0
theta_0p10,theta,adaptive,0.08,0.15,,0.1,8,0.25,,,P005,P005_pop909_clear_motif_melody_021_melody.mid,a1fe99526a41a4b56b5a507d209dd13d4105ef53e85d25dd53ce7e9ee5915ff3,10,4.13157275,1,0,1,1,0,0.0,1.948771,premature,0,-1,,1,1,premature,0,-1,,1,1,premature,0,-1,,1,1
theta_0p10,theta,adaptive,0.08,0.15,,0.1,8,0.25,,,P006,P006_pop909_clear_motif_melody_220_melody.mid,81d85ebdbdb62cf3dd0eb82602b7fe26907e395242e71f5bb78ef112438b09cc,10,3.870936,1,0,1,1,0,0.0,1.880313,premature,0,-1,,1,1,premature,0,-1,,1,1,premature,0,-1,,1,1
theta_0p10,theta,adaptive,0.08,0.15,,0.1,8,0.25,,,P007,P007_pop909_clear_motif_melody_273_melody.mid,b6f10983b8aa291a839fc6e5232bc1920fa3b1e354e6e03e788a7a6b17af9d59,10,6.48648,2,1,1,1,0,0.5,4.957293,premature,0,-1,,1,1,premature,0,-1,,1,1,premature,0,-1,,1,1
theta_0p10,theta,adaptive,0.08,0.15,,0.1,8,0.25,,,P008,P008_pop909_clear_motif_melody_713_melody.mid,cc0088d140a0c7f748d7a717a6f796eed7338f6a4d8889e8e2eebd7fab8f8f51,10,5.454544,1,0,1,1,0,0.0,3.155284,premature,0,-1,,1,1,premature,0,-1,,1,1,premature,0,-1,,1,1
theta_0p10,theta,adaptive,0.08,0.15,,0.1,8,0.25,,,P009,P009_pop909_clear_motif_melody_328_melody.mid,e8885a270c794ef4d50b9e6e050e3a0d3d8301d178169d86d88126123dbf06e2,10,5.333328,1,0,1,1,0,0.0,1.999999,premature,0,-1,,1,1,premature,0,-1,,1,1,premature,0,-1,,1,1
theta_0p10,theta,adaptive,0.08,0.15,,0.1,8,0.25,,,P010,P010_pop909_clear_motif_melody_407_melody.mid,42e7658af7a87529d58b908a6d60cc195eeb297cdd129a98e1cb2649ce5aecce,10,6.15,2,1,1,1,0,0.5,5.205000,premature,0,-1,,1,1,premature,0,-1,,1,1,premature,0,-1,,1,1
theta_0p10,theta,adaptive,0.08,0.15,,0.1,8,0.25,,,P011,P011_pop909_clear_motif_melody_119_melody.mid,896c48c32a15cf85bd286aa4436d0a697c9a91692eb0fb128687d212976619d5,10,7.272728,1,0,1,1,0,0.0,2.173182,premature,0,-1,,1,1,premature,0,-1,,1,1,premature,0,-1,,1,1
theta_0p10,theta,adaptive,0.08,0.15,,0.1,8,0.25,,,P012,P012_pop909_clear_motif_melody_188_melody.mid,54bf4eb2f8bff2ccd5d214afc84523384678bdefdf3145e821781182c58bc003,10,4.363632000000001,1,0,1,1,0,0.0,1.345227,premature,0,-1,,1,1,premature,0,-1,,1,1,premature,0,-1,,1,1
theta_0p10,theta,adaptive,0.08,0.15,,0.1,8,0.25,,,P013,P013_pop909_expressive_rubato_203_bridge.mid,d94792fd3118efad79013d413549904951e6acf204434771004ef7b6bac68e4a,9,3.000000000000001,1,0,1,1,0,0.0,1.308958,premature,0,-1,,1,1,premature,0,-1,,1,1,premature,0,-1,,1,1
theta_0p10,theta,adaptive,0.08,0.15,,0.1,8,0.25,,,P014,P014_pop909_expressive_rubato_203_bridge.mid,d78dea53ea8b5558568755412ec7c72b704ce448c1990fbb631bad2aba3c7411,9,3.0,1,0,1,0,0,0.0,4.708958,late,0,-1,,0,1,late,0,-1,,0,1,success,1,0,1.7089583333332934,0,0
theta_0p10,theta,adaptive,0.08,0.15,,0.1,8,0.25,,,P015,P015_pop909_expressive_rubato_263_bridge.mid,fdbb28e369fed211abc0a0b53b2006a331c357c454f4284639fd36961d3aac40,16,5.333328000000002,2,1,1,0,0,0.5,6.955550,late,0,-1,,0,1,late,0,-1,,0,1,success,1,0,1.6222223999999619,0,0
theta_0p10,theta,adaptive,0.08,0.15,,0.1,8,0.25,,,P016,P016_pop909_expressive_rubato_617_bridge.mid,37d4c7b2c4a5856f926b9e67a662ac676aa83beca73c7dfc2dd6c188e52a38a4,4,1.3348119999999997,1,0,1,0,0,0.0,2.823689,late,0,-1,,0,1,late,0,-1,,0,1,success,1,0,1.4888765666666346,0,0
theta_0p10,theta,adaptive,0.08,0.15,,0.1,8,0.25,,,P017,P017_pop909_expressive_rubato_178_bridge.mid,cfbf91b1d04e90e9d2e6b6f7ddd9fc480393f1166fde55646495523c989f5d8e,20,6.760552000000001,1,0,1,1,0,0.0,3.079786,premature,0,-1,,1,1,premature,0,-1,,1,1,premature,0,-1,,1,1
theta_0p10,theta,adaptive,0.08,0.15,,0.1,8,0.25,,,P018,P018_pop909_expressive_rubato_191_bridge.mid,b6e56889014ca3786b340c447e92d66f50ed149b21600186179487f5799f9b73,22,7.272727999999999,1,0,1,1,0,0.0,2.928712,premature,0,-1,,1,1,premature,0,-1,,1,1,premature,0,-1,,1,1
theta_0p10,theta,adaptive,0.08,0.15,,0.1,8,0.25,,,P019,P019_pop909_expressive_rubato_178_bridge.mid,51d4e82b5c0b217263d7a849828b0f05a8411876b0a87f85f4c175bf27767739,20,6.760551999999999,1,0,1,1,0,0.0,1.264717,premature,0,-1,,1,1,premature,0,-1,,1,1,premature,0,-1,,1,1
theta_0p10,theta,adaptive,0.08,0.15,,0.1,8,0.25,,,P020,P020_pop909_expressive_rubato_212_bridge.mid,6f5eee7b1684521d31dac9b4e36649e423a8ce813df0a5f142967525e2bf2e17,17,5.783128,1,0,1,1,0,0.0,3.898793,premature,0,-1,,1,1,premature,0,-1,,1,1,premature,0,-1,,1,1
theta_0p10,theta,adaptive,0.08,0.15,,0.1,8,0.25,,,P021,P021_pop909_chord_arpeggio_polyphonic_227_piano.mid,41b21fee0bca14bd00917fcf3d879b2fcebb9856fef2228a36e0b912e58444c9,18,7.1641759999999985,1,0,1,0,0,0.0,8.166340,late,0,-1,,0,1,late,0,-1,,0,1,success,1,0,1.0021642583333383,0,0
theta_0p10,theta,adaptive,0.08,0.15,,0.1,8,0.25,,,P022,P022_pop909_chord_arpeggio_polyphonic_003_piano.mid,ea9963c2ef0400f7458ed0b378c21cc36273462aabccb9685efcd21625bbdcfd,19,2.9268239999999985,2,1,1,0,0,0.5,3.526763,late,0,-1,,0,1,success,1,0,0.5999393124999841,0,0,success,1,0,0.5999393124999841,0,0
theta_0p10,theta,adaptive,0.08,0.15,,0.1,8,0.25,,,P023,P023_pop909_chord_arpeggio_polyphonic_222_piano.mid,bddeab49734bbbb17982dc09bdfaac6a8c2e1a112b7fd3464c5e7c9deadcfc94,19,6.1538400000000015,1,0,1,0,0,0.0,6.990507,late,0,-1,,0,1,success,1,0,0.8366669999999754,0,0,success,1,0,0.8366669999999754,0,0
theta_0p10,theta,adaptive,0.08,0.15,,0.1,8,0.25,,,P024,P024_pop909_chord_arpeggio_polyphonic_287_piano.mid,ec7a6fe844d8678913cee3e05d68bc85d02d45d316e498dcfe79e58c814953c2,26,6.9347729000000005,1,0,1,0,0,0.0,8.417672,late,0,-1,,0,1,late,0,-1,,0,1,success,1,0,1.4828994916666947,0,0
theta_0p10,theta,adaptive,0.08,0.15,,0.1,8,0.25,,,P025,P025_pop909_chord_arpeggio_polyphonic_566_piano.mid,52dae62297b7cdeff27e0bea0925c8bebbbb999e9935efba566c8ffc51c206e8,22,5.783128,1,0,1,0,0,0.0,6.592405,late,0,-1,,0,1,success,1,0,0.8092772499999787,0,0,success,1,0,0.8092772499999787,0,0
theta_0p10,theta,adaptive,0.08,0.15,,0.1,8,0.25,,,P026,P026_pop909_chord_arpeggio_polyphonic_106_piano.mid,5a21694b1c7abc6be7e5c6ee6dd6611dbca54dacb44c602d9f7dc226f5eaad89,28,7.1641759999999985,1,0,1,0,0,0.0,8.227907,late,0,-1,,0,1,late,0,-1,,0,1,success,1,0,1.063731395833348,0,0
theta_0p10,theta,adaptive,0.08,0.15,,0.1,8,0.25,,,P027,P027_pop909_chord_arpeggio_polyphonic_218_piano.mid,3d2716434e914a4c1b7b0fee64a762d631c9eb844e328c4f880eb95f36c370a6,32,7.0588159999999975,1,0,1,0,0,0.0,7.762198,late,0,-1,,0,1,success,1,0,0.7033824666666497,0,0,success,1,0,0.7033824666666497,0,0
theta_0p10,theta,adaptive,0.08,0.15,,0.1,8,0.25,,,P028,P028_pop909_chord_arpeggio_polyphonic_242_piano.mid,cd5c6e16ed3247ea34a6331d4c2e4dd980c5793b2def6bf2d11ae3b4d6d7560e,27,7.868856,1,0,1,0,0,0.0,8.751069,late,0,-1,,0,1,success,1,0,0.8822130437501121,0,0,success,1,0,0.8822130437501121,0,0
theta_0p10,theta,adaptive,0.08,0.15,,0.1,8,0.25,,,P029,P029_pop909_sparse_short_062_melody.mid,de331be603af62c8ecaeb6b4de4413d0dfe0f3c4a24efa36a90905ae0bb82a26,3,3.24324,1,0,1,0,0,0.0,4.080268,late,0,-1,,0,1,success,1,0,0.837027749999967,0,0,success,1,0,0.837027749999967,0,0
theta_0p10,theta,adaptive,0.08,0.15,,0.1,8,0.25,,,P030,P030_pop909_sparse_short_062_melody.mid,f2c561cfdf3ae696074a8292cfd9b6e91d18a740bb99c9c5ad4661e2b5225717,3,2.12837625,1,0,1,1,0,0.0,1.118243,premature,0,-1,,1,1,premature,0,-1,,1,1,premature,0,-1,,1,1
theta_0p10,theta,adaptive,0.08,0.15,,0.1,8,0.25,,,P031,P031_pop909_sparse_short_062_melody.mid,113bb580ca65ca779549df831e3b90b62932fe9eb9935891172b6636ee9e6079,3,3.24324,1,0,1,0,0,0.0,4.080268,late,0,-1,,0,1,success,1,0,0.837027749999967,0,0,success,1,0,0.837027749999967,0,0
theta_0p10,theta,adaptive,0.08,0.15,,0.1,8,0.25,,,P032,P032_pop909_sparse_short_062_melody.mid,2638d2ec8832338b8f57a7147f9874c863c36279707599ffbd8782269c399746,3,3.24324,1,0,1,0,0,0.0,4.080268,late,0,-1,,0,1,success,1,0,0.837027749999967,0,0,success,1,0,0.837027749999967,0,0
theta_0p10,theta,adaptive,0.08,0.15,,0.1,8,0.25,,,P033,P033_pop909_sparse_short_062_melody.mid,dcf51fe0bedf2f9e1acede760976dcde4a78650e163ec3c6ce86d970b4cc65c3,3,3.24324,1,0,1,0,0,0.0,4.080268,late,0,-1,,0,1,success,1,0,0.837027749999967,0,0,success,1,0,0.837027749999967,0,0
theta_0p10,theta,adaptive,0.08,0.15,,0.1,8,0.25,,,P034,P034_pop909_dense_fast_095_bridge.mid,1eec4634489ebc2145d5d07f86a58778c994982c97d2dd5704238989cafe8164,49,1.7610275333333312,1,0,1,0,0,0.0,2.105807,success,1,0,0.3447794333333256,0,0,success,1,0,0.3447794333333256,0,0,success,1,0,0.3447794333333256,0,0
theta_0p10,theta,adaptive,0.08,0.15,,0.1,8,0.25,,,P035,P035_pop909_dense_fast_351_bridge.mid,cce631ae36062ea5c6c5856ce61c72dee517b0d26fc59e569c45986becb91fa5,28,1.0351939999999993,1,0,1,0,0,0.0,1.337946,success,1,0,0.30275208541665943,0,0,success,1,0,0.30275208541665943,0,0,success,1,0,0.30275208541665943,0,0
theta_0p10,theta,adaptive,0.08,0.15,,0.1,8,0.25,,,P036,P036_pop909_dense_fast_095_bridge.mid,8d7b860e3c98cfc78be2b1d435ac9d52da48b3df427707b2c9dc6e28266f4b58,38,1.6801452666666645,1,0,1,0,0,0.0,2.027572,success,1,0,0.3474264999999923,0,0,success,1,0,0.3474264999999923,0,0,success,1,0,0.3474264999999923,0,0
theta_0p10,theta,adaptive,0.08,0.15,,0.1,8,0.25,,,P037,P037_pop909_dense_fast_095_bridge.mid,14ee870cca3317109b67f85cc0241e6678d38b8efed31130577d8d722e145a58,30,0.7977932666666666,1,0,1,0,0,0.0,1.135220,success,1,0,0.3374264999999973,0,0,success,1,0,0.3374264999999973,0,0,success,1,0,0.3374264999999973,0,0
theta_0p10,theta,adaptive,0.08,0.15,,0.1,8,0.25,,,P038,P038_pop909_dense_fast_727_bridge.mid,4cec022a9c9e7dd2ec868ae3124b7089c195126defe23b8a3d440d2c7bbaf873,45,1.2854942770833329,1,0,1,0,0,0.0,1.618828,success,1,0,0.33333331874999206,0,0,success,1,0,0.33333331874999206,0,0,success,1,0,0.33333331874999206,0,0
theta_0p10,theta,adaptive,0.08,0.15,,0.1,8,0.25,,,P039,P039_pop909_chromatic_outside_789_piano.mid,89dc01789fe23c4372b236cc806e6567b05346295e667c74639aa4642a3e304b,16,7.272728,1,0,1,0,0,0.0,8.577879,late,0,-1,,0,1,late,0,-1,,0,1,success,1,0,1.3051513916667146,0,0
theta_0p10,theta,adaptive,0.08,0.15,,0.1,8,0.25,,,P040,P040_pop909_chromatic_outside_064_piano.mid,76f70f424a678deaed9e02ef3b85db1c47a828b39689b0fb75fd6c5cd5f84a3f,23,7.562499999999999,1,0,1,0,0,0.0,7.518333,success,1,0,-0.04416666666668245,0,0,success,1,0,-0.04416666666668245,0,0,success,1,0,-0.04416666666668245,0,0
theta_0p10,theta,adaptive,0.08,0.15,,0.1,8,0.25,,,P041,P041_pop909_chromatic_outside_796_piano.mid,5313ed35276167210c99ca9b0d50773ad1c5a71997072b20b1653efba88eb36f,20,6.486488,1,0,1,0,0,0.0,7.456556,late,0,-1,,0,1,success,1,0,0.9700675395833098,0,0,success,1,0,0.9700675395833098,0,0
theta_0p10,theta,adaptive,0.08,0.15,,0.1,8,0.25,,,P042,P042_pop909_chromatic_outside_254_piano.mid,dfb97d893bd303a0043e98fe7c14dc376233ce114864c10be992cad37ef88538,24,3.3027539999999993,2,1,1,0,0,0.5,3.901791,late,0,-1,,0,1,success,1,0,0.5990365520833145,0,0,success,1,0,0.5990365520833145,0,0
theta_0p10,theta,adaptive,0.08,0.15,,0.1,8,0.25,,,P043,P043_pop909_chromatic_outside_311_bridge.mid,8bb993a52d683a9b093e77f22d9fa6d3df633472edafb5a0056e4e19b5852902,14,7.5,1,0,1,1,0,0.0,1.960937,premature,0,-1,,1,1,premature,0,-1,,1,1,premature,0,-1,,1,1
theta_0p10,theta,adaptive,0.08,0.15,,0.1,8,0.25,,,P044,P044_pop909_false_ending_pause_322_bridge.mid,92fa6bc714e6881f40bd275254b082416486b9d155453539c6e2e9cce641a65c,7,4.633333333333333,1,0,1,1,0,0.0,4.397500,premature,0,-1,,1,1,premature,0,-1,,1,1,premature,0,-1,,1,1
theta_0p10,theta,adaptive,0.08,0.15,,0.1,8,0.25,,,P045,P045_pop909_false_ending_pause_008_bridge.mid,28ee69826748317d665163811014939ed01825addd8f2c9505d27364a6b4adc8,7,4.876923483333333,1,0,1,1,0,0.0,2.004615,premature,0,-1,,1,1,premature,0,-1,,1,1,premature,0,-1,,1,1
theta_0p10,theta,adaptive,0.08,0.15,,0.1,8,0.25,,,P046,P046_pop909_false_ending_pause_253_bridge.mid,0e6ab6a38b763c541fa954510aaf319efab974b676865fe44aaa2c2338435f50,7,5.9943121875,1,0,1,1,0,0.0,2.210226,premature,0,-1,,1,1,premature,0,-1,,1,1,premature,0,-1,,1,1
theta_0p10,theta,adaptive,0.08,0.15,,0.1,8,0.25,,,P047,P047_pop909_false_ending_pause_396_melody.mid,45f3dedbc0915a84ff315fcf7040e15383bbafbc739845cd8f4e4db11fbe1207,7,3.8673180812499997,1,0,1,1,0,0.0,3.312681,premature,0,-1,,1,1,premature,0,-1,,1,1,premature,0,-1,,1,1
theta_0p10,theta,adaptive,0.08,0.15,,0.1,8,0.25,,,P048,P048_pop909_repetition_tail_234_bridge.mid,8edaf0b3c05cb78569d9801754c34b780426e21b3654154ff150d50ac4c12b59,8,4.000000000000001,1,0,1,1,0,0.0,2.841250,premature,0,-1,,1,1,premature,0,-1,,1,1,premature,0,-1,,1,1
theta_0p10,theta,adaptive,0.08,0.15,,0.1,8,0.25,,,P049,P049_pop909_repetition_tail_282_bridge.mid,b5bf7675db361f16e2641027f14dbd38a665a77edf6ca030a9254be54ddab400,8,5.691775224999999,1,0,1,0,0,0.0,6.731159,late,0,-1,,0,1,late,0,-1,,0,1,success,1,0,1.0393838916666374,0,0
theta_0p10,theta,adaptive,0.08,0.15,,0.1,8,0.25,,,P050,P050_pop909_repetition_tail_340_bridge.mid,92dfb3e992339ebac2e7204e10ece5a799d2ae91faeb4c2a0ff6f5611e0bfbac,8,5.245888,1,0,1,1,0,0.0,3.597151,premature,0,-1,,1,1,premature,0,-1,,1,1,premature,0,-1,,1,1
theta_0p20,theta,adaptive,0.08,0.15,,0.2,8,0.25,,,A01,A01_c_pentatonic_balanced.mid,e7a1620ba70d4372e998376d91e2f55590448a9cf5878e969a0f70d410659845,14,4.8,3,2,1,0,0,0.6666666666666666,5.025000,success,1,0,0.22499999999998543,0,0,success,1,0,0.22499999999998543,0,0,success,1,0,0.22499999999998543,0,0
theta_0p20,theta,adaptive,0.08,0.15,,0.2,8,0.25,,,A02,A02_a_minor_pentatonic_question.mid,5166d8996017b0341f9265fc4539b25d09211f1cc291b1e25a4623e68b1bbc0e,12,5.054348499999999,3,2,1,0,0,0.6666666666666666,5.197174,success,1,0,0.14282599999998347,0,0,success,1,0,0.14282599999998347,0,0,success,1,0,0.14282599999998347,0,0
theta_0p20,theta,adaptive,0.08,0.15,,0.2,8,0.25,,,A03,A03_a_blues_tension.mid,1c61cef65142077e0ea54a46832f15bf535a35b23c920ee8e40193b877467fd4,13,4.166669999999999,4,3,1,0,0,0.75,4.281114,success,1,0,0.11444399999998645,0,0,success,1,0,0.11444399999998645,0,0,success,1,0,0.11444399999998645,0,0
theta_0p20,theta,adaptive,0.08,0.15,,0.2,8,0.25,,,A04,A04_classical_antecedent.mid,3b1b42414601831b09678bb49b714e6512be53f451a517170b48c6c3addb07f1,10,4.6499999999999995,1,0,1,0,0,0.0,4.865000,success,1,0,0.21499999999998298,0,0,success,1,0,0.21499999999998298,0,0,success,1,0,0.21499999999998298,0,0
theta_0p20,theta,adaptive,0.08,0.15,,0.2,8,0.25,,,A05,A05_repetition_tail.mid,c615435e6cf9b0af8c8e4a2d9b7f28ccef90f4cc20ddffc10e23c15ec2296b28,12,4.182691749999999,2,1,1,1,0,0.5,2.639230,premature,0,-1,,1,1,premature,0,-1,,1,1,premature,0,-1,,1,1
theta_0p20,theta,adaptive,0.08,0.15,,0.2,8,0.25,,,A06,A06_syncopated_pop.mid,25a2a2e4aea59cacc8434b36ae5173bd34aaa66ee7eec8c2e460f3f72addaf0e,12,4.3867945,1,0,1,0,0,0.0,4.828775,success,1,0,0.4419809999999842,0,0,success,1,0,0.4419809999999842,0,0,success,1,0,0.4419809999999842,0,0
theta_0p20,theta,adaptive,0.08,0.15,,0.2,8,0.25,,,A07,A07_sparse_long_tones.mid,fb6faee9d721a971b5d6388dc979e5a15c26d45366bfef7ade9a8f82eec3358d,6,5.454543999999999,1,0,1,0,0,0.0,6.467726,late,0,-1,,0,1,late,0,-1,,0,1,success,1,0,1.013181999999964,0,0
theta_0p20,theta,adaptive,0.08,0.15,,0.2,8,0.25,,,A08,A08_dense_eighth_motion.mid,48faeb92585381b6928f2dc31a3119ec234d815efc25ec9d1ba67538fc3f6b41,16,4.285712000000002,1,0,1,0,0,0.0,4.607855,success,1,0,0.3221429999999872,0,0,success,1,0,0.3221429999999872,0,0,success,1,0,0.3221429999999872,0,0
theta_0p20,theta,adaptive,0.08,0.15,,0.2,8,0.25,,,A09,A09_arched_contour.mid,91acd677fdf9a30e64f3584796b5fc38d648b1ddf3785f4d6a6445102c15ee7c,11,4.6875,1,0,1,1,0,0.0,2.635000,premature,0,-1,,1,1,premature,0,-1,,1,1,premature,0,-1,,1,1
theta_0p20,theta,adaptive,0.08,0.15,,0.2,8,0.25,,,A10,A10_leap_gap_fill.mid,6639c3bceab3644ea59e759d1e92e76bcc9a082b5edaea30893d44682f7f3a97,13,4.6499999999999995,3,2,1,0,0,0.6666666666666666,4.910000,success,1,0,0.2599999999999847,0,0,success,1,0,0.2599999999999847,0,0,success,1,0,0.2599999999999847,0,0
theta_0p20,theta,adaptive,0.08,0.15,,0.2,8,0.25,,,R01,R01_390-v1.mid,e44793c8c043f7c92184c6189f5e7b1af47c202aaa6df435a76a4d26268313aa,13,4.0,1,0,1,1,0,0.0,1.699583,premature,0,-1,,1,1,premature,0,-1,,1,1,premature,0,-1,,1,1
theta_0p20,theta,adaptive,0.08,0.15,,0.2,8,0.25,,,R02,R02_667-v3.mid,af3cbab9e93480a553c9a217fc1abefdf3db788d071132050fca4cbfe862cdaa,8,4.0,3,2,1,1,0,0.6666666666666666,3.882083,premature,0,-1,,1,1,premature,0,-1,,1,1,premature,0,-1,,1,1
theta_0p20,theta,adaptive,0.08,0.15,,0.2,8,0.25,,,R03,R03_174-v2.mid,88f11f634584a21ce30b0dc39c608cde9da43c7936400bba985f8702ecf9e962,12,3.9999999999999996,3,2,1,1,0,0.6666666666666666,1.772917,premature,0,-1,,1,1,premature,0,-1,,1,1,premature,0,-1,,1,1
theta_0p20,theta,adaptive,0.08,0.15,,0.2,8,0.25,,,R04,R04_339-v2.mid,828aff4f088b889d0715fee3e65e9243f89520710a795fa7e4b585407a7da650,9,3.817708333333333,2,1,1,0,0,0.5,4.222292,success,1,0,0.40458333333332064,0,0,success,1,0,0.40458333333332064,0,0,success,1,0,0.40458333333332064,0,0
theta_0p20,theta,adaptive,0.08,0.15,,0.2,8,0.25,,,R05,R05_581.mid,766b0c79d6f6905d1c32f244469b14bf48cb861e79ceede6ac2ee1929437dcf4,13,4.0,1,0,1,0,0,0.0,4.431875,success,1,0,0.43187499999998824,0,0,success,1,0,0.43187499999998824,0,0,success,1,0,0.43187499999998824,0,0
theta_0p20,theta,adaptive,0.08,0.15,,0.2,8,0.25,,,R06,R06_132-v2.mid,e1ccff44d4528b8e4af0e40bdc4699a89e46169a5a6c766acc8ac50740c17bc4,15,4.0,1,0,1,1,0,0.0,1.504792,premature,0,-1,,1,1,premature,0,-1,,1,1,premature,0,-1,,1,1
theta_0p20,theta,adaptive,0.08,0.15,,0.2,8,0.25,,,R07,R07_664-v2.mid,d84d97d7bfa78ff716110978692047e182ce9f01efee7a44f583544e113fed69,11,4.0,2,1,1,1,0,0.5,2.515625,premature,0,-1,,1,1,premature,0,-1,,1,1,premature,0,-1,,1,1
theta_0p20,theta,adaptive,0.08,0.15,,0.2,8,0.25,,,R08,R08_266-v1.mid,a60f28e61f3323d5039cd94cdaea65c36ca0311962a73686837cf9dfdde0799d,8,4.0,1,0,1,1,0,0.0,3.845000,premature,0,-1,,1,1,premature,0,-1,,1,1,premature,0,-1,,1,1
theta_0p20,theta,adaptive,0.08,0.15,,0.2,8,0.25,,,R09,R09_433.mid,e1f859f9f55ce2a1718a88f1ce5f88ffffd035cd2ac61aeba9f71e42eb3d1658,23,4.000000000000001,4,3,1,0,0,0.75,4.382708,success,1,0,0.38270833333332455,0,0,success,1,0,0.38270833333332455,0,0,success,1,0,0.38270833333332455,0,0
theta_0p20,theta,adaptive,0.08,0.15,,0.2,8,0.25,,,R10,R10_039-v2.mid,25635c75dc841999c02ffb9b7d67ef21f421bef585b28e0635701689b574a8f6,11,4.000000000000001,1,0,1,1,0,0.0,3.220833,premature,0,-1,,1,1,premature,0,-1,,1,1,premature,0,-1,,1,1
theta_0p20,theta,adaptive,0.08,0.15,,0.2,8,0.25,,,R11,R11_538.mid,676637ee06573aad6e8ea80367346578ac11b8ed36c9f8ce5702eda3643830ab,20,3.921875,4,3,1,0,0,0.75,4.130833,success,1,0,0.20895833333332536,0,0,success,1,0,0.20895833333332536,0,0,success,1,0,0.20895833333332536,0,0
theta_0p20,theta,adaptive,0.08,0.15,,0.2,8,0.25,,,R12,R12_457.mid,151dd04bd54d11512876bab817410ae94fb81547894ff0a3b96401968101f6df,13,4.0,2,1,1,1,0,0.5,2.056250,premature,0,-1,,1,1,premature,0,-1,,1,1,premature,0,-1,,1,1
theta_0p20,theta,adaptive,0.08,0.15,,0.2,8,0.25,,,R13,R13_353-v1.mid,ef59a3cdc969d70fd54c9cd52a37e30deb9772958305ace368edde9ea5afc7c3,11,4.0,1,0,1,1,0,0.0,1.514167,premature,0,-1,,1,1,premature,0,-1,,1,1,premature,0,-1,,1,1
theta_0p20,theta,adaptive,0.08,0.15,,0.2,8,0.25,,,R14,R14_073.mid,6014529ddd8b96a82fd599bf2e0268f5da21dad2080ba59e69de225512a58ee3,12,3.939583333333333,1,0,1,1,0,0.0,2.462708,premature,0,-1,,1,1,premature,0,-1,,1,1,premature,0,-1,,1,1
theta_0p20,theta,adaptive,0.08,0.15,,0.2,8,0.25,,,R15,R15_156-v2.mid,d6ae647242ceff286d61867ebb06ee767c382eed20c618f7988a94d4733b7d8d,9,4.0,1,0,1,1,0,0.0,3.401875,premature,0,-1,,1,1,premature,0,-1,,1,1,premature,0,-1,,1,1
theta_0p20,theta,adaptive,0.08,0.15,,0.2,8,0.25,,,R16,R16_249.mid,32c21206c709d04269f4de5a9705ca310189a55c657a53ea8612ed3c5ac480dd,8,4.0,1,0,1,0,0,0.0,4.600625,late,0,-1,,0,1,success,1,0,0.6006249999999795,0,0,success,1,0,0.6006249999999795,0,0
theta_0p20,theta,adaptive,0.08,0.15,,0.2,8,0.25,,,R17,R17_319.mid,7b40b95a494f202130093514531c7232c45d539c2a7ebafe5dee64fac4bc0e7e,18,4.0,1,0,1,0,0,0.0,4.345208,success,1,0,0.3452083333333249,0,0,success,1,0,0.3452083333333249,0,0,success,1,0,0.3452083333333249,0,0
theta_0p20,theta,adaptive,0.08,0.15,,0.2,8,0.25,,,R18,R18_249.mid,0dc5853f595ca79ae339d76ccf661f166c739dba3b0cb0d66eeb860ef17dd7c0,9,4.0,1,0,1,1,0,0.0,3.870625,premature,0,-1,,1,1,premature,0,-1,,1,1,premature,0,-1,,1,1
theta_0p20,theta,adaptive,0.08,0.15,,0.2,8,0.25,,,R19,R19_733.mid,73dc520e4f2e19e784486fb5160d0686a1f7d90b81c9bb57b8e6478f3b2032fe,10,4.0,1,0,1,1,0,0.0,1.399583,premature,0,-1,,1,1,premature,0,-1,,1,1,premature,0,-1,,1,1
theta_0p20,theta,adaptive,0.08,0.15,,0.2,8,0.25,,,R20,R20_660.mid,a3a01235dabd1fd09f3b7047e7b59bee8af87f41bc4456aa3e261bc412d6998a,8,3.983333333333334,1,0,1,0,0,0.0,4.752708,late,0,-1,,0,1,success,1,0,0.7693749999999802,0,0,success,1,0,0.7693749999999802,0,0
theta_0p20,theta,adaptive,0.08,0.15,,0.2,8,0.25,,,R21,R21_756-v2.mid,7b479a282dd8ac5742239c1fda08a8a89a1834843d91b2b219beaa12a020ebdc,8,4.0,1,0,1,1,0,0.0,1.785625,premature,0,-1,,1,1,premature,0,-1,,1,1,premature,0,-1,,1,1
theta_0p20,theta,adaptive,0.08,0.15,,0.2,8,0.25,,,R22,R22_156.mid,530aaba96af00f7031edd5c0b26b6a257808c3f3d7df6c3d36f325fc29229487,10,4.0,3,2,1,1,0,0.6666666666666666,3.346875,premature,0,-1,,1,1,premature,0,-1,,1,1,premature,0,-1,,1,1
theta_0p20,theta,adaptive,0.08,0.15,,0.2,8,0.25,,,R23,R23_645.mid,4089adb020ffa2aa242ec57c10ef8efd9ad726c8c6bf22e335e91d65a5783ac4,12,3.9999999999999996,2,1,1,1,0,0.5,1.908958,premature,0,-1,,1,1,premature,0,-1,,1,1,premature,0,-1,,1,1
theta_0p20,theta,adaptive,0.08,0.15,,0.2,8,0.25,,,R24,R24_242-v2.mid,5a18cae5a6fd996e3688bb05a6723665c26e561d21b88c112d65d4a6bdb51fca,15,4.000000000000001,2,1,1,1,0,0.5,1.221458,premature,0,-1,,1,1,premature,0,-1,,1,1,premature,0,-1,,1,1
theta_0p20,theta,adaptive,0.08,0.15,,0.2,8,0.25,,,R25,R25_618-v1.mid,56ff3fa00dc9e75c7913306f4a8cede335d24189bb8e26cfce827120f12743c7,10,4.0,2,1,1,1,0,0.5,2.911250,premature,0,-1,,1,1,premature,0,-1,,1,1,premature,0,-1,,1,1
theta_0p20,theta,adaptive,0.08,0.15,,0.2,8,0.25,,,R26,R26_560-v1.mid,f0d0a16aff422f9a5877f2944cdd0b959b4801aa449310959626fa7dbd7a6edb,15,3.951041666666667,1,0,1,1,0,0.0,1.632917,premature,0,-1,,1,1,premature,0,-1,,1,1,premature,0,-1,,1,1
theta_0p20,theta,adaptive,0.08,0.15,,0.2,8,0.25,,,R27,R27_735.mid,c6fabc901af844a2236d5a2956bd48e11d7952607af238e872c0dc7f65dbaa6f,16,4.0,1,0,1,1,0,0.0,2.090625,premature,0,-1,,1,1,premature,0,-1,,1,1,premature,0,-1,,1,1
theta_0p20,theta,adaptive,0.08,0.15,,0.2,8,0.25,,,R28,R28_804-v3.mid,f2326f94ae3ec36fd956ed7a74f507c37dfaeae99fddbfc7f2cbf87414f92030,11,3.9802083333333336,2,1,1,1,0,0.5,2.441250,premature,0,-1,,1,1,premature,0,-1,,1,1,premature,0,-1,,1,1
theta_0p20,theta,adaptive,0.08,0.15,,0.2,8,0.25,,,R29,R29_846-v2.mid,b750d5ab04a7fcc02298fea281e624dbc92dd1640a17037e580bb5b845ab517b,12,4.0,1,0,1,1,0,0.0,2.492917,premature,0,-1,,1,1,premature,0,-1,,1,1,premature,0,-1,,1,1
theta_0p20,theta,adaptive,0.08,0.15,,0.2,8,0.25,,,R30,R30_002-v2.mid,3b8c10e5c6886af05080687f0bc745791d33e73b2cec916337c1799e43024254,19,4.0,2,1,1,1,0,0.5,3.172917,premature,0,-1,,1,1,premature,0,-1,,1,1,premature,0,-1,,1,1
theta_0p20,theta,adaptive,0.08,0.15,,0.2,8,0.25,,,R31,R31_069-v5.mid,ad5859e7014674fc2b088288d32445f60e2790c868a97bae22f5c6c6f7a9c906,10,4.0,2,1,1,0,0,0.5,4.119583,success,1,0,0.11958333333331783,0,0,success,1,0,0.11958333333331783,0,0,success,1,0,0.11958333333331783,0,0
theta_0p20,theta,adaptive,0.08,0.15,,0.2,8,0.25,,,R32,R32_290-v2.mid,b6d63759467030d9561098d602d2077dba3fd2e6533d64bc6401940ec9398bd7,11,4.0,1,0,1,1,0,0.0,0.696667,premature,0,-1,,1,1,premature,0,-1,,1,1,premature,0,-1,,1,1
theta_0p20,theta,adaptive,0.08,0.15,,0.2,8,0.25,,,R33,R33_144-v1.mid,14914529875824c38e895baf4969bc1f01031d5a20038d87474333091ce8bf16,21,4.0,1,0,1,1,0,0.0,1.973542,premature,0,-1,,1,1,premature,0,-1,,1,1,premature,0,-1,,1,1
theta_0p20,theta,adaptive,0.08,0.15,,0.2,8,0.25,,,R34,R34_680-v3.mid,193fa77f9af23482857e237a7f27c3f78c79243d9a1ffca85d491c191040a3d9,15,4.0,2,1,1,1,0,0.5,1.678750,premature,0,-1,,1,1,premature,0,-1,,1,1,premature,0,-1,,1,1
theta_0p20,theta,adaptive,0.08,0.15,,0.2,8,0.25,,,R35,R35_436-v2.mid,0db58df01ff0e7ef7665b41a914d45f2c8da7ce346a391eafaadda58c2fbcbd1,8,3.9999999999999996,1,0,1,1,0,0.0,1.704792,premature,0,-1,,1,1,premature,0,-1,,1,1,premature,0,-1,,1,1
theta_0p20,theta,adaptive,0.08,0.15,,0.2,8,0.25,,,R36,R36_230.mid,292e936198ef29131aa14fa25acb693df0d1183ea1dde8ce70b941f2378a5b3c,11,4.0,1,0,1,1,0,0.0,1.882917,premature,0,-1,,1,1,premature,0,-1,,1,1,premature,0,-1,,1,1
theta_0p20,theta,adaptive,0.08,0.15,,0.2,8,0.25,,,R37,R37_667-v3.mid,3423caa4b45632a7f2c919a198ed678b6eb9786448d01e549dc32a5398afcf9f,7,4.0,1,0,1,0,0,0.0,5.067083,late,0,-1,,0,1,late,0,-1,,0,1,success,1,0,1.0670833333333087,0,0
theta_0p20,theta,adaptive,0.08,0.15,,0.2,8,0.25,,,R38,R38_136.mid,3abb38ce19d8de517c62b2014f88ea09cffbe9e6bf5ed9c01ed0c1155a8acbe5,14,4.0,1,0,1,1,0,0.0,1.280833,premature,0,-1,,1,1,premature,0,-1,,1,1,premature,0,-1,,1,1
theta_0p20,theta,adaptive,0.08,0.15,,0.2,8,0.25,,,R39,R39_578-v3.mid,fceb1f97ce180f42e04547ff0aa0b9478cd06770ac604a3832d919926ad92aa7,16,4.0,4,3,1,0,0,0.75,4.473958,success,1,0,0.47395833333332327,0,0,success,1,0,0.47395833333332327,0,0,success,1,0,0.47395833333332327,0,0
theta_0p20,theta,adaptive,0.08,0.15,,0.2,8,0.25,,,R40,R40_454.mid,d848f11068ba98d752767ac7826bc58b93c22e9b031ee710f0fae41eccde2eec,12,3.9187499999999997,3,2,1,0,0,0.6666666666666666,4.509375,late,0,-1,,0,1,success,1,0,0.5906249999999855,0,0,success,1,0,0.5906249999999855,0,0
theta_0p20,theta,adaptive,0.08,0.15,,0.2,8,0.25,,,P001,P001_pop909_clear_motif_melody_298_bridge.mid,8b00372060ba7b623d803e3af7e70f5ef60b65f66816ad377f725005f4c84fa9,10,4.948456,2,1,1,1,0,0.5,3.912270,premature,0,-1,,1,1,premature,0,-1,,1,1,premature,0,-1,,1,1
theta_0p20,theta,adaptive,0.08,0.15,,0.2,8,0.25,,,P002,P002_pop909_clear_motif_melody_248_bridge.mid,ccb942640a73e3e0122c796c0971c8f675a924861614fa62562f002ab9ef196d,10,3.478248,1,0,1,0,0,0.0,3.640315,success,1,0,0.16206685624998718,0,0,success,1,0,0.16206685624998718,0,0,success,1,0,0.16206685624998718,0,0
theta_0p20,theta,adaptive,0.08,0.15,,0.2,8,0.25,,,P003,P003_pop909_clear_motif_melody_339_melody.mid,628d1079f63c4bf7a08c4ee78f0765919be119f7b82f8dc3ffde83afbb2238ec,10,6.3124899,1,0,1,1,0,0.0,2.258817,premature,0,-1,,1,1,premature,0,-1,,1,1,premature,0,-1,,1,1
theta_0p20,theta,adaptive,0.08,0.15,,0.2,8,0.25,,,P004,P004_pop909_clear_motif_melody_268_melody.mid,e1ad81a5ae674340b836f4d87a0f82f0920845ccc4214feb28ccf9b9603f0948,10,8.0,1,0,1,0,0,0.0,7.952500,success,1,0,-0.047500000000012754,0,0,success,1,0,-0.047500000000012754,0,0,success,1,0,-0.047500000000012754,0,0
theta_0p20,theta,adaptive,0.08,0.15,,0.2,8,0.25,,,P005,P005_pop909_clear_motif_melody_021_melody.mid,a1fe99526a41a4b56b5a507d209dd13d4105ef53e85d25dd53ce7e9ee5915ff3,10,4.13157275,2,1,1,1,0,0.5,1.678771,premature,0,-1,,1,1,premature,0,-1,,1,1,premature,0,-1,,1,1
theta_0p20,theta,adaptive,0.08,0.15,,0.2,8,0.25,,,P006,P006_pop909_clear_motif_melody_220_melody.mid,81d85ebdbdb62cf3dd0eb82602b7fe26907e395242e71f5bb78ef112438b09cc,10,3.870936,1,0,1,1,0,0.0,1.710313,premature,0,-1,,1,1,premature,0,-1,,1,1,premature,0,-1,,1,1
theta_0p20,theta,adaptive,0.08,0.15,,0.2,8,0.25,,,P007,P007_pop909_clear_motif_melody_273_melody.mid,b6f10983b8aa291a839fc6e5232bc1920fa3b1e354e6e03e788a7a6b17af9d59,10,6.48648,1,0,1,1,0,0.0,2.450268,premature,0,-1,,1,1,premature,0,-1,,1,1,premature,0,-1,,1,1
theta_0p20,theta,adaptive,0.08,0.15,,0.2,8,0.25,,,P008,P008_pop909_clear_motif_melody_713_melody.mid,cc0088d140a0c7f748d7a717a6f796eed7338f6a4d8889e8e2eebd7fab8f8f51,10,5.454544,1,0,1,1,0,0.0,2.840284,premature,0,-1,,1,1,premature,0,-1,,1,1,premature,0,-1,,1,1
theta_0p20,theta,adaptive,0.08,0.15,,0.2,8,0.25,,,P009,P009_pop909_clear_motif_melody_328_melody.mid,e8885a270c794ef4d50b9e6e050e3a0d3d8301d178169d86d88126123dbf06e2,10,5.333328,1,0,1,1,0,0.0,1.769999,premature,0,-1,,1,1,premature,0,-1,,1,1,premature,0,-1,,1,1
theta_0p20,theta,adaptive,0.08,0.15,,0.2,8,0.25,,,P010,P010_pop909_clear_motif_melody_407_melody.mid,42e7658af7a87529d58b908a6d60cc195eeb297cdd129a98e1cb2649ce5aecce,10,6.15,1,0,1,1,0,0.0,1.591667,premature,0,-1,,1,1,premature,0,-1,,1,1,premature,0,-1,,1,1
theta_0p20,theta,adaptive,0.08,0.15,,0.2,8,0.25,,,P011,P011_pop909_clear_motif_melody_119_melody.mid,896c48c32a15cf85bd286aa4436d0a697c9a91692eb0fb128687d212976619d5,10,7.272728,2,1,1,1,0,0.5,1.963182,premature,0,-1,,1,1,premature,0,-1,,1,1,premature,0,-1,,1,1
theta_0p20,theta,adaptive,0.08,0.15,,0.2,8,0.25,,,P012,P012_pop909_clear_motif_melody_188_melody.mid,54bf4eb2f8bff2ccd5d214afc84523384678bdefdf3145e821781182c58bc003,10,4.363632000000001,1,0,1,1,0,0.0,1.155227,premature,0,-1,,1,1,premature,0,-1,,1,1,premature,0,-1,,1,1
theta_0p20,theta,adaptive,0.08,0.15,,0.2,8,0.25,,,P013,P013_pop909_expressive_rubato_203_bridge.mid,d94792fd3118efad79013d413549904951e6acf204434771004ef7b6bac68e4a,9,3.000000000000001,1,0,1,1,0,0.0,1.133958,premature,0,-1,,1,1,premature,0,-1,,1,1,premature,0,-1,,1,1
theta_0p20,theta,adaptive,0.08,0.15,,0.2,8,0.25,,,P014,P014_pop909_expressive_rubato_203_bridge.mid,d78dea53ea8b5558568755412ec7c72b704ce448c1990fbb631bad2aba3c7411,9,3.0,1,0,1,0,0,0.0,4.188958,late,0,-1,,0,1,late,0,-1,,0,1,success,1,0,1.1889583333333045,0,0
theta_0p20,theta,adaptive,0.08,0.15,,0.2,8,0.25,,,P015,P015_pop909_expressive_rubato_263_bridge.mid,fdbb28e369fed211abc0a0b53b2006a331c357c454f4284639fd36961d3aac40,16,5.333328000000002,1,0,1,1,0,0.0,4.052219,premature,0,-1,,1,1,premature,0,-1,,1,1,premature,0,-1,,1,1
theta_0p20,theta,adaptive,0.08,0.15,,0.2,8,0.25,,,P016,P016_pop909_expressive_rubato_617_bridge.mid,37d4c7b2c4a5856f926b9e67a662ac676aa83beca73c7dfc2dd6c188e52a38a4,4,1.3348119999999997,1,0,1,0,0,0.0,2.418689,late,0,-1,,0,1,late,0,-1,,0,1,success,1,0,1.0838765666666432,0,0
theta_0p20,theta,adaptive,0.08,0.15,,0.2,8,0.25,,,P017,P017_pop909_expressive_rubato_178_bridge.mid,cfbf91b1d04e90e9d2e6b6f7ddd9fc480393f1166fde55646495523c989f5d8e,20,6.760552000000001,1,0,1,1,0,0.0,1.459717,premature,0,-1,,1,1,premature,0,-1,,1,1,premature,0,-1,,1,1
theta_0p20,theta,adaptive,0.08,0.15,,0.2,8,0.25,,,P018,P018_pop909_expressive_rubato_191_bridge.mid,b6e56889014ca3786b340c447e92d66f50ed149b21600186179487f5799f9b73,22,7.272727999999999,1,0,1,1,0,0.0,2.678712,premature,0,-1,,1,1,premature,0,-1,,1,1,premature,0,-1,,1,1
theta_0p20,theta,adaptive,0.08,0.15,,0.2,8,0.25,,,P019,P019_pop909_expressive_rubato_178_bridge.mid,51d4e82b5c0b217263d7a849828b0f05a8411876b0a87f85f4c175bf27767739,20,6.760551999999999,1,0,1,1,0,0.0,1.119717,premature,0,-1,,1,1,premature,0,-1,,1,1,premature,0,-1,,1,1
theta_0p20,theta,adaptive,0.08,0.15,,0.2,8,0.25,,,P020,P020_pop909_expressive_rubato_212_bridge.mid,6f5eee7b1684521d31dac9b4e36649e423a8ce813df0a5f142967525e2bf2e17,17,5.783128,1,0,1,1,0,0.0,3.543793,premature,0,-1,,1,1,premature,0,-1,,1,1,premature,0,-1,,1,1
theta_0p20,theta,adaptive,0.08,0.15,,0.2,8,0.25,,,P021,P021_pop909_chord_arpeggio_polyphonic_227_piano.mid,41b21fee0bca14bd00917fcf3d879b2fcebb9856fef2228a36e0b912e58444c9,18,7.1641759999999985,1,0,1,0,0,0.0,7.861340,late,0,-1,,0,1,success,1,0,0.6971642583333146,0,0,success,1,0,0.6971642583333146,0,0
theta_0p20,theta,adaptive,0.08,0.15,,0.2,8,0.25,,,P022,P022_pop909_chord_arpeggio_polyphonic_003_piano.mid,ea9963c2ef0400f7458ed0b378c21cc36273462aabccb9685efcd21625bbdcfd,19,2.9268239999999985,1,0,1,1,0,0.0,2.570057,premature,0,-1,,1,1,premature,0,-1,,1,1,premature,0,-1,,1,1
theta_0p20,theta,adaptive,0.08,0.15,,0.2,8,0.25,,,P023,P023_pop909_chord_arpeggio_polyphonic_222_piano.mid,bddeab49734bbbb17982dc09bdfaac6a8c2e1a112b7fd3464c5e7c9deadcfc94,19,6.1538400000000015,2,1,1,0,0,0.5,6.685507,late,0,-1,,0,1,success,1,0,0.5316669999999819,0,0,success,1,0,0.5316669999999819,0,0
theta_0p20,theta,adaptive,0.08,0.15,,0.2,8,0.25,,,P024,P024_pop909_chord_arpeggio_polyphonic_287_piano.mid,ec7a6fe844d8678913cee3e05d68bc85d02d45d316e498dcfe79e58c814953c2,26,6.9347729000000005,1,0,1,0,0,0.0,7.817672,late,0,-1,,0,1,success,1,0,0.8828994916666328,0,0,success,1,0,0.8828994916666328,0,0
theta_0p20,theta,adaptive,0.08,0.15,,0.2,8,0.25,,,P025,P025_pop909_chord_arpeggio_polyphonic_566_piano.mid,52dae62297b7cdeff27e0bea0925c8bebbbb999e9935efba566c8ffc51c206e8,22,5.783128,1,0,1,0,0,0.0,6.342405,late,0,-1,,0,1,success,1,0,0.5592772499999841,0,0,success,1,0,0.5592772499999841,0,0
theta_0p20,theta,adaptive,0.08,0.15,,0.2,8,0.25,,,P026,P026_pop909_chord_arpeggio_polyphonic_106_piano.mid,5a21694b1c7abc6be7e5c6ee6dd6611dbca54dacb44c602d9f7dc226f5eaad89,28,7.1641759999999985,1,0,1,1,0,0.0,4.788580,premature,0,-1,,1,1,premature,0,-1,,1,1,premature,0,-1,,1,1
theta_0p20,theta,adaptive,0.08,0.15,,0.2,8,0.25,,,P027,P027_pop909_chord_arpeggio_polyphonic_218_piano.mid,3d2716434e914a4c1b7b0fee64a762d631c9eb844e328c4f880eb95f36c370a6,32,7.0588159999999975,1,0,1,1,0,0.0,1.425146,premature,0,-1,,1,1,premature,0,-1,,1,1,premature,0,-1,,1,1
theta_0p20,theta,adaptive,0.08,0.15,,0.2,8,0.25,,,P028,P028_pop909_chord_arpeggio_polyphonic_242_piano.mid,cd5c6e16ed3247ea34a6331d4c2e4dd980c5793b2def6bf2d11ae3b4d6d7560e,27,7.868856,1,0,1,0,0,0.0,8.486069,late,0,-1,,0,1,success,1,0,0.6172130437500707,0,0,success,1,0,0.6172130437500707,0,0
theta_0p20,theta,adaptive,0.08,0.15,,0.2,8,0.25,,,P029,P029_pop909_sparse_short_062_melody.mid,de331be603af62c8ecaeb6b4de4413d0dfe0f3c4a24efa36a90905ae0bb82a26,3,3.24324,1,0,1,0,0,0.0,3.655268,success,1,0,0.4120277499999756,0,0,success,1,0,0.4120277499999756,0,0,success,1,0,0.4120277499999756,0,0
theta_0p20,theta,adaptive,0.08,0.15,,0.2,8,0.25,,,P030,P030_pop909_sparse_short_062_melody.mid,f2c561cfdf3ae696074a8292cfd9b6e91d18a740bb99c9c5ad4661e2b5225717,3,2.12837625,1,0,1,1,0,0.0,0.973243,premature,0,-1,,1,1,premature,0,-1,,1,1,premature,0,-1,,1,1
theta_0p20,theta,adaptive,0.08,0.15,,0.2,8,0.25,,,P031,P031_pop909_sparse_short_062_melody.mid,113bb580ca65ca779549df831e3b90b62932fe9eb9935891172b6636ee9e6079,3,3.24324,1,0,1,0,0,0.0,3.655268,success,1,0,0.4120277499999756,0,0,success,1,0,0.4120277499999756,0,0,success,1,0,0.4120277499999756,0,0
theta_0p20,theta,adaptive,0.08,0.15,,0.2,8,0.25,,,P032,P032_pop909_sparse_short_062_melody.mid,2638d2ec8832338b8f57a7147f9874c863c36279707599ffbd8782269c399746,3,3.24324,1,0,1,0,0,0.0,3.655268,success,1,0,0.4120277499999756,0,0,success,1,0,0.4120277499999756,0,0,success,1,0,0.4120277499999756,0,0
theta_0p20,theta,adaptive,0.08,0.15,,0.2,8,0.25,,,P033,P033_pop909_sparse_short_062_melody.mid,dcf51fe0bedf2f9e1acede760976dcde4a78650e163ec3c6ce86d970b4cc65c3,3,3.24324,1,0,1,0,0,0.0,3.655268,success,1,0,0.4120277499999756,0,0,success,1,0,0.4120277499999756,0,0,success,1,0,0.4120277499999756,0,0
theta_0p20,theta,adaptive,0.08,0.15,,0.2,8,0.25,,,P034,P034_pop909_dense_fast_095_bridge.mid,1eec4634489ebc2145d5d07f86a58778c994982c97d2dd5704238989cafe8164,49,1.7610275333333312,1,0,1,0,0,0.0,2.040807,success,1,0,0.279779433333327,0,0,success,1,0,0.279779433333327,0,0,success,1,0,0.279779433333327,0,0
theta_0p20,theta,adaptive,0.08,0.15,,0.2,8,0.25,,,P035,P035_pop909_dense_fast_351_bridge.mid,cce631ae36062ea5c6c5856ce61c72dee517b0d26fc59e569c45986becb91fa5,28,1.0351939999999993,1,0,1,0,0,0.0,1.272946,success,1,0,0.23775208541666082,0,0,success,1,0,0.23775208541666082,0,0,success,1,0,0.23775208541666082,0,0
theta_0p20,theta,adaptive,0.08,0.15,,0.2,8,0.25,,,P036,P036_pop909_dense_fast_095_bridge.mid,8d7b860e3c98cfc78be2b1d435ac9d52da48b3df427707b2c9dc6e28266f4b58,38,1.6801452666666645,1,0,1,0,0,0.0,1.962572,success,1,0,0.2824264999999935,0,0,success,1,0,0.2824264999999935,0,0,success,1,0,0.2824264999999935,0,0
theta_0p20,theta,adaptive,0.08,0.15,,0.2,8,0.25,,,P037,P037_pop909_dense_fast_095_bridge.mid,14ee870cca3317109b67f85cc0241e6678d38b8efed31130577d8d722e145a58,30,0.7977932666666666,1,0,1,0,0,0.0,1.075220,success,1,0,0.2774264999999986,0,0,success,1,0,0.2774264999999986,0,0,success,1,0,0.2774264999999986,0,0
theta_0p20,theta,adaptive,0.08,0.15,,0.2,8,0.25,,,P038,P038_pop909_dense_fast_727_bridge.mid,4cec022a9c9e7dd2ec868ae3124b7089c195126defe23b8a3d440d2c7bbaf873,45,1.2854942770833329,1,0,1,0,0,0.0,1.553828,success,1,0,0.26833331874999344,0,0,success,1,0,0.26833331874999344,0,0,success,1,0,0.26833331874999344,0,0
theta_0p20,theta,adaptive,0.08,0.15,,0.2,8,0.25,,,P039,P039_pop909_chromatic_outside_789_piano.mid,89dc01789fe23c4372b236cc806e6567b05346295e667c74639aa4642a3e304b,16,7.272728,1,0,1,0,0,0.0,7.867879,late,0,-1,,0,1,success,1,0,0.5951513916666276,0,0,success,1,0,0.5951513916666276,0,0
theta_0p20,theta,adaptive,0.08,0.15,,0.2,8,0.25,,,P040,P040_pop909_chromatic_outside_064_piano.mid,76f70f424a678deaed9e02ef3b85db1c47a828b39689b0fb75fd6c5cd5f84a3f,23,7.562499999999999,1,0,1,1,0,0.0,7.343333,premature,0,-1,,1,1,premature,0,-1,,1,1,premature,0,-1,,1,1
theta_0p20,theta,adaptive,0.08,0.15,,0.2,8,0.25,,,P041,P041_pop909_chromatic_outside_796_piano.mid,5313ed35276167210c99ca9b0d50773ad1c5a71997072b20b1653efba88eb36f,20,6.486488,1,0,1,0,0,0.0,7.176556,late,0,-1,,0,1,success,1,0,0.6900675395833158,0,0,success,1,0,0.6900675395833158,0,0
theta_0p20,theta,adaptive,0.08,0.15,,0.2,8,0.25,,,P042,P042_pop909_chromatic_outside_254_piano.mid,dfb97d893bd303a0043e98fe7c14dc376233ce114864c10be992cad37ef88538,24,3.3027539999999993,2,1,1,1,0,0.5,1.860414,premature,0,-1,,1,1,premature,0,-1,,1,1,premature,0,-1,,1,1
theta_0p20,theta,adaptive,0.08,0.15,,0.2,8,0.25,,,P043,P043_pop909_chromatic_outside_311_bridge.mid,8bb993a52d683a9b093e77f22d9fa6d3df633472edafb5a0056e4e19b5852902,14,7.5,1,0,1,1,0,0.0,1.745937,premature,0,-1,,1,1,premature,0,-1,,1,1,premature,0,-1,,1,1
theta_0p20,theta,adaptive,0.08,0.15,,0.2,8,0.25,,,P044,P044_pop909_false_ending_pause_322_bridge.mid,92fa6bc714e6881f40bd275254b082416486b9d155453539c6e2e9cce641a65c,7,4.633333333333333,1,0,1,1,0,0.0,4.047500,premature,0,-1,,1,1,premature,0,-1,,1,1,premature,0,-1,,1,1
theta_0p20,theta,adaptive,0.08,0.15,,0.2,8,0.25,,,P045,P045_pop909_false_ending_pause_008_bridge.mid,28ee69826748317d665163811014939ed01825addd8f2c9505d27364a6b4adc8,7,4.876923483333333,2,1,1,1,0,0.5,1.804615,premature,0,-1,,1,1,premature,0,-1,,1,1,premature,0,-1,,1,1
theta_0p20,theta,adaptive,0.08,0.15,,0.2,8,0.25,,,P046,P046_pop909_false_ending_pause_253_bridge.mid,0e6ab6a38b763c541fa954510aaf319efab974b676865fe44aaa2c2338435f50,7,5.9943121875,2,1,1,1,0,0.5,1.995226,premature,0,-1,,1,1,premature,0,-1,,1,1,premature,0,-1,,1,1
theta_0p20,theta,adaptive,0.08,0.15,,0.2,8,0.25,,,P047,P047_pop909_false_ending_pause_396_melody.mid,45f3dedbc0915a84ff315fcf7040e15383bbafbc739845cd8f4e4db11fbe1207,7,3.8673180812499997,2,1,1,1,0,0.5,3.077681,premature,0,-1,,1,1,premature,0,-1,,1,1,premature,0,-1,,1,1
theta_0p20,theta,adaptive,0.08,0.15,,0.2,8,0.25,,,P048,P048_pop909_repetition_tail_234_bridge.mid,8edaf0b3c05cb78569d9801754c34b780426e21b3654154ff150d50ac4c12b59,8,4.000000000000001,1,0,1,1,0,0.0,2.666250,premature,0,-1,,1,1,premature,0,-1,,1,1,premature,0,-1,,1,1
theta_0p20,theta,adaptive,0.08,0.15,,0.2,8,0.25,,,P049,P049_pop909_repetition_tail_282_bridge.mid,b5bf7675db361f16e2641027f14dbd38a665a77edf6ca030a9254be54ddab400,8,5.691775224999999,1,0,1,1,0,0.0,3.710408,premature,0,-1,,1,1,premature,0,-1,,1,1,premature,0,-1,,1,1
theta_0p20,theta,adaptive,0.08,0.15,,0.2,8,0.25,,,P050,P050_pop909_repetition_tail_340_bridge.mid,92dfb3e992339ebac2e7204e10ece5a799d2ae91faeb4c2a0ff6f5611e0bfbac,8,5.245888,1,0,1,1,0,0.0,3.372151,premature,0,-1,,1,1,premature,0,-1,,1,1,premature,0,-1,,1,1
window_4,window,adaptive,0.08,0.15,,0.05,4,0.25,,,A01,A01_c_pentatonic_balanced.mid,e7a1620ba70d4372e998376d91e2f55590448a9cf5878e969a0f70d410659845,14,4.8,1,0,1,0,0,0.0,5.555000,late,0,-1,,0,1,success,1,0,0.7549999999999741,0,0,success,1,0,0.7549999999999741,0,0
window_4,window,adaptive,0.08,0.15,,0.05,4,0.25,,,A02,A02_a_minor_pentatonic_question.mid,5166d8996017b0341f9265fc4539b25d09211f1cc291b1e25a4623e68b1bbc0e,12,5.054348499999999,1,0,1,0,0,0.0,5.697174,late,0,-1,,0,1,success,1,0,0.6428259999999728,0,0,success,1,0,0.6428259999999728,0,0
window_4,window,adaptive,0.08,0.15,,0.05,4,0.25,,,A03,A03_a_blues_tension.mid,1c61cef65142077e0ea54a46832f15bf535a35b23c920ee8e40193b877467fd4,13,4.166669999999999,2,1,1,0,0,0.5,4.601114,success,1,0,0.4344439999999796,0,0,success,1,0,0.4344439999999796,0,0,success,1,0,0.4344439999999796,0,0
window_4,window,adaptive,0.08,0.15,,0.05,4,0.25,,,A04,A04_classical_antecedent.mid,3b1b42414601831b09678bb49b714e6512be53f451a517170b48c6c3addb07f1,10,4.6499999999999995,1,0,1,0,0,0.0,5.255000,late,0,-1,,0,1,success,1,0,0.6049999999999747,0,0,success,1,0,0.6049999999999747,0,0
window_4,window,adaptive,0.08,0.15,,0.05,4,0.25,,,A05,A05_repetition_tail.mid,c615435e6cf9b0af8c8e4a2d9b7f28ccef90f4cc20ddffc10e23c15ec2296b28,12,4.182691749999999,1,0,1,1,0,0.0,2.824230,premature,0,-1,,1,1,premature,0,-1,,1,1,premature,0,-1,,1,1
window_4,window,adaptive,0.08,0.15,,0.05,4,0.25,,,A06,A06_syncopated_pop.mid,25a2a2e4aea59cacc8434b36ae5173bd34aaa66ee7eec8c2e460f3f72addaf0e,12,4.3867945,1,0,1,0,0,0.0,5.248775,late,0,-1,,0,1,success,1,0,0.8619809999999752,0,0,success,1,0,0.8619809999999752,0,0
window_4,window,adaptive,0.08,0.15,,0.05,4,0.25,,,A07,A07_sparse_long_tones.mid,fb6faee9d721a971b5d6388dc979e5a15c26d45366bfef7ade9a8f82eec3358d,6,5.454543999999999,1,0,1,0,1,0.0,7.652726,late,0,-1,,0,1,late,0,-1,,0,1,late,0,-1,,0,1
window_4,window,adaptive,0.08,0.15,,0.05,4,0.25,,,A08,A08_dense_eighth_motion.mid,48faeb92585381b6928f2dc31a3119ec234d815efc25ec9d1ba67538fc3f6b41,16,4.285712000000002,1,0,1,0,0,0.0,4.977855,late,0,-1,,0,1,success,1,0,0.6921429999999793,0,0,success,1,0,0.6921429999999793,0,0
window_4,window,adaptive,0.08,0.15,,0.05,4,0.25,,,A09,A09_arched_contour.mid,91acd677fdf9a30e64f3584796b5fc38d648b1ddf3785f4d6a6445102c15ee7c,11,4.6875,1,0,1,0,0,0.0,5.312500,late,0,-1,,0,1,success,1,0,0.6249999999999734,0,0,success,1,0,0.6249999999999734,0,0
window_4,window,adaptive,0.08,0.15,,0.05,4,0.25,,,A10,A10_leap_gap_fill.mid,6639c3bceab3644ea59e759d1e92e76bcc9a082b5edaea30893d44682f7f3a97,13,4.6499999999999995,1,0,1,0,0,0.0,5.255000,late,0,-1,,0,1,success,1,0,0.6049999999999773,0,0,success,1,0,0.6049999999999773,0,0
window_4,window,adaptive,0.08,0.15,,0.05,4,0.25,,,R01,R01_390-v1.mid,e44793c8c043f7c92184c6189f5e7b1af47c202aaa6df435a76a4d26268313aa,13,4.0,1,0,1,1,0,0.0,2.044583,premature,0,-1,,1,1,premature,0,-1,,1,1,premature,0,-1,,1,1
window_4,window,adaptive,0.08,0.15,,0.05,4,0.25,,,R02,R02_667-v3.mid,af3cbab9e93480a553c9a217fc1abefdf3db788d071132050fca4cbfe862cdaa,8,4.0,1,0,1,0,0,0.0,4.557083,late,0,-1,,0,1,success,1,0,0.5570833333333036,0,0,success,1,0,0.5570833333333036,0,0
window_4,window,adaptive,0.08,0.15,,0.05,4,0.25,,,R03,R03_174-v2.mid,88f11f634584a21ce30b0dc39c608cde9da43c7936400bba985f8702ecf9e962,12,3.9999999999999996,1,0,1,1,0,0.0,2.127917,premature,0,-1,,1,1,premature,0,-1,,1,1,premature,0,-1,,1,1
window_4,window,adaptive,0.08,0.15,,0.05,4,0.25,,,R04,R04_339-v2.mid,828aff4f088b889d0715fee3e65e9243f89520710a795fa7e4b585407a7da650,9,3.817708333333333,1,0,1,0,0,0.0,4.512292,late,0,-1,,0,1,success,1,0,0.6945833333333145,0,0,success,1,0,0.6945833333333145,0,0
window_4,window,adaptive,0.08,0.15,,0.05,4,0.25,,,R05,R05_581.mid,766b0c79d6f6905d1c32f244469b14bf48cb861e79ceede6ac2ee1929437dcf4,13,4.0,1,0,1,0,0,0.0,4.776875,late,0,-1,,0,1,success,1,0,0.7768749999999809,0,0,success,1,0,0.7768749999999809,0,0
window_4,window,adaptive,0.08,0.15,,0.05,4,0.25,,,R06,R06_132-v2.mid,e1ccff44d4528b8e4af0e40bdc4699a89e46169a5a6c766acc8ac50740c17bc4,15,4.0,1,0,1,0,0,0.0,4.724792,late,0,-1,,0,1,success,1,0,0.7247916666666505,0,0,success,1,0,0.7247916666666505,0,0
window_4,window,adaptive,0.08,0.15,,0.05,4,0.25,,,R07,R07_664-v2.mid,d84d97d7bfa78ff716110978692047e182ce9f01efee7a44f583544e113fed69,11,4.0,1,0,1,1,0,0.0,3.045625,premature,0,-1,,1,1,premature,0,-1,,1,1,premature,0,-1,,1,1
window_4,window,adaptive,0.08,0.15,,0.05,4,0.25,,,R08,R08_266-v1.mid,a60f28e61f3323d5039cd94cdaea65c36ca0311962a73686837cf9dfdde0799d,8,4.0,1,0,1,0,0,0.0,4.405000,success,1,0,0.40499999999997094,0,0,success,1,0,0.40499999999997094,0,0,success,1,0,0.40499999999997094,0,0
window_4,window,adaptive,0.08,0.15,,0.05,4,0.25,,,R09,R09_433.mid,e1f859f9f55ce2a1718a88f1ce5f88ffffd035cd2ac61aeba9f71e42eb3d1658,23,4.000000000000001,1,0,1,0,0,0.0,4.497708,success,1,0,0.4977083333333221,0,0,success,1,0,0.4977083333333221,0,0,success,1,0,0.4977083333333221,0,0
window_4,window,adaptive,0.08,0.15,,0.05,4,0.25,,,R10,R10_039-v2.mid,25635c75dc841999c02ffb9b7d67ef21f421bef585b28e0635701689b574a8f6,11,4.000000000000001,1,0,1,1,0,0.0,3.605833,premature,0,-1,,1,1,premature,0,-1,,1,1,premature,0,-1,,1,1
window_4,window,adaptive,0.08,0.15,,0.05,4,0.25,,,R11,R11_538.mid,676637ee06573aad6e8ea80367346578ac11b8ed36c9f8ce5702eda3643830ab,20,3.921875,1,0,1,0,0,0.0,4.400833,success,1,0,0.4789583333333196,0,0,success,1,0,0.4789583333333196,0,0,success,1,0,0.4789583333333196,0,0
window_4,window,adaptive,0.08,0.15,,0.05,4,0.25,,,R12,R12_457.mid,151dd04bd54d11512876bab817410ae94fb81547894ff0a3b96401968101f6df,13,4.0,2,1,1,0,0,0.5,5.736250,late,0,-1,,0,1,late,0,-1,,0,1,success,1,0,1.7362499999999619,0,0
window_4,window,adaptive,0.08,0.15,,0.05,4,0.25,,,R13,R13_353-v1.mid,ef59a3cdc969d70fd54c9cd52a37e30deb9772958305ace368edde9ea5afc7c3,11,4.0,1,0,1,1,0,0.0,1.859167,premature,0,-1,,1,1,premature,0,-1,,1,1,premature,0,-1,,1,1
window_4,window,adaptive,0.08,0.15,,0.05,4,0.25,,,R14,R14_073.mid,6014529ddd8b96a82fd599bf2e0268f5da21dad2080ba59e69de225512a58ee3,12,3.939583333333333,1,0,1,0,0,0.0,4.847708,late,0,-1,,0,1,success,1,0,0.9081249999999779,0,0,success,1,0,0.9081249999999779,0,0
window_4,window,adaptive,0.08,0.15,,0.05,4,0.25,,,R15,R15_156-v2.mid,d6ae647242ceff286d61867ebb06ee767c382eed20c618f7988a94d4733b7d8d,9,4.0,1,0,1,0,1,0.0,6.076875,late,0,-1,,0,1,late,0,-1,,0,1,late,0,-1,,0,1
window_4,window,adaptive,0.08,0.15,,0.05,4,0.25,,,R16,R16_249.mid,32c21206c709d04269f4de5a9705ca310189a55c657a53ea8612ed3c5ac480dd,8,4.0,1,0,1,0,0,0.0,5.295625,late,0,-1,,0,1,late,0,-1,,0,1,success,1,0,1.2956249999999647,0,0
window_4,window,adaptive,0.08,0.15,,0.05,4,0.25,,,R17,R17_319.mid,7b40b95a494f202130093514531c7232c45d539c2a7ebafe5dee64fac4bc0e7e,18,4.0,1,0,1,0,0,0.0,4.585208,late,0,-1,,0,1,success,1,0,0.5852083333333198,0,0,success,1,0,0.5852083333333198,0,0
window_4,window,adaptive,0.08,0.15,,0.05,4,0.25,,,R18,R18_249.mid,0dc5853f595ca79ae339d76ccf661f166c739dba3b0cb0d66eeb860ef17dd7c0,9,4.0,1,0,1,0,0,0.0,4.045625,success,1,0,0.04562499999998071,0,0,success,1,0,0.04562499999998071,0,0,success,1,0,0.04562499999998071,0,0
window_4,window,adaptive,0.08,0.15,,0.05,4,0.25,,,R19,R19_733.mid,73dc520e4f2e19e784486fb5160d0686a1f7d90b81c9bb57b8e6478f3b2032fe,10,4.0,1,0,1,1,0,0.0,1.744583,premature,0,-1,,1,1,premature,0,-1,,1,1,premature,0,-1,,1,1
window_4,window,adaptive,0.08,0.15,,0.05,4,0.25,,,R20,R20_660.mid,a3a01235dabd1fd09f3b7047e7b59bee8af87f41bc4456aa3e261bc412d6998a,8,3.983333333333334,1,0,1,0,0,0.0,4.947708,late,0,-1,,0,1,success,1,0,0.964374999999976,0,0,success,1,0,0.964374999999976,0,0
window_4,window,adaptive,0.08,0.15,,0.05,4,0.25,,,R21,R21_756-v2.mid,7b479a282dd8ac5742239c1fda08a8a89a1834843d91b2b219beaa12a020ebdc,8,4.0,1,0,1,0,0,0.0,5.745625,late,0,-1,,0,1,late,0,-1,,0,1,success,1,0,1.7456249999999596,0,0
window_4,window,adaptive,0.08,0.15,,0.05,4,0.25,,,R22,R22_156.mid,530aaba96af00f7031edd5c0b26b6a257808c3f3d7df6c3d36f325fc29229487,10,4.0,1,0,1,1,0,0.0,3.826875,premature,0,-1,,1,1,premature,0,-1,,1,1,premature,0,-1,,1,1
window_4,window,adaptive,0.08,0.15,,0.05,4,0.25,,,R23,R23_645.mid,4089adb020ffa2aa242ec57c10ef8efd9ad726c8c6bf22e335e91d65a5783ac4,12,3.9999999999999996,2,1,1,0,0,0.5,5.503958,late,0,-1,,0,1,late,0,-1,,0,1,success,1,0,1.5039583333332982,0,0
window_4,window,adaptive,0.08,0.15,,0.05,4,0.25,,,R24,R24_242-v2.mid,5a18cae5a6fd996e3688bb05a6723665c26e561d21b88c112d65d4a6bdb51fca,15,4.000000000000001,2,1,1,1,0,0.5,3.091458,premature,0,-1,,1,1,premature,0,-1,,1,1,premature,0,-1,,1,1
window_4,window,adaptive,0.08,0.15,,0.05,4,0.25,,,R25,R25_618-v1.mid,56ff3fa00dc9e75c7913306f4a8cede335d24189bb8e26cfce827120f12743c7,10,4.0,1,0,1,1,0,0.0,3.211250,premature,0,-1,,1,1,premature,0,-1,,1,1,premature,0,-1,,1,1
window_4,window,adaptive,0.08,0.15,,0.05,4,0.25,,,R26,R26_560-v1.mid,f0d0a16aff422f9a5877f2944cdd0b959b4801aa449310959626fa7dbd7a6edb,15,3.951041666666667,2,1,1,0,0,0.5,4.727917,late,0,-1,,0,1,success,1,0,0.7768749999999809,0,0,success,1,0,0.7768749999999809,0,0
window_4,window,adaptive,0.08,0.15,,0.05,4,0.25,,,R27,R27_735.mid,c6fabc901af844a2236d5a2956bd48e11d7952607af238e872c0dc7f65dbaa6f,16,4.0,2,1,1,0,0,0.5,5.095625,late,0,-1,,0,1,late,0,-1,,0,1,success,1,0,1.0956249999999752,0,0
window_4,window,adaptive,0.08,0.15,,0.05,4,0.25,,,R28,R28_804-v3.mid,f2326f94ae3ec36fd956ed7a74f507c37dfaeae99fddbfc7f2cbf87414f92030,11,3.9802083333333336,1,0,1,1,0,0.0,2.786250,premature,0,-1,,1,1,premature,0,-1,,1,1,premature,0,-1,,1,1
window_4,window,adaptive,0.08,0.15,,0.05,4,0.25,,,R29,R29_846-v2.mid,b750d5ab04a7fcc02298fea281e624dbc92dd1640a17037e580bb5b845ab517b,12,4.0,1,0,1,1,0,0.0,2.652917,premature,0,-1,,1,1,premature,0,-1,,1,1,premature,0,-1,,1,1
window_4,window,adaptive,0.08,0.15,,0.05,4,0.25,,,R30,R30_002-v2.mid,3b8c10e5c6886af05080687f0bc745791d33e73b2cec916337c1799e43024254,19,4.0,1,0,1,0,0,0.0,4.602917,late,0,-1,,0,1,success,1,0,0.602916666666653,0,0,success,1,0,0.602916666666653,0,0
window_4,window,adaptive,0.08,0.15,,0.05,4,0.25,,,R31,R31_069-v5.mid,ad5859e7014674fc2b088288d32445f60e2790c868a97bae22f5c6c6f7a9c906,10,4.0,1,0,1,0,0,0.0,4.294583,success,1,0,0.2945833333333141,0,0,success,1,0,0.2945833333333141,0,0,success,1,0,0.2945833333333141,0,0
window_4,window,adaptive,0.08,0.15,,0.05,4,0.25,,,R32,R32_290-v2.mid,b6d63759467030d9561098d602d2077dba3fd2e6533d64bc6401940ec9398bd7,11,4.0,1,0,1,1,0,0.0,0.866667,premature,0,-1,,1,1,premature,0,-1,,1,1,premature,0,-1,,1,1
window_4,window,adaptive,0.08,0.15,,0.05,4,0.25,,,R33,R33_144-v1.mid,14914529875824c38e895baf4969bc1f01031d5a20038d87474333091ce8bf16,21,4.0,1,0,1,0,0,0.0,4.643542,late,0,-1,,0,1,success,1,0,0.6435416666666534,0,0,success,1,0,0.6435416666666534,0,0
window_4,window,adaptive,0.08,0.15,,0.05,4,0.25,,,R34,R34_680-v3.mid,193fa77f9af23482857e237a7f27c3f78c79243d9a1ffca85d491c191040a3d9,15,4.0,1,0,1,0,0,0.0,4.773750,late,0,-1,,0,1,success,1,0,0.7737499999999811,0,0,success,1,0,0.7737499999999811,0,0
window_4,window,adaptive,0.08,0.15,,0.05,4,0.25,,,R35,R35_436-v2.mid,0db58df01ff0e7ef7665b41a914d45f2c8da7ce346a391eafaadda58c2fbcbd1,8,3.9999999999999996,1,0,1,1,0,0.0,2.049792,premature,0,-1,,1,1,premature,0,-1,,1,1,premature,0,-1,,1,1
window_4,window,adaptive,0.08,0.15,,0.05,4,0.25,,,R36,R36_230.mid,292e936198ef29131aa14fa25acb693df0d1183ea1dde8ce70b941f2378a5b3c,11,4.0,1,0,1,1,0,0.0,2.227917,premature,0,-1,,1,1,premature,0,-1,,1,1,premature,0,-1,,1,1
window_4,window,adaptive,0.08,0.15,,0.05,4,0.25,,,R37,R37_667-v3.mid,3423caa4b45632a7f2c919a198ed678b6eb9786448d01e549dc32a5398afcf9f,7,4.0,1,0,1,0,0,0.0,5.557083,late,0,-1,,0,1,late,0,-1,,0,1,success,1,0,1.5570833333332983,0,0
window_4,window,adaptive,0.08,0.15,,0.05,4,0.25,,,R38,R38_136.mid,3abb38ce19d8de517c62b2014f88ea09cffbe9e6bf5ed9c01ed0c1155a8acbe5,14,4.0,3,2,1,0,0,0.6666666666666666,5.200833,late,0,-1,,0,1,late,0,-1,,0,1,success,1,0,1.200833333333306,0,0
window_4,window,adaptive,0.08,0.15,,0.05,4,0.25,,,R39,R39_578-v3.mid,fceb1f97ce180f42e04547ff0aa0b9478cd06770ac604a3832d919926ad92aa7,16,4.0,1,0,1,0,0,0.0,4.778958,late,0,-1,,0,1,success,1,0,0.7789583333333168,0,0,success,1,0,0.7789583333333168,0,0
window_4,window,adaptive,0.08,0.15,,0.05,4,0.25,,,R40,R40_454.mid,d848f11068ba98d752767ac7826bc58b93c22e9b031ee710f0fae41eccde2eec,12,3.9187499999999997,1,0,1,0,0,0.0,4.989375,late,0,-1,,0,1,late,0,-1,,0,1,success,1,0,1.0706249999999753,0,0
window_4,window,adaptive,0.08,0.15,,0.05,4,0.25,,,P001,P001_pop909_clear_motif_melody_298_bridge.mid,8b00372060ba7b623d803e3af7e70f5ef60b65f66816ad377f725005f4c84fa9,10,4.948456,1,0,1,1,0,0.0,4.202270,premature,0,-1,,1,1,premature,0,-1,,1,1,premature,0,-1,,1,1
window_4,window,adaptive,0.08,0.15,,0.05,4,0.25,,,P002,P002_pop909_clear_motif_melody_248_bridge.mid,ccb942640a73e3e0122c796c0971c8f675a924861614fa62562f002ab9ef196d,10,3.478248,1,0,1,0,0,0.0,3.845315,success,1,0,0.3670668562499828,0,0,success,1,0,0.3670668562499828,0,0,success,1,0,0.3670668562499828,0,0
window_4,window,adaptive,0.08,0.15,,0.05,4,0.25,,,P003,P003_pop909_clear_motif_melody_339_melody.mid,628d1079f63c4bf7a08c4ee78f0765919be119f7b82f8dc3ffde83afbb2238ec,10,6.3124899,1,0,1,1,0,0.0,4.915481,premature,0,-1,,1,1,premature,0,-1,,1,1,premature,0,-1,,1,1
window_4,window,adaptive,0.08,0.15,,0.05,4,0.25,,,P004,P004_pop909_clear_motif_melody_268_melody.mid,e1ad81a5ae674340b836f4d87a0f82f0920845ccc4214feb28ccf9b9603f0948,10,8.0,1,0,1,0,0,0.0,8.237500,success,1,0,0.2375000000000238,0,0,success,1,0,0.2375000000000238,0,0,success,1,0,0.2375000000000238,0,0
window_4,window,adaptive,0.08,0.15,,0.05,4,0.25,,,P005,P005_pop909_clear_motif_melody_021_melody.mid,a1fe99526a41a4b56b5a507d209dd13d4105ef53e85d25dd53ce7e9ee5915ff3,10,4.13157275,2,1,1,0,0,0.5,4.723503,late,0,-1,,0,1,success,1,0,0.5919303541666467,0,0,success,1,0,0.5919303541666467,0,0
window_4,window,adaptive,0.08,0.15,,0.05,4,0.25,,,P006,P006_pop909_clear_motif_melody_220_melody.mid,81d85ebdbdb62cf3dd0eb82602b7fe26907e395242e71f5bb78ef112438b09cc,10,3.870936,2,1,1,0,0,0.5,5.190615,late,0,-1,,0,1,late,0,-1,,0,1,success,1,0,1.3196787749999683,0,0
window_4,window,adaptive,0.08,0.15,,0.05,4,0.25,,,P007,P007_pop909_clear_motif_melody_273_melody.mid,b6f10983b8aa291a839fc6e5232bc1920fa3b1e354e6e03e788a7a6b17af9d59,10,6.48648,1,0,1,1,0,0.0,5.167293,premature,0,-1,,1,1,premature,0,-1,,1,1,premature,0,-1,,1,1
window_4,window,adaptive,0.08,0.15,,0.05,4,0.25,,,P008,P008_pop909_clear_motif_melody_713_melody.mid,cc0088d140a0c7f748d7a717a6f796eed7338f6a4d8889e8e2eebd7fab8f8f51,10,5.454544,1,0,1,1,0,0.0,3.470284,premature,0,-1,,1,1,premature,0,-1,,1,1,premature,0,-1,,1,1
window_4,window,adaptive,0.08,0.15,,0.05,4,0.25,,,P009,P009_pop909_clear_motif_melody_328_melody.mid,e8885a270c794ef4d50b9e6e050e3a0d3d8301d178169d86d88126123dbf06e2,10,5.333328,1,0,1,1,0,0.0,2.229999,premature,0,-1,,1,1,premature,0,-1,,1,1,premature,0,-1,,1,1
window_4,window,adaptive,0.08,0.15,,0.05,4,0.25,,,P010,P010_pop909_clear_motif_melody_407_melody.mid,42e7658af7a87529d58b908a6d60cc195eeb297cdd129a98e1cb2649ce5aecce,10,6.15,1,0,1,1,0,0.0,5.385000,premature,0,-1,,1,1,premature,0,-1,,1,1,premature,0,-1,,1,1
window_4,window,adaptive,0.08,0.15,,0.05,4,0.25,,,P011,P011_pop909_clear_motif_melody_119_melody.mid,896c48c32a15cf85bd286aa4436d0a697c9a91692eb0fb128687d212976619d5,10,7.272728,1,0,1,1,0,0.0,2.383182,premature,0,-1,,1,1,premature,0,-1,,1,1,premature,0,-1,,1,1
window_4,window,adaptive,0.08,0.15,,0.05,4,0.25,,,P012,P012_pop909_clear_motif_melody_188_melody.mid,54bf4eb2f8bff2ccd5d214afc84523384678bdefdf3145e821781182c58bc003,10,4.363632000000001,1,0,1,1,0,0.0,1.535227,premature,0,-1,,1,1,premature,0,-1,,1,1,premature,0,-1,,1,1
window_4,window,adaptive,0.08,0.15,,0.05,4,0.25,,,P013,P013_pop909_expressive_rubato_203_bridge.mid,d94792fd3118efad79013d413549904951e6acf204434771004ef7b6bac68e4a,9,3.000000000000001,1,0,1,1,0,0.0,1.478958,premature,0,-1,,1,1,premature,0,-1,,1,1,premature,0,-1,,1,1
window_4,window,adaptive,0.08,0.15,,0.05,4,0.25,,,P014,P014_pop909_expressive_rubato_203_bridge.mid,d78dea53ea8b5558568755412ec7c72b704ce448c1990fbb631bad2aba3c7411,9,3.0,1,0,1,0,1,0.0,5.228958,late,0,-1,,0,1,late,0,-1,,0,1,late,0,-1,,0,1
window_4,window,adaptive,0.08,0.15,,0.05,4,0.25,,,P015,P015_pop909_expressive_rubato_263_bridge.mid,fdbb28e369fed211abc0a0b53b2006a331c357c454f4284639fd36961d3aac40,16,5.333328000000002,2,1,1,0,1,0.5,7.645550,late,0,-1,,0,1,late,0,-1,,0,1,late,0,-1,,0,1
window_4,window,adaptive,0.08,0.15,,0.05,4,0.25,,,P016,P016_pop909_expressive_rubato_617_bridge.mid,37d4c7b2c4a5856f926b9e67a662ac676aa83beca73c7dfc2dd6c188e52a38a4,4,1.3348119999999997,1,0,1,0,0,0.0,3.228689,late,0,-1,,0,1,late,0,-1,,0,1,success,1,0,1.893876566666626,0,0
window_4,window,adaptive,0.08,0.15,,0.05,4,0.25,,,P017,P017_pop909_expressive_rubato_178_bridge.mid,cfbf91b1d04e90e9d2e6b6f7ddd9fc480393f1166fde55646495523c989f5d8e,20,6.760552000000001,1,0,1,1,0,0.0,4.789993,premature,0,-1,,1,1,premature,0,-1,,1,1,premature,0,-1,,1,1
window_4,window,adaptive,0.08,0.15,,0.05,4,0.25,,,P018,P018_pop909_expressive_rubato_191_bridge.mid,b6e56889014ca3786b340c447e92d66f50ed149b21600186179487f5799f9b73,22,7.272727999999999,1,0,1,1,0,0.0,2.998712,premature,0,-1,,1,1,premature,0,-1,,1,1,premature,0,-1,,1,1
window_4,window,adaptive,0.08,0.15,,0.05,4,0.25,,,P019,P019_pop909_expressive_rubato_178_bridge.mid,51d4e82b5c0b217263d7a849828b0f05a8411876b0a87f85f4c175bf27767739,20,6.760551999999999,1,0,1,1,0,0.0,1.409717,premature,0,-1,,1,1,premature,0,-1,,1,1,premature,0,-1,,1,1
window_4,window,adaptive,0.08,0.15,,0.05,4,0.25,,,P020,P020_pop909_expressive_rubato_212_bridge.mid,6f5eee7b1684521d31dac9b4e36649e423a8ce813df0a5f142967525e2bf2e17,17,5.783128,1,0,1,1,0,0.0,3.813793,premature,0,-1,,1,1,premature,0,-1,,1,1,premature,0,-1,,1,1
window_4,window,adaptive,0.08,0.15,,0.05,4,0.25,,,P021,P021_pop909_chord_arpeggio_polyphonic_227_piano.mid,41b21fee0bca14bd00917fcf3d879b2fcebb9856fef2228a36e0b912e58444c9,18,7.1641759999999985,1,0,1,0,0,0.0,8.476340,late,0,-1,,0,1,late,0,-1,,0,1,success,1,0,1.3121642583333868,0,0
window_4,window,adaptive,0.08,0.15,,0.05,4,0.25,,,P022,P022_pop909_chord_arpeggio_polyphonic_003_piano.mid,ea9963c2ef0400f7458ed0b378c21cc36273462aabccb9685efcd21625bbdcfd,19,2.9268239999999985,1,0,1,0,0,0.0,3.836763,late,0,-1,,0,1,success,1,0,0.9099393124999775,0,0,success,1,0,0.9099393124999775,0,0
window_4,window,adaptive,0.08,0.15,,0.05,4,0.25,,,P023,P023_pop909_chord_arpeggio_polyphonic_222_piano.mid,bddeab49734bbbb17982dc09bdfaac6a8c2e1a112b7fd3464c5e7c9deadcfc94,19,6.1538400000000015,1,0,1,0,0,0.0,7.130507,late,0,-1,,0,1,success,1,0,0.9766669999999724,0,0,success,1,0,0.9766669999999724,0,0
window_4,window,adaptive,0.08,0.15,,0.05,4,0.25,,,P024,P024_pop909_chord_arpeggio_polyphonic_287_piano.mid,ec7a6fe844d8678913cee3e05d68bc85d02d45d316e498dcfe79e58c814953c2,26,6.9347729000000005,1,0,1,0,1,0.0,9.017672,late,0,-1,,0,1,late,0,-1,,0,1,late,0,-1,,0,1
window_4,window,adaptive,0.08,0.15,,0.05,4,0.25,,,P025,P025_pop909_chord_arpeggio_polyphonic_566_piano.mid,52dae62297b7cdeff27e0bea0925c8bebbbb999e9935efba566c8ffc51c206e8,22,5.783128,1,0,1,0,0,0.0,6.842405,late,0,-1,,0,1,late,0,-1,,0,1,success,1,0,1.0592772499999734,0,0
window_4,window,adaptive,0.08,0.15,,0.05,4,0.25,,,P026,P026_pop909_chord_arpeggio_polyphonic_106_piano.mid,5a21694b1c7abc6be7e5c6ee6dd6611dbca54dacb44c602d9f7dc226f5eaad89,28,7.1641759999999985,1,0,1,0,0,0.0,8.087907,late,0,-1,,0,1,success,1,0,0.9237313958333262,0,0,success,1,0,0.9237313958333262,0,0
window_4,window,adaptive,0.08,0.15,,0.05,4,0.25,,,P027,P027_pop909_chord_arpeggio_polyphonic_218_piano.mid,3d2716434e914a4c1b7b0fee64a762d631c9eb844e328c4f880eb95f36c370a6,32,7.0588159999999975,1,0,1,0,0,0.0,7.992198,late,0,-1,,0,1,success,1,0,0.9333824666666448,0,0,success,1,0,0.9333824666666448,0,0
window_4,window,adaptive,0.08,0.15,,0.05,4,0.25,,,P028,P028_pop909_chord_arpeggio_polyphonic_242_piano.mid,cd5c6e16ed3247ea34a6331d4c2e4dd980c5793b2def6bf2d11ae3b4d6d7560e,27,7.868856,1,0,1,0,0,0.0,9.336069,late,0,-1,,0,1,late,0,-1,,0,1,success,1,0,1.4672130437502036,0,0
window_4,window,adaptive,0.08,0.15,,0.05,4,0.25,,,P029,P029_pop909_sparse_short_062_melody.mid,de331be603af62c8ecaeb6b4de4413d0dfe0f3c4a24efa36a90905ae0bb82a26,3,3.24324,1,0,1,0,0,0.0,4.500268,late,0,-1,,0,1,late,0,-1,,0,1,success,1,0,1.257027749999958,0,0
window_4,window,adaptive,0.08,0.15,,0.05,4,0.25,,,P030,P030_pop909_sparse_short_062_melody.mid,f2c561cfdf3ae696074a8292cfd9b6e91d18a740bb99c9c5ad4661e2b5225717,3,2.12837625,1,0,1,1,0,0.0,1.258243,premature,0,-1,,1,1,premature,0,-1,,1,1,premature,0,-1,,1,1
window_4,window,adaptive,0.08,0.15,,0.05,4,0.25,,,P031,P031_pop909_sparse_short_062_melody.mid,113bb580ca65ca779549df831e3b90b62932fe9eb9935891172b6636ee9e6079,3,3.24324,1,0,1,0,0,0.0,4.500268,late,0,-1,,0,1,late,0,-1,,0,1,success,1,0,1.257027749999958,0,0
window_4,window,adaptive,0.08,0.15,,0.05,4,0.25,,,P032,P032_pop909_sparse_short_062_melody.mid,2638d2ec8832338b8f57a7147f9874c863c36279707599ffbd8782269c399746,3,3.24324,1,0,1,0,0,0.0,4.500268,late,0,-1,,0,1,late,0,-1,,0,1,success,1,0,1.257027749999958,0,0
window_4,window,adaptive,0.08,0.15,,0.05,4,0.25,,,P033,P033_pop909_sparse_short_062_melody.mid,dcf51fe0bedf2f9e1acede760976dcde4a78650e163ec3c6ce86d970b4cc65c3,3,3.24324,1,0,1,0,0,0.0,4.500268,late,0,-1,,0,1,late,0,-1,,0,1,success,1,0,1.257027749999958,0,0
window_4,window,adaptive,0.08,0.15,,0.05,4,0.25,,,P034,P034_pop909_dense_fast_095_bridge.mid,1eec4634489ebc2145d5d07f86a58778c994982c97d2dd5704238989cafe8164,49,1.7610275333333312,1,0,1,0,0,0.0,2.175807,success,1,0,0.4147794333333241,0,0,success,1,0,0.4147794333333241,0,0,success,1,0,0.4147794333333241,0,0
window_4,window,adaptive,0.08,0.15,,0.05,4,0.25,,,P035,P035_pop909_dense_fast_351_bridge.mid,cce631ae36062ea5c6c5856ce61c72dee517b0d26fc59e569c45986becb91fa5,28,1.0351939999999993,1,0,1,0,0,0.0,1.402946,success,1,0,0.36775208541665805,0,0,success,1,0,0.36775208541665805,0,0,success,1,0,0.36775208541665805,0,0
window_4,window,adaptive,0.08,0.15,,0.05,4,0.25,,,P036,P036_pop909_dense_fast_095_bridge.mid,8d7b860e3c98cfc78be2b1d435ac9d52da48b3df427707b2c9dc6e28266f4b58,38,1.6801452666666645,1,0,1,0,0,0.0,2.082572,success,1,0,0.40242649999999114,0,0,success,1,0,0.40242649999999114,0,0,success,1,0,0.40242649999999114,0,0
window_4,window,adaptive,0.08,0.15,,0.05,4,0.25,,,P037,P037_pop909_dense_fast_095_bridge.mid,14ee870cca3317109b67f85cc0241e6678d38b8efed31130577d8d722e145a58,30,0.7977932666666666,1,0,1,0,0,0.0,1.195220,success,1,0,0.397426499999996,0,0,success,1,0,0.397426499999996,0,0,success,1,0,0.397426499999996,0,0
window_4,window,adaptive,0.08,0.15,,0.05,4,0.25,,,P038,P038_pop909_dense_fast_727_bridge.mid,4cec022a9c9e7dd2ec868ae3124b7089c195126defe23b8a3d440d2c7bbaf873,45,1.2854942770833329,1,0,1,0,0,0.0,1.698828,success,1,0,0.41333331874999035,0,0,success,1,0,0.41333331874999035,0,0,success,1,0,0.41333331874999035,0,0
window_4,window,adaptive,0.08,0.15,,0.05,4,0.25,,,P039,P039_pop909_chromatic_outside_789_piano.mid,89dc01789fe23c4372b236cc806e6567b05346295e667c74639aa4642a3e304b,16,7.272728,1,0,1,0,0,0.0,8.012879,late,0,-1,,0,1,success,1,0,0.7401513916666262,0,0,success,1,0,0.7401513916666262,0,0
window_4,window,adaptive,0.08,0.15,,0.05,4,0.25,,,P040,P040_pop909_chromatic_outside_064_piano.mid,76f70f424a678deaed9e02ef3b85db1c47a828b39689b0fb75fd6c5cd5f84a3f,23,7.562499999999999,1,0,1,0,0,0.0,7.688333,success,1,0,0.12583333333331392,0,0,success,1,0,0.12583333333331392,0,0,success,1,0,0.12583333333331392,0,0
window_4,window,adaptive,0.08,0.15,,0.05,4,0.25,,,P041,P041_pop909_chromatic_outside_796_piano.mid,5313ed35276167210c99ca9b0d50773ad1c5a71997072b20b1653efba88eb36f,20,6.486488,1,0,1,0,0,0.0,7.736556,late,0,-1,,0,1,late,0,-1,,0,1,success,1,0,1.2500675395833039,0,0
window_4,window,adaptive,0.08,0.15,,0.05,4,0.25,,,P042,P042_pop909_chromatic_outside_254_piano.mid,dfb97d893bd303a0043e98fe7c14dc376233ce114864c10be992cad37ef88538,24,3.3027539999999993,1,0,1,0,0,0.0,4.001791,late,0,-1,,0,1,success,1,0,0.6990365520833128,0,0,success,1,0,0.6990365520833128,0,0
window_4,window,adaptive,0.08,0.15,,0.05,4,0.25,,,P043,P043_pop909_chromatic_outside_311_bridge.mid,8bb993a52d683a9b093e77f22d9fa6d3df633472edafb5a0056e4e19b5852902,14,7.5,1,0,1,1,0,0.0,2.180937,premature,0,-1,,1,1,premature,0,-1,,1,1,premature,0,-1,,1,1
window_4,window,adaptive,0.08,0.15,,0.05,4,0.25,,,P044,P044_pop909_false_ending_pause_322_bridge.mid,92fa6bc714e6881f40bd275254b082416486b9d155453539c6e2e9cce641a65c,7,4.633333333333333,1,0,1,0,0,0.0,4.932500,success,1,0,0.29916666666662817,0,0,success,1,0,0.29916666666662817,0,0,success,1,0,0.29916666666662817,0,0
window_4,window,adaptive,0.08,0.15,,0.05,4,0.25,,,P045,P045_pop909_false_ending_pause_008_bridge.mid,28ee69826748317d665163811014939ed01825addd8f2c9505d27364a6b4adc8,7,4.876923483333333,1,0,1,1,0,0.0,2.264615,premature,0,-1,,1,1,premature,0,-1,,1,1,premature,0,-1,,1,1
window_4,window,adaptive,0.08,0.15,,0.05,4,0.25,,,P046,P046_pop909_false_ending_pause_253_bridge.mid,0e6ab6a38b763c541fa954510aaf319efab974b676865fe44aaa2c2338435f50,7,5.9943121875,1,0,1,1,0,0.0,2.400226,premature,0,-1,,1,1,premature,0,-1,,1,1,premature,0,-1,,1,1
window_4,window,adaptive,0.08,0.15,,0.05,4,0.25,,,P047,P047_pop909_false_ending_pause_396_melody.mid,45f3dedbc0915a84ff315fcf7040e15383bbafbc739845cd8f4e4db11fbe1207,7,3.8673180812499997,1,0,1,1,0,0.0,3.207681,premature,0,-1,,1,1,premature,0,-1,,1,1,premature,0,-1,,1,1
window_4,window,adaptive,0.08,0.15,,0.05,4,0.25,,,P048,P048_pop909_repetition_tail_234_bridge.mid,8edaf0b3c05cb78569d9801754c34b780426e21b3654154ff150d50ac4c12b59,8,4.000000000000001,1,0,1,1,0,0.0,2.761250,premature,0,-1,,1,1,premature,0,-1,,1,1,premature,0,-1,,1,1
window_4,window,adaptive,0.08,0.15,,0.05,4,0.25,,,P049,P049_pop909_repetition_tail_282_bridge.mid,b5bf7675db361f16e2641027f14dbd38a665a77edf6ca030a9254be54ddab400,8,5.691775224999999,1,0,1,0,0,0.0,7.156159,late,0,-1,,0,1,late,0,-1,,0,1,success,1,0,1.4643838916666283,0,0
window_4,window,adaptive,0.08,0.15,,0.05,4,0.25,,,P050,P050_pop909_repetition_tail_340_bridge.mid,92dfb3e992339ebac2e7204e10ece5a799d2ae91faeb4c2a0ff6f5611e0bfbac,8,5.245888,1,0,1,1,0,0.0,3.827151,premature,0,-1,,1,1,premature,0,-1,,1,1,premature,0,-1,,1,1
window_12,window,adaptive,0.08,0.15,,0.05,12,0.25,,,A01,A01_c_pentatonic_balanced.mid,e7a1620ba70d4372e998376d91e2f55590448a9cf5878e969a0f70d410659845,14,4.8,1,0,1,0,0,0.0,5.530000,late,0,-1,,0,1,success,1,0,0.7299999999999747,0,0,success,1,0,0.7299999999999747,0,0
window_12,window,adaptive,0.08,0.15,,0.05,12,0.25,,,A02,A02_a_minor_pentatonic_question.mid,5166d8996017b0341f9265fc4539b25d09211f1cc291b1e25a4623e68b1bbc0e,12,5.054348499999999,1,0,1,0,0,0.0,5.757174,late,0,-1,,0,1,success,1,0,0.7028259999999715,0,0,success,1,0,0.7028259999999715,0,0
window_12,window,adaptive,0.08,0.15,,0.05,12,0.25,,,A03,A03_a_blues_tension.mid,1c61cef65142077e0ea54a46832f15bf535a35b23c920ee8e40193b877467fd4,13,4.166669999999999,1,0,1,0,0,0.0,4.676114,late,0,-1,,0,1,success,1,0,0.509443999999978,0,0,success,1,0,0.509443999999978,0,0
window_12,window,adaptive,0.08,0.15,,0.05,12,0.25,,,A04,A04_classical_antecedent.mid,3b1b42414601831b09678bb49b714e6512be53f451a517170b48c6c3addb07f1,10,4.6499999999999995,1,0,1,0,0,0.0,5.555000,late,0,-1,,0,1,success,1,0,0.9049999999999683,0,0,success,1,0,0.9049999999999683,0,0
window_12,window,adaptive,0.08,0.15,,0.05,12,0.25,,,A05,A05_repetition_tail.mid,c615435e6cf9b0af8c8e4a2d9b7f28ccef90f4cc20ddffc10e23c15ec2296b28,12,4.182691749999999,2,1,1,0,0,0.5,4.745769,late,0,-1,,0,1,success,1,0,0.5630769999999758,0,0,success,1,0,0.5630769999999758,0,0
window_12,window,adaptive,0.08,0.15,,0.05,12,0.25,,,A06,A06_syncopated_pop.mid,25a2a2e4aea59cacc8434b36ae5173bd34aaa66ee7eec8c2e460f3f72addaf0e,12,4.3867945,1,0,1,0,0,0.0,5.378775,late,0,-1,,0,1,success,1,0,0.9919809999999725,0,0,success,1,0,0.9919809999999725,0,0
window_12,window,adaptive,0.08,0.15,,0.05,12,0.25,,,A07,A07_sparse_long_tones.mid,fb6faee9d721a971b5d6388dc979e5a15c26d45366bfef7ade9a8f82eec3358d,6,5.454543999999999,1,0,1,0,1,0.0,7.787726,late,0,-1,,0,1,late,0,-1,,0,1,late,0,-1,,0,1
window_12,window,adaptive,0.08,0.15,,0.05,12,0.25,,,A08,A08_dense_eighth_motion.mid,48faeb92585381b6928f2dc31a3119ec234d815efc25ec9d1ba67538fc3f6b41,16,4.285712000000002,1,0,1,0,0,0.0,4.977855,late,0,-1,,0,1,success,1,0,0.6921429999999793,0,0,success,1,0,0.6921429999999793,0,0
window_12,window,adaptive,0.08,0.15,,0.05,12,0.25,,,A09,A09_arched_contour.mid,91acd677fdf9a30e64f3584796b5fc38d648b1ddf3785f4d6a6445102c15ee7c,11,4.6875,1,0,1,0,0,0.0,5.437500,late,0,-1,,0,1,success,1,0,0.7499999999999707,0,0,success,1,0,0.7499999999999707,0,0
window_12,window,adaptive,0.08,0.15,,0.05,12,0.25,,,A10,A10_leap_gap_fill.mid,6639c3bceab3644ea59e759d1e92e76bcc9a082b5edaea30893d44682f7f3a97,13,4.6499999999999995,1,0,1,0,0,0.0,5.420000,late,0,-1,,0,1,success,1,0,0.7699999999999738,0,0,success,1,0,0.7699999999999738,0,0
window_12,window,adaptive,0.08,0.15,,0.05,12,0.25,,,R01,R01_390-v1.mid,e44793c8c043f7c92184c6189f5e7b1af47c202aaa6df435a76a4d26268313aa,13,4.0,1,0,1,1,0,0.0,2.044583,premature,0,-1,,1,1,premature,0,-1,,1,1,premature,0,-1,,1,1
window_12,window,adaptive,0.08,0.15,,0.05,12,0.25,,,R02,R02_667-v3.mid,af3cbab9e93480a553c9a217fc1abefdf3db788d071132050fca4cbfe862cdaa,8,4.0,1,0,1,0,0,0.0,4.377083,success,1,0,0.37708333333330746,0,0,success,1,0,0.37708333333330746,0,0,success,1,0,0.37708333333330746,0,0
window_12,window,adaptive,0.08,0.15,,0.05,12,0.25,,,R03,R03_174-v2.mid,88f11f634584a21ce30b0dc39c608cde9da43c7936400bba985f8702ecf9e962,12,3.9999999999999996,1,0,1,1,0,0.0,2.002917,premature,0,-1,,1,1,premature,0,-1,,1,1,premature,0,-1,,1,1
window_12,window,adaptive,0.08,0.15,,0.05,12,0.25,,,R04,R04_339-v2.mid,828aff4f088b889d0715fee3e65e9243f89520710a795fa7e4b585407a7da650,9,3.817708333333333,1,0,1,0,0,0.0,4.607292,late,0,-1,,0,1,success,1,0,0.7895833333333124,0,0,success,1,0,0.7895833333333124,0,0
window_12,window,adaptive,0.08,0.15,,0.05,12,0.25,,,R05,R05_581.mid,766b0c79d6f6905d1c32f244469b14bf48cb861e79ceede6ac2ee1929437dcf4,13,4.0,1,0,1,0,0,0.0,4.916875,late,0,-1,,0,1,success,1,0,0.9168749999999779,0,0,success,1,0,0.9168749999999779,0,0
window_12,window,adaptive,0.08,0.15,,0.05,12,0.25,,,R06,R06_132-v2.mid,e1ccff44d4528b8e4af0e40bdc4699a89e46169a5a6c766acc8ac50740c17bc4,15,4.0,1,0,1,0,0,0.0,4.919792,late,0,-1,,0,1,success,1,0,0.9197916666666464,0,0,success,1,0,0.9197916666666464,0,0
window_12,window,adaptive,0.08,0.15,,0.05,12,0.25,,,R07,R07_664-v2.mid,d84d97d7bfa78ff716110978692047e182ce9f01efee7a44f583544e113fed69,11,4.0,1,0,1,1,0,0.0,2.920625,premature,0,-1,,1,1,premature,0,-1,,1,1,premature,0,-1,,1,1
window_12,window,adaptive,0.08,0.15,,0.05,12,0.25,,,R08,R08_266-v1.mid,a60f28e61f3323d5039cd94cdaea65c36ca0311962a73686837cf9dfdde0799d,8,4.0,1,0,1,0,0,0.0,4.440000,success,1,0,0.4399999999999702,0,0,success,1,0,0.4399999999999702,0,0,success,1,0,0.4399999999999702,0,0
window_12,window,adaptive,0.08,0.15,,0.05,12,0.25,,,R09,R09_433.mid,e1f859f9f55ce2a1718a88f1ce5f88ffffd035cd2ac61aeba9f71e42eb3d1658,23,4.000000000000001,1,0,1,0,0,0.0,4.637708,late,0,-1,,0,1,success,1,0,0.6377083333333191,0,0,success,1,0,0.6377083333333191,0,0
window_12,window,adaptive,0.08,0.15,,0.05,12,0.25,,,R10,R10_039-v2.mid,25635c75dc841999c02ffb9b7d67ef21f421bef585b28e0635701689b574a8f6,11,4.000000000000001,1,0,1,1,0,0.0,3.555833,premature,0,-1,,1,1,premature,0,-1,,1,1,premature,0,-1,,1,1
window_12,window,adaptive,0.08,0.15,,0.05,12,0.25,,,R11,R11_538.mid,676637ee06573aad6e8ea80367346578ac11b8ed36c9f8ce5702eda3643830ab,20,3.921875,1,0,1,0,0,0.0,4.345833,success,1,0,0.4239583333333208,0,0,success,1,0,0.4239583333333208,0,0,success,1,0,0.4239583333333208,0,0
window_12,window,adaptive,0.08,0.15,,0.05,12,0.25,,,R12,R12_457.mid,151dd04bd54d11512876bab817410ae94fb81547894ff0a3b96401968101f6df,13,4.0,1,0,1,1,0,0.0,2.301250,premature,0,-1,,1,1,premature,0,-1,,1,1,premature,0,-1,,1,1
window_12,window,adaptive,0.08,0.15,,0.05,12,0.25,,,R13,R13_353-v1.mid,ef59a3cdc969d70fd54c9cd52a37e30deb9772958305ace368edde9ea5afc7c3,11,4.0,1,0,1,1,0,0.0,1.859167,premature,0,-1,,1,1,premature,0,-1,,1,1,premature,0,-1,,1,1
window_12,window,adaptive,0.08,0.15,,0.05,12,0.25,,,R14,R14_073.mid,6014529ddd8b96a82fd599bf2e0268f5da21dad2080ba59e69de225512a58ee3,12,3.939583333333333,1,0,1,0,0,0.0,4.792708,late,0,-1,,0,1,success,1,0,0.853124999999979,0,0,success,1,0,0.853124999999979,0,0
window_12,window,adaptive,0.08,0.15,,0.05,12,0.25,,,R15,R15_156-v2.mid,d6ae647242ceff286d61867ebb06ee767c382eed20c618f7988a94d4733b7d8d,9,4.0,1,0,1,1,0,0.0,3.896875,premature,0,-1,,1,1,premature,0,-1,,1,1,premature,0,-1,,1,1
window_12,window,adaptive,0.08,0.15,,0.05,12,0.25,,,R16,R16_249.mid,32c21206c709d04269f4de5a9705ca310189a55c657a53ea8612ed3c5ac480dd,8,4.0,1,0,1,0,0,0.0,5.295625,late,0,-1,,0,1,late,0,-1,,0,1,success,1,0,1.2956249999999647,0,0
window_12,window,adaptive,0.08,0.15,,0.05,12,0.25,,,R17,R17_319.mid,7b40b95a494f202130093514531c7232c45d539c2a7ebafe5dee64fac4bc0e7e,18,4.0,1,0,1,0,0,0.0,4.600208,late,0,-1,,0,1,success,1,0,0.6002083333333195,0,0,success,1,0,0.6002083333333195,0,0
window_12,window,adaptive,0.08,0.15,,0.05,12,0.25,,,R18,R18_249.mid,0dc5853f595ca79ae339d76ccf661f166c739dba3b0cb0d66eeb860ef17dd7c0,9,4.0,1,0,1,0,0,0.0,4.420625,success,1,0,0.4206249999999727,0,0,success,1,0,0.4206249999999727,0,0,success,1,0,0.4206249999999727,0,0
window_12,window,adaptive,0.08,0.15,,0.05,12,0.25,,,R19,R19_733.mid,73dc520e4f2e19e784486fb5160d0686a1f7d90b81c9bb57b8e6478f3b2032fe,10,4.0,1,0,1,1,0,0.0,1.744583,premature,0,-1,,1,1,premature,0,-1,,1,1,premature,0,-1,,1,1
window_12,window,adaptive,0.08,0.15,,0.05,12,0.25,,,R20,R20_660.mid,a3a01235dabd1fd09f3b7047e7b59bee8af87f41bc4456aa3e261bc412d6998a,8,3.983333333333334,1,0,1,0,0,0.0,5.447708,late,0,-1,,0,1,late,0,-1,,0,1,success,1,0,1.4643749999999653,0,0
window_12,window,adaptive,0.08,0.15,,0.05,12,0.25,,,R21,R21_756-v2.mid,7b479a282dd8ac5742239c1fda08a8a89a1834843d91b2b219beaa12a020ebdc,8,4.0,1,0,1,0,0,0.0,5.600625,late,0,-1,,0,1,late,0,-1,,0,1,success,1,0,1.6006249999999627,0,0
window_12,window,adaptive,0.08,0.15,,0.05,12,0.25,,,R22,R22_156.mid,530aaba96af00f7031edd5c0b26b6a257808c3f3d7df6c3d36f325fc29229487,10,4.0,1,0,1,1,0,0.0,3.766875,premature,0,-1,,1,1,premature,0,-1,,1,1,premature,0,-1,,1,1
window_12,window,adaptive,0.08,0.15,,0.05,12,0.25,,,R23,R23_645.mid,4089adb020ffa2aa242ec57c10ef8efd9ad726c8c6bf22e335e91d65a5783ac4,12,3.9999999999999996,1,0,1,1,0,0.0,3.348958,premature,0,-1,,1,1,premature,0,-1,,1,1,premature,0,-1,,1,1
window_12,window,adaptive,0.08,0.15,,0.05,12,0.25,,,R24,R24_242-v2.mid,5a18cae5a6fd996e3688bb05a6723665c26e561d21b88c112d65d4a6bdb51fca,15,4.000000000000001,2,1,1,1,0,0.5,3.266458,premature,0,-1,,1,1,premature,0,-1,,1,1,premature,0,-1,,1,1
window_12,window,adaptive,0.08,0.15,,0.05,12,0.25,,,R25,R25_618-v1.mid,56ff3fa00dc9e75c7913306f4a8cede335d24189bb8e26cfce827120f12743c7,10,4.0,1,0,1,1,0,0.0,3.186250,premature,0,-1,,1,1,premature,0,-1,,1,1,premature,0,-1,,1,1
window_12,window,adaptive,0.08,0.15,,0.05,12,0.25,,,R26,R26_560-v1.mid,f0d0a16aff422f9a5877f2944cdd0b959b4801aa449310959626fa7dbd7a6edb,15,3.951041666666667,2,1,1,0,0,0.5,4.797917,late,0,-1,,0,1,success,1,0,0.8468749999999794,0,0,success,1,0,0.8468749999999794,0,0
window_12,window,adaptive,0.08,0.15,,0.05,12,0.25,,,R27,R27_735.mid,c6fabc901af844a2236d5a2956bd48e11d7952607af238e872c0dc7f65dbaa6f,16,4.0,1,0,1,0,0,0.0,4.845625,late,0,-1,,0,1,success,1,0,0.8456249999999805,0,0,success,1,0,0.8456249999999805,0,0
window_12,window,adaptive,0.08,0.15,,0.05,12,0.25,,,R28,R28_804-v3.mid,f2326f94ae3ec36fd956ed7a74f507c37dfaeae99fddbfc7f2cbf87414f92030,11,3.9802083333333336,1,0,1,1,0,0.0,2.786250,premature,0,-1,,1,1,premature,0,-1,,1,1,premature,0,-1,,1,1
window_12,window,adaptive,0.08,0.15,,0.05,12,0.25,,,R29,R29_846-v2.mid,b750d5ab04a7fcc02298fea281e624dbc92dd1640a17037e580bb5b845ab517b,12,4.0,2,1,1,0,0,0.5,4.722917,late,0,-1,,0,1,success,1,0,0.722916666666646,0,0,success,1,0,0.722916666666646,0,0
window_12,window,adaptive,0.08,0.15,,0.05,12,0.25,,,R30,R30_002-v2.mid,3b8c10e5c6886af05080687f0bc745791d33e73b2cec916337c1799e43024254,19,4.0,1,0,1,0,0,0.0,4.752917,late,0,-1,,0,1,success,1,0,0.7529166666666498,0,0,success,1,0,0.7529166666666498,0,0
window_12,window,adaptive,0.08,0.15,,0.05,12,0.25,,,R31,R31_069-v5.mid,ad5859e7014674fc2b088288d32445f60e2790c868a97bae22f5c6c6f7a9c906,10,4.0,1,0,1,0,0,0.0,4.629583,late,0,-1,,0,1,success,1,0,0.629583333333307,0,0,success,1,0,0.629583333333307,0,0
window_12,window,adaptive,0.08,0.15,,0.05,12,0.25,,,R32,R32_290-v2.mid,b6d63759467030d9561098d602d2077dba3fd2e6533d64bc6401940ec9398bd7,11,4.0,1,0,1,1,0,0.0,0.866667,premature,0,-1,,1,1,premature,0,-1,,1,1,premature,0,-1,,1,1
window_12,window,adaptive,0.08,0.15,,0.05,12,0.25,,,R33,R33_144-v1.mid,14914529875824c38e895baf4969bc1f01031d5a20038d87474333091ce8bf16,21,4.0,1,0,1,0,0,0.0,4.658542,late,0,-1,,0,1,success,1,0,0.658541666666653,0,0,success,1,0,0.658541666666653,0,0
window_12,window,adaptive,0.08,0.15,,0.05,12,0.25,,,R34,R34_680-v3.mid,193fa77f9af23482857e237a7f27c3f78c79243d9a1ffca85d491c191040a3d9,15,4.0,1,0,1,0,0,0.0,4.878750,late,0,-1,,0,1,success,1,0,0.8787499999999788,0,0,success,1,0,0.8787499999999788,0,0
window_12,window,adaptive,0.08,0.15,,0.05,12,0.25,,,R35,R35_436-v2.mid,0db58df01ff0e7ef7665b41a914d45f2c8da7ce346a391eafaadda58c2fbcbd1,8,3.9999999999999996,1,0,1,1,0,0.0,2.049792,premature,0,-1,,1,1,premature,0,-1,,1,1,premature,0,-1,,1,1
window_12,window,adaptive,0.08,0.15,,0.05,12,0.25,,,R36,R36_230.mid,292e936198ef29131aa14fa25acb693df0d1183ea1dde8ce70b941f2378a5b3c,11,4.0,1,0,1,1,0,0.0,2.227917,premature,0,-1,,1,1,premature,0,-1,,1,1,premature,0,-1,,1,1
window_12,window,adaptive,0.08,0.15,,0.05,12,0.25,,,R37,R37_667-v3.mid,3423caa4b45632a7f2c919a198ed678b6eb9786448d01e549dc32a5398afcf9f,7,4.0,1,0,1,0,0,0.0,5.932083,late,0,-1,,0,1,late,0,-1,,0,1,success,1,0,1.9320833333332903,0,0
window_12,window,adaptive,0.08,0.15,,0.05,12,0.25,,,R38,R38_136.mid,3abb38ce19d8de517c62b2014f88ea09cffbe9e6bf5ed9c01ed0c1155a8acbe5,14,4.0,2,1,1,0,0,0.5,4.965833,late,0,-1,,0,1,success,1,0,0.9658333333333111,0,0,success,1,0,0.9658333333333111,0,0
window_12,window,adaptive,0.08,0.15,,0.05,12,0.25,,,R39,R39_578-v3.mid,fceb1f97ce180f42e04547ff0aa0b9478cd06770ac604a3832d919926ad92aa7,16,4.0,1,0,1,0,0,0.0,4.698958,late,0,-1,,0,1,success,1,0,0.6989583333333185,0,0,success,1,0,0.6989583333333185,0,0
window_12,window,adaptive,0.08,0.15,,0.05,12,0.25,,,R40,R40_454.mid,d848f11068ba98d752767ac7826bc58b93c22e9b031ee710f0fae41eccde2eec,12,3.9187499999999997,1,0,1,0,0,0.0,4.879375,late,0,-1,,0,1,success,1,0,0.9606249999999776,0,0,success,1,0,0.9606249999999776,0,0
window_12,window,adaptive,0.08,0.15,,0.05,12,0.25,,,P001,P001_pop909_clear_motif_melody_298_bridge.mid,8b00372060ba7b623d803e3af7e70f5ef60b65f66816ad377f725005f4c84fa9,10,4.948456,2,1,1,0,0,0.5,6.263662,late,0,-1,,0,1,late,0,-1,,0,1,success,1,0,1.3152060479166323,0,0
window_12,window,adaptive,0.08,0.15,,0.05,12,0.25,,,P002,P002_pop909_clear_motif_melody_248_bridge.mid,ccb942640a73e3e0122c796c0971c8f675a924861614fa62562f002ab9ef196d,10,3.478248,1,0,1,0,0,0.0,4.135315,late,0,-1,,0,1,success,1,0,0.6570668562499771,0,0,success,1,0,0.6570668562499771,0,0
window_12,window,adaptive,0.08,0.15,,0.05,12,0.25,,,P003,P003_pop909_clear_motif_melody_339_melody.mid,628d1079f63c4bf7a08c4ee78f0765919be119f7b82f8dc3ffde83afbb2238ec,10,6.3124899,1,0,1,1,0,0.0,4.710481,premature,0,-1,,1,1,premature,0,-1,,1,1,premature,0,-1,,1,1
window_12,window,adaptive,0.08,0.15,,0.05,12,0.25,,,P004,P004_pop909_clear_motif_melody_268_melody.mid,e1ad81a5ae674340b836f4d87a0f82f0920845ccc4214feb28ccf9b9603f0948,10,8.0,1,0,1,0,0,0.0,9.822500,late,0,-1,,0,1,late,0,-1,,0,1,success,1,0,1.8225000000002716,0,0
window_12,window,adaptive,0.08,0.15,,0.05,12,0.25,,,P005,P005_pop909_clear_motif_melody_021_melody.mid,a1fe99526a41a4b56b5a507d209dd13d4105ef53e85d25dd53ce7e9ee5915ff3,10,4.13157275,2,1,1,0,0,0.5,5.163503,late,0,-1,,0,1,late,0,-1,,0,1,success,1,0,1.0319303541666374,0,0
window_12,window,adaptive,0.08,0.15,,0.05,12,0.25,,,P006,P006_pop909_clear_motif_melody_220_melody.mid,81d85ebdbdb62cf3dd0eb82602b7fe26907e395242e71f5bb78ef112438b09cc,10,3.870936,2,1,1,0,0,0.5,4.950615,late,0,-1,,0,1,late,0,-1,,0,1,success,1,0,1.0796787749999734,0,0
window_12,window,adaptive,0.08,0.15,,0.05,12,0.25,,,P007,P007_pop909_clear_motif_melody_273_melody.mid,b6f10983b8aa291a839fc6e5232bc1920fa3b1e354e6e03e788a7a6b17af9d59,10,6.48648,1,0,1,1,0,0.0,5.167293,premature,0,-1,,1,1,premature,0,-1,,1,1,premature,0,-1,,1,1
window_12,window,adaptive,0.08,0.15,,0.05,12,0.25,,,P008,P008_pop909_clear_motif_melody_713_melody.mid,cc0088d140a0c7f748d7a717a6f796eed7338f6a4d8889e8e2eebd7fab8f8f51,10,5.454544,1,0,1,1,0,0.0,3.470284,premature,0,-1,,1,1,premature,0,-1,,1,1,premature,0,-1,,1,1
window_12,window,adaptive,0.08,0.15,,0.05,12,0.25,,,P009,P009_pop909_clear_motif_melody_328_melody.mid,e8885a270c794ef4d50b9e6e050e3a0d3d8301d178169d86d88126123dbf06e2,10,5.333328,1,0,1,1,0,0.0,2.229999,premature,0,-1,,1,1,premature,0,-1,,1,1,premature,0,-1,,1,1
window_12,window,adaptive,0.08,0.15,,0.05,12,0.25,,,P010,P010_pop909_clear_motif_melody_407_melody.mid,42e7658af7a87529d58b908a6d60cc195eeb297cdd129a98e1cb2649ce5aecce,10,6.15,1,0,1,1,0,0.0,5.475000,premature,0,-1,,1,1,premature,0,-1,,1,1,premature,0,-1,,1,1
window_12,window,adaptive,0.08,0.15,,0.05,12,0.25,,,P011,P011_pop909_clear_motif_melody_119_melody.mid,896c48c32a15cf85bd286aa4436d0a697c9a91692eb0fb128687d212976619d5,10,7.272728,1,0,1,1,0,0.0,2.383182,premature,0,-1,,1,1,premature,0,-1,,1,1,premature,0,-1,,1,1
window_12,window,adaptive,0.08,0.15,,0.05,12,0.25,,,P012,P012_pop909_clear_motif_melody_188_melody.mid,54bf4eb2f8bff2ccd5d214afc84523384678bdefdf3145e821781182c58bc003,10,4.363632000000001,1,0,1,1,0,0.0,1.535227,premature,0,-1,,1,1,premature,0,-1,,1,1,premature,0,-1,,1,1
window_12,window,adaptive,0.08,0.15,,0.05,12,0.25,,,P013,P013_pop909_expressive_rubato_203_bridge.mid,d94792fd3118efad79013d413549904951e6acf204434771004ef7b6bac68e4a,9,3.000000000000001,1,0,1,1,0,0.0,1.478958,premature,0,-1,,1,1,premature,0,-1,,1,1,premature,0,-1,,1,1
window_12,window,adaptive,0.08,0.15,,0.05,12,0.25,,,P014,P014_pop909_expressive_rubato_203_bridge.mid,d78dea53ea8b5558568755412ec7c72b704ce448c1990fbb631bad2aba3c7411,9,3.0,1,0,1,0,1,0.0,5.228958,late,0,-1,,0,1,late,0,-1,,0,1,late,0,-1,,0,1
window_12,window,adaptive,0.08,0.15,,0.05,12,0.25,,,P015,P015_pop909_expressive_rubato_263_bridge.mid,fdbb28e369fed211abc0a0b53b2006a331c357c454f4284639fd36961d3aac40,16,5.333328000000002,1,0,1,0,1,0.0,7.450550,late,0,-1,,0,1,late,0,-1,,0,1,late,0,-1,,0,1
window_12,window,adaptive,0.08,0.15,,0.05,12,0.25,,,P016,P016_pop909_expressive_rubato_617_bridge.mid,37d4c7b2c4a5856f926b9e67a662ac676aa83beca73c7dfc2dd6c188e52a38a4,4,1.3348119999999997,1,0,1,0,0,0.0,3.228689,late,0,-1,,0,1,late,0,-1,,0,1,success,1,0,1.893876566666626,0,0
window_12,window,adaptive,0.08,0.15,,0.05,12,0.25,,,P017,P017_pop909_expressive_rubato_178_bridge.mid,cfbf91b1d04e90e9d2e6b6f7ddd9fc480393f1166fde55646495523c989f5d8e,20,6.760552000000001,1,0,1,0,1,0.0,8.795200,late,0,-1,,0,1,late,0,-1,,0,1,late,0,-1,,0,1
window_12,window,adaptive,0.08,0.15,,0.05,12,0.25,,,P018,P018_pop909_expressive_rubato_191_bridge.mid,b6e56889014ca3786b340c447e92d66f50ed149b21600186179487f5799f9b73,22,7.272727999999999,1,0,1,1,0,0.0,3.178712,premature,0,-1,,1,1,premature,0,-1,,1,1,premature,0,-1,,1,1
window_12,window,adaptive,0.08,0.15,,0.05,12,0.25,,,P019,P019_pop909_expressive_rubato_178_bridge.mid,51d4e82b5c0b217263d7a849828b0f05a8411876b0a87f85f4c175bf27767739,20,6.760551999999999,1,0,1,1,0,0.0,1.409717,premature,0,-1,,1,1,premature,0,-1,,1,1,premature,0,-1,,1,1
window_12,window,adaptive,0.08,0.15,,0.05,12,0.25,,,P020,P020_pop909_expressive_rubato_212_bridge.mid,6f5eee7b1684521d31dac9b4e36649e423a8ce813df0a5f142967525e2bf2e17,17,5.783128,1,0,1,1,0,0.0,4.248793,premature,0,-1,,1,1,premature,0,-1,,1,1,premature,0,-1,,1,1
window_12,window,adaptive,0.08,0.15,,0.05,12,0.25,,,P021,P021_pop909_chord_arpeggio_polyphonic_227_piano.mid,41b21fee0bca14bd00917fcf3d879b2fcebb9856fef2228a36e0b912e58444c9,18,7.1641759999999985,1,0,1,0,0,0.0,8.476340,late,0,-1,,0,1,late,0,-1,,0,1,success,1,0,1.3121642583333868,0,0
window_12,window,adaptive,0.08,0.15,,0.05,12,0.25,,,P022,P022_pop909_chord_arpeggio_polyphonic_003_piano.mid,ea9963c2ef0400f7458ed0b378c21cc36273462aabccb9685efcd21625bbdcfd,19,2.9268239999999985,1,0,1,0,0,0.0,3.746763,late,0,-1,,0,1,success,1,0,0.8199393124999794,0,0,success,1,0,0.8199393124999794,0,0
window_12,window,adaptive,0.08,0.15,,0.05,12,0.25,,,P023,P023_pop909_chord_arpeggio_polyphonic_222_piano.mid,bddeab49734bbbb17982dc09bdfaac6a8c2e1a112b7fd3464c5e7c9deadcfc94,19,6.1538400000000015,1,0,1,0,0,0.0,7.390507,late,0,-1,,0,1,late,0,-1,,0,1,success,1,0,1.2366669999999669,0,0
window_12,window,adaptive,0.08,0.15,,0.05,12,0.25,,,P024,P024_pop909_chord_arpeggio_polyphonic_287_piano.mid,ec7a6fe844d8678913cee3e05d68bc85d02d45d316e498dcfe79e58c814953c2,26,6.9347729000000005,1,0,1,0,1,0.0,9.017672,late,0,-1,,0,1,late,0,-1,,0,1,late,0,-1,,0,1
window_12,window,adaptive,0.08,0.15,,0.05,12,0.25,,,P025,P025_pop909_chord_arpeggio_polyphonic_566_piano.mid,52dae62297b7cdeff27e0bea0925c8bebbbb999e9935efba566c8ffc51c206e8,22,5.783128,1,0,1,0,0,0.0,6.792405,late,0,-1,,0,1,late,0,-1,,0,1,success,1,0,1.0092772499999745,0,0
window_12,window,adaptive,0.08,0.15,,0.05,12,0.25,,,P026,P026_pop909_chord_arpeggio_polyphonic_106_piano.mid,5a21694b1c7abc6be7e5c6ee6dd6611dbca54dacb44c602d9f7dc226f5eaad89,28,7.1641759999999985,1,0,1,0,0,0.0,8.537907,late,0,-1,,0,1,late,0,-1,,0,1,success,1,0,1.3737313958333965,0,0
window_12,window,adaptive,0.08,0.15,,0.05,12,0.25,,,P027,P027_pop909_chord_arpeggio_polyphonic_218_piano.mid,3d2716434e914a4c1b7b0fee64a762d631c9eb844e328c4f880eb95f36c370a6,32,7.0588159999999975,1,0,1,0,0,0.0,7.892198,late,0,-1,,0,1,success,1,0,0.833382466666647,0,0,success,1,0,0.833382466666647,0,0
window_12,window,adaptive,0.08,0.15,,0.05,12,0.25,,,P028,P028_pop909_chord_arpeggio_polyphonic_242_piano.mid,cd5c6e16ed3247ea34a6331d4c2e4dd980c5793b2def6bf2d11ae3b4d6d7560e,27,7.868856,1,0,1,0,0,0.0,9.071069,late,0,-1,,0,1,late,0,-1,,0,1,success,1,0,1.2022130437501621,0,0
window_12,window,adaptive,0.08,0.15,,0.05,12,0.25,,,P029,P029_pop909_sparse_short_062_melody.mid,de331be603af62c8ecaeb6b4de4413d0dfe0f3c4a24efa36a90905ae0bb82a26,3,3.24324,1,0,1,0,0,0.0,4.500268,late,0,-1,,0,1,late,0,-1,,0,1,success,1,0,1.257027749999958,0,0
window_12,window,adaptive,0.08,0.15,,0.05,12,0.25,,,P030,P030_pop909_sparse_short_062_melody.mid,f2c561cfdf3ae696074a8292cfd9b6e91d18a740bb99c9c5ad4661e2b5225717,3,2.12837625,1,0,1,1,0,0.0,1.258243,premature,0,-1,,1,1,premature,0,-1,,1,1,premature,0,-1,,1,1
window_12,window,adaptive,0.08,0.15,,0.05,12,0.25,,,P031,P031_pop909_sparse_short_062_melody.mid,113bb580ca65ca779549df831e3b90b62932fe9eb9935891172b6636ee9e6079,3,3.24324,1,0,1,0,0,0.0,4.500268,late,0,-1,,0,1,late,0,-1,,0,1,success,1,0,1.257027749999958,0,0
window_12,window,adaptive,0.08,0.15,,0.05,12,0.25,,,P032,P032_pop909_sparse_short_062_melody.mid,2638d2ec8832338b8f57a7147f9874c863c36279707599ffbd8782269c399746,3,3.24324,1,0,1,0,0,0.0,4.500268,late,0,-1,,0,1,late,0,-1,,0,1,success,1,0,1.257027749999958,0,0
window_12,window,adaptive,0.08,0.15,,0.05,12,0.25,,,P033,P033_pop909_sparse_short_062_melody.mid,dcf51fe0bedf2f9e1acede760976dcde4a78650e163ec3c6ce86d970b4cc65c3,3,3.24324,1,0,1,0,0,0.0,4.500268,late,0,-1,,0,1,late,0,-1,,0,1,success,1,0,1.257027749999958,0,0
window_12,window,adaptive,0.08,0.15,,0.05,12,0.25,,,P034,P034_pop909_dense_fast_095_bridge.mid,1eec4634489ebc2145d5d07f86a58778c994982c97d2dd5704238989cafe8164,49,1.7610275333333312,1,0,1,0,0,0.0,2.165807,success,1,0,0.40477943333332433,0,0,success,1,0,0.40477943333332433,0,0,success,1,0,0.40477943333332433,0,0
window_12,window,adaptive,0.08,0.15,,0.05,12,0.25,,,P035,P035_pop909_dense_fast_351_bridge.mid,cce631ae36062ea5c6c5856ce61c72dee517b0d26fc59e569c45986becb91fa5,28,1.0351939999999993,1,0,1,0,0,0.0,1.402946,success,1,0,0.36775208541665805,0,0,success,1,0,0.36775208541665805,0,0,success,1,0,0.36775208541665805,0,0
window_12,window,adaptive,0.08,0.15,,0.05,12,0.25,,,P036,P036_pop909_dense_fast_095_bridge.mid,8d7b860e3c98cfc78be2b1d435ac9d52da48b3df427707b2c9dc6e28266f4b58,38,1.6801452666666645,1,0,1,0,0,0.0,2.087572,success,1,0,0.40742649999999103,0,0,success,1,0,0.40742649999999103,0,0,success,1,0,0.40742649999999103,0,0
window_12,window,adaptive,0.08,0.15,,0.05,12,0.25,,,P037,P037_pop909_dense_fast_095_bridge.mid,14ee870cca3317109b67f85cc0241e6678d38b8efed31130577d8d722e145a58,30,0.7977932666666666,1,0,1,0,0,0.0,1.200220,success,1,0,0.4024264999999959,0,0,success,1,0,0.4024264999999959,0,0,success,1,0,0.4024264999999959,0,0
window_12,window,adaptive,0.08,0.15,,0.05,12,0.25,,,P038,P038_pop909_dense_fast_727_bridge.mid,4cec022a9c9e7dd2ec868ae3124b7089c195126defe23b8a3d440d2c7bbaf873,45,1.2854942770833329,1,0,1,0,0,0.0,1.683828,success,1,0,0.3983333187499907,0,0,success,1,0,0.3983333187499907,0,0,success,1,0,0.3983333187499907,0,0
window_12,window,adaptive,0.08,0.15,,0.05,12,0.25,,,P039,P039_pop909_chromatic_outside_789_piano.mid,89dc01789fe23c4372b236cc806e6567b05346295e667c74639aa4642a3e304b,16,7.272728,1,0,1,0,1,0.0,9.297879,late,0,-1,,0,1,late,0,-1,,0,1,late,0,-1,,0,1
window_12,window,adaptive,0.08,0.15,,0.05,12,0.25,,,P040,P040_pop909_chromatic_outside_064_piano.mid,76f70f424a678deaed9e02ef3b85db1c47a828b39689b0fb75fd6c5cd5f84a3f,23,7.562499999999999,1,0,1,0,0,0.0,7.688333,success,1,0,0.12583333333331392,0,0,success,1,0,0.12583333333331392,0,0,success,1,0,0.12583333333331392,0,0
window_12,window,adaptive,0.08,0.15,,0.05,12,0.25,,,P041,P041_pop909_chromatic_outside_796_piano.mid,5313ed35276167210c99ca9b0d50773ad1c5a71997072b20b1653efba88eb36f,20,6.486488,1,0,1,0,0,0.0,7.736556,late,0,-1,,0,1,late,0,-1,,0,1,success,1,0,1.2500675395833039,0,0
window_12,window,adaptive,0.08,0.15,,0.05,12,0.25,,,P042,P042_pop909_chromatic_outside_254_piano.mid,dfb97d893bd303a0043e98fe7c14dc376233ce114864c10be992cad37ef88538,24,3.3027539999999993,1,0,1,0,0,0.0,3.966791,late,0,-1,,0,1,success,1,0,0.6640365520833131,0,0,success,1,0,0.6640365520833131,0,0
window_12,window,adaptive,0.08,0.15,,0.05,12,0.25,,,P043,P043_pop909_chromatic_outside_311_bridge.mid,8bb993a52d683a9b093e77f22d9fa6d3df633472edafb5a0056e4e19b5852902,14,7.5,1,0,1,1,0,0.0,2.180937,premature,0,-1,,1,1,premature,0,-1,,1,1,premature,0,-1,,1,1
window_12,window,adaptive,0.08,0.15,,0.05,12,0.25,,,P044,P044_pop909_false_ending_pause_322_bridge.mid,92fa6bc714e6881f40bd275254b082416486b9d155453539c6e2e9cce641a65c,7,4.633333333333333,1,0,1,0,0,0.0,4.742500,success,1,0,0.10916666666663222,0,0,success,1,0,0.10916666666663222,0,0,success,1,0,0.10916666666663222,0,0
window_12,window,adaptive,0.08,0.15,,0.05,12,0.25,,,P045,P045_pop909_false_ending_pause_008_bridge.mid,28ee69826748317d665163811014939ed01825addd8f2c9505d27364a6b4adc8,7,4.876923483333333,1,0,1,1,0,0.0,2.204615,premature,0,-1,,1,1,premature,0,-1,,1,1,premature,0,-1,,1,1
window_12,window,adaptive,0.08,0.15,,0.05,12,0.25,,,P046,P046_pop909_false_ending_pause_253_bridge.mid,0e6ab6a38b763c541fa954510aaf319efab974b676865fe44aaa2c2338435f50,7,5.9943121875,1,0,1,1,0,0.0,2.430226,premature,0,-1,,1,1,premature,0,-1,,1,1,premature,0,-1,,1,1
window_12,window,adaptive,0.08,0.15,,0.05,12,0.25,,,P047,P047_pop909_false_ending_pause_396_melody.mid,45f3dedbc0915a84ff315fcf7040e15383bbafbc739845cd8f4e4db11fbe1207,7,3.8673180812499997,1,0,1,1,0,0.0,3.542681,premature,0,-1,,1,1,premature,0,-1,,1,1,premature,0,-1,,1,1
window_12,window,adaptive,0.08,0.15,,0.05,12,0.25,,,P048,P048_pop909_repetition_tail_234_bridge.mid,8edaf0b3c05cb78569d9801754c34b780426e21b3654154ff150d50ac4c12b59,8,4.000000000000001,1,0,1,1,0,0.0,3.011250,premature,0,-1,,1,1,premature,0,-1,,1,1,premature,0,-1,,1,1
window_12,window,adaptive,0.08,0.15,,0.05,12,0.25,,,P049,P049_pop909_repetition_tail_282_bridge.mid,b5bf7675db361f16e2641027f14dbd38a665a77edf6ca030a9254be54ddab400,8,5.691775224999999,1,0,1,0,0,0.0,7.096159,late,0,-1,,0,1,late,0,-1,,0,1,success,1,0,1.4043838916666296,0,0
window_12,window,adaptive,0.08,0.15,,0.05,12,0.25,,,P050,P050_pop909_repetition_tail_340_bridge.mid,92dfb3e992339ebac2e7204e10ece5a799d2ae91faeb4c2a0ff6f5611e0bfbac,8,5.245888,1,0,1,1,0,0.0,3.827151,premature,0,-1,,1,1,premature,0,-1,,1,1,premature,0,-1,,1,1
floor_0p125,floor,adaptive,0.08,0.15,,0.05,8,0.125,,,A01,A01_c_pentatonic_balanced.mid,e7a1620ba70d4372e998376d91e2f55590448a9cf5878e969a0f70d410659845,14,4.8,1,0,1,0,0,0.0,5.470000,late,0,-1,,0,1,success,1,0,0.669999999999976,0,0,success,1,0,0.669999999999976,0,0
floor_0p125,floor,adaptive,0.08,0.15,,0.05,8,0.125,,,A02,A02_a_minor_pentatonic_question.mid,5166d8996017b0341f9265fc4539b25d09211f1cc291b1e25a4623e68b1bbc0e,12,5.054348499999999,1,0,1,0,0,0.0,5.747174,late,0,-1,,0,1,success,1,0,0.6928259999999717,0,0,success,1,0,0.6928259999999717,0,0
floor_0p125,floor,adaptive,0.08,0.15,,0.05,8,0.125,,,A03,A03_a_blues_tension.mid,1c61cef65142077e0ea54a46832f15bf535a35b23c920ee8e40193b877467fd4,13,4.166669999999999,1,0,1,0,0,0.0,4.721114,late,0,-1,,0,1,success,1,0,0.5544439999999771,0,0,success,1,0,0.5544439999999771,0,0
floor_0p125,floor,adaptive,0.08,0.15,,0.05,8,0.125,,,A04,A04_classical_antecedent.mid,3b1b42414601831b09678bb49b714e6512be53f451a517170b48c6c3addb07f1,10,4.6499999999999995,1,0,1,0,0,0.0,5.425000,late,0,-1,,0,1,success,1,0,0.774999999999971,0,0,success,1,0,0.774999999999971,0,0
floor_0p125,floor,adaptive,0.08,0.15,,0.05,8,0.125,,,A05,A05_repetition_tail.mid,c615435e6cf9b0af8c8e4a2d9b7f28ccef90f4cc20ddffc10e23c15ec2296b28,12,4.182691749999999,2,1,1,0,0,0.5,4.720769,late,0,-1,,0,1,success,1,0,0.5380769999999764,0,0,success,1,0,0.5380769999999764,0,0
floor_0p125,floor,adaptive,0.08,0.15,,0.05,8,0.125,,,A06,A06_syncopated_pop.mid,25a2a2e4aea59cacc8434b36ae5173bd34aaa66ee7eec8c2e460f3f72addaf0e,12,4.3867945,1,0,1,0,0,0.0,5.318775,late,0,-1,,0,1,success,1,0,0.9319809999999737,0,0,success,1,0,0.9319809999999737,0,0
floor_0p125,floor,adaptive,0.08,0.15,,0.05,8,0.125,,,A07,A07_sparse_long_tones.mid,fb6faee9d721a971b5d6388dc979e5a15c26d45366bfef7ade9a8f82eec3358d,6,5.454543999999999,1,0,1,0,1,0.0,7.787726,late,0,-1,,0,1,late,0,-1,,0,1,late,0,-1,,0,1
floor_0p125,floor,adaptive,0.08,0.15,,0.05,8,0.125,,,A08,A08_dense_eighth_motion.mid,48faeb92585381b6928f2dc31a3119ec234d815efc25ec9d1ba67538fc3f6b41,16,4.285712000000002,1,0,1,0,0,0.0,4.977855,late,0,-1,,0,1,success,1,0,0.6921429999999793,0,0,success,1,0,0.6921429999999793,0,0
floor_0p125,floor,adaptive,0.08,0.15,,0.05,8,0.125,,,A09,A09_arched_contour.mid,91acd677fdf9a30e64f3584796b5fc38d648b1ddf3785f4d6a6445102c15ee7c,11,4.6875,1,0,1,0,0,0.0,5.492500,late,0,-1,,0,1,success,1,0,0.8049999999999695,0,0,success,1,0,0.8049999999999695,0,0
floor_0p125,floor,adaptive,0.08,0.15,,0.05,8,0.125,,,A10,A10_leap_gap_fill.mid,6639c3bceab3644ea59e759d1e92e76bcc9a082b5edaea30893d44682f7f3a97,13,4.6499999999999995,1,0,1,0,0,0.0,5.385000,late,0,-1,,0,1,success,1,0,0.7349999999999746,0,0,success,1,0,0.7349999999999746,0,0
floor_0p125,floor,adaptive,0.08,0.15,,0.05,8,0.125,,,R01,R01_390-v1.mid,e44793c8c043f7c92184c6189f5e7b1af47c202aaa6df435a76a4d26268313aa,13,4.0,1,0,1,1,0,0.0,2.044583,premature,0,-1,,1,1,premature,0,-1,,1,1,premature,0,-1,,1,1
floor_0p125,floor,adaptive,0.08,0.15,,0.05,8,0.125,,,R02,R02_667-v3.mid,af3cbab9e93480a553c9a217fc1abefdf3db788d071132050fca4cbfe862cdaa,8,4.0,1,0,1,0,0,0.0,4.377083,success,1,0,0.37708333333330746,0,0,success,1,0,0.37708333333330746,0,0,success,1,0,0.37708333333330746,0,0
floor_0p125,floor,adaptive,0.08,0.15,,0.05,8,0.125,,,R03,R03_174-v2.mid,88f11f634584a21ce30b0dc39c608cde9da43c7936400bba985f8702ecf9e962,12,3.9999999999999996,1,0,1,1,0,0.0,2.002917,premature,0,-1,,1,1,premature,0,-1,,1,1,premature,0,-1,,1,1
floor_0p125,floor,adaptive,0.08,0.15,,0.05,8,0.125,,,R04,R04_339-v2.mid,828aff4f088b889d0715fee3e65e9243f89520710a795fa7e4b585407a7da650,9,3.817708333333333,1,0,1,0,0,0.0,4.622292,late,0,-1,,0,1,success,1,0,0.8045833333333121,0,0,success,1,0,0.8045833333333121,0,0
floor_0p125,floor,adaptive,0.08,0.15,,0.05,8,0.125,,,R05,R05_581.mid,766b0c79d6f6905d1c32f244469b14bf48cb861e79ceede6ac2ee1929437dcf4,13,4.0,1,0,1,0,0,0.0,4.776875,late,0,-1,,0,1,success,1,0,0.7768749999999809,0,0,success,1,0,0.7768749999999809,0,0
floor_0p125,floor,adaptive,0.08,0.15,,0.05,8,0.125,,,R06,R06_132-v2.mid,e1ccff44d4528b8e4af0e40bdc4699a89e46169a5a6c766acc8ac50740c17bc4,15,4.0,1,0,1,0,0,0.0,4.744792,late,0,-1,,0,1,success,1,0,0.7447916666666501,0,0,success,1,0,0.7447916666666501,0,0
floor_0p125,floor,adaptive,0.08,0.15,,0.05,8,0.125,,,R07,R07_664-v2.mid,d84d97d7bfa78ff716110978692047e182ce9f01efee7a44f583544e113fed69,11,4.0,1,0,1,1,0,0.0,2.920625,premature,0,-1,,1,1,premature,0,-1,,1,1,premature,0,-1,,1,1
floor_0p125,floor,adaptive,0.08,0.15,,0.05,8,0.125,,,R08,R08_266-v1.mid,a60f28e61f3323d5039cd94cdaea65c36ca0311962a73686837cf9dfdde0799d,8,4.0,1,0,1,0,0,0.0,4.440000,success,1,0,0.4399999999999702,0,0,success,1,0,0.4399999999999702,0,0,success,1,0,0.4399999999999702,0,0
floor_0p125,floor,adaptive,0.08,0.15,,0.05,8,0.125,,,R09,R09_433.mid,e1f859f9f55ce2a1718a88f1ce5f88ffffd035cd2ac61aeba9f71e42eb3d1658,23,4.000000000000001,1,0,1,0,0,0.0,4.607708,late,0,-1,,0,1,success,1,0,0.6077083333333198,0,0,success,1,0,0.6077083333333198,0,0
floor_0p125,floor,adaptive,0.08,0.15,,0.05,8,0.125,,,R10,R10_039-v2.mid,25635c75dc841999c02ffb9b7d67ef21f421bef585b28e0635701689b574a8f6,11,4.000000000000001,1,0,1,1,0,0.0,3.580833,premature,0,-1,,1,1,premature,0,-1,,1,1,premature,0,-1,,1,1
floor_0p125,floor,adaptive,0.08,0.15,,0.05,8,0.125,,,R11,R11_538.mid,676637ee06573aad6e8ea80367346578ac11b8ed36c9f8ce5702eda3643830ab,20,3.921875,1,0,1,0,0,0.0,4.330833,success,1,0,0.4089583333333211,0,0,success,1,0,0.4089583333333211,0,0,success,1,0,0.4089583333333211,0,0
floor_0p125,floor,adaptive,0.08,0.15,,0.05,8,0.125,,,R12,R12_457.mid,151dd04bd54d11512876bab817410ae94fb81547894ff0a3b96401968101f6df,13,4.0,1,0,1,1,0,0.0,2.326250,premature,0,-1,,1,1,premature,0,-1,,1,1,premature,0,-1,,1,1
floor_0p125,floor,adaptive,0.08,0.15,,0.05,8,0.125,,,R13,R13_353-v1.mid,ef59a3cdc969d70fd54c9cd52a37e30deb9772958305ace368edde9ea5afc7c3,11,4.0,1,0,1,1,0,0.0,1.859167,premature,0,-1,,1,1,premature,0,-1,,1,1,premature,0,-1,,1,1
floor_0p125,floor,adaptive,0.08,0.15,,0.05,8,0.125,,,R14,R14_073.mid,6014529ddd8b96a82fd599bf2e0268f5da21dad2080ba59e69de225512a58ee3,12,3.939583333333333,1,0,1,0,0,0.0,4.832708,late,0,-1,,0,1,success,1,0,0.8931249999999782,0,0,success,1,0,0.8931249999999782,0,0
floor_0p125,floor,adaptive,0.08,0.15,,0.05,8,0.125,,,R15,R15_156-v2.mid,d6ae647242ceff286d61867ebb06ee767c382eed20c618f7988a94d4733b7d8d,9,4.0,1,0,1,1,0,0.0,3.896875,premature,0,-1,,1,1,premature,0,-1,,1,1,premature,0,-1,,1,1
floor_0p125,floor,adaptive,0.08,0.15,,0.05,8,0.125,,,R16,R16_249.mid,32c21206c709d04269f4de5a9705ca310189a55c657a53ea8612ed3c5ac480dd,8,4.0,1,0,1,0,0,0.0,5.295625,late,0,-1,,0,1,late,0,-1,,0,1,success,1,0,1.2956249999999647,0,0
floor_0p125,floor,adaptive,0.08,0.15,,0.05,8,0.125,,,R17,R17_319.mid,7b40b95a494f202130093514531c7232c45d539c2a7ebafe5dee64fac4bc0e7e,18,4.0,1,0,1,0,0,0.0,4.570208,late,0,-1,,0,1,success,1,0,0.5702083333333201,0,0,success,1,0,0.5702083333333201,0,0
floor_0p125,floor,adaptive,0.08,0.15,,0.05,8,0.125,,,R18,R18_249.mid,0dc5853f595ca79ae339d76ccf661f166c739dba3b0cb0d66eeb860ef17dd7c0,9,4.0,1,0,1,0,0,0.0,4.365625,success,1,0,0.3656249999999739,0,0,success,1,0,0.3656249999999739,0,0,success,1,0,0.3656249999999739,0,0
floor_0p125,floor,adaptive,0.08,0.15,,0.05,8,0.125,,,R19,R19_733.mid,73dc520e4f2e19e784486fb5160d0686a1f7d90b81c9bb57b8e6478f3b2032fe,10,4.0,1,0,1,1,0,0.0,1.744583,premature,0,-1,,1,1,premature,0,-1,,1,1,premature,0,-1,,1,1
floor_0p125,floor,adaptive,0.08,0.15,,0.05,8,0.125,,,R20,R20_660.mid,a3a01235dabd1fd09f3b7047e7b59bee8af87f41bc4456aa3e261bc412d6998a,8,3.983333333333334,1,0,1,0,0,0.0,5.447708,late,0,-1,,0,1,late,0,-1,,0,1,success,1,0,1.4643749999999653,0,0
floor_0p125,floor,adaptive,0.08,0.15,,0.05,8,0.125,,,R21,R21_756-v2.mid,7b479a282dd8ac5742239c1fda08a8a89a1834843d91b2b219beaa12a020ebdc,8,4.0,1,0,1,0,0,0.0,5.600625,late,0,-1,,0,1,late,0,-1,,0,1,success,1,0,1.6006249999999627,0,0
floor_0p125,floor,adaptive,0.08,0.15,,0.05,8,0.125,,,R22,R22_156.mid,530aaba96af00f7031edd5c0b26b6a257808c3f3d7df6c3d36f325fc29229487,10,4.0,1,0,1,1,0,0.0,3.791875,premature,0,-1,,1,1,premature,0,-1,,1,1,premature,0,-1,,1,1
floor_0p125,floor,adaptive,0.08,0.15,,0.05,8,0.125,,,R23,R23_645.mid,4089adb020ffa2aa242ec57c10ef8efd9ad726c8c6bf22e335e91d65a5783ac4,12,3.9999999999999996,1,0,1,1,0,0.0,3.363958,premature,0,-1,,1,1,premature,0,-1,,1,1,premature,0,-1,,1,1
floor_0p125,floor,adaptive,0.08,0.15,,0.05,8,0.125,,,R24,R24_242-v2.mid,5a18cae5a6fd996e3688bb05a6723665c26e561d21b88c112d65d4a6bdb51fca,15,4.000000000000001,2,1,1,1,0,0.5,3.341458,premature,0,-1,,1,1,premature,0,-1,,1,1,premature,0,-1,,1,1
floor_0p125,floor,adaptive,0.08,0.15,,0.05,8,0.125,,,R25,R25_618-v1.mid,56ff3fa00dc9e75c7913306f4a8cede335d24189bb8e26cfce827120f12743c7,10,4.0,1,0,1,1,0,0.0,3.186250,premature,0,-1,,1,1,premature,0,-1,,1,1,premature,0,-1,,1,1
floor_0p125,floor,adaptive,0.08,0.15,,0.05,8,0.125,,,R26,R26_560-v1.mid,f0d0a16aff422f9a5877f2944cdd0b959b4801aa449310959626fa7dbd7a6edb,15,3.951041666666667,2,1,1,0,0,0.5,4.622917,late,0,-1,,0,1,success,1,0,0.6718749999999831,0,0,success,1,0,0.6718749999999831,0,0
floor_0p125,floor,adaptive,0.08,0.15,,0.05,8,0.125,,,R27,R27_735.mid,c6fabc901af844a2236d5a2956bd48e11d7952607af238e872c0dc7f65dbaa6f,16,4.0,2,1,1,0,0,0.5,4.795625,late,0,-1,,0,1,success,1,0,0.7956249999999816,0,0,success,1,0,0.7956249999999816,0,0
floor_0p125,floor,adaptive,0.08,0.15,,0.05,8,0.125,,,R28,R28_804-v3.mid,f2326f94ae3ec36fd956ed7a74f507c37dfaeae99fddbfc7f2cbf87414f92030,11,3.9802083333333336,1,0,1,1,0,0.0,2.786250,premature,0,-1,,1,1,premature,0,-1,,1,1,premature,0,-1,,1,1
floor_0p125,floor,adaptive,0.08,0.15,,0.05,8,0.125,,,R29,R29_846-v2.mid,b750d5ab04a7fcc02298fea281e624dbc92dd1640a17037e580bb5b845ab517b,12,4.0,2,1,1,0,0,0.5,4.812917,late,0,-1,,0,1,success,1,0,0.8129166666666441,0,0,success,1,0,0.8129166666666441,0,0
floor_0p125,floor,adaptive,0.08,0.15,,0.05,8,0.125,,,R30,R30_002-v2.mid,3b8c10e5c6886af05080687f0bc745791d33e73b2cec916337c1799e43024254,19,4.0,1,0,1,0,0,0.0,4.747917,late,0,-1,,0,1,success,1,0,0.7479166666666499,0,0,success,1,0,0.7479166666666499,0,0
floor_0p125,floor,adaptive,0.08,0.15,,0.05,8,0.125,,,R31,R31_069-v5.mid,ad5859e7014674fc2b088288d32445f60e2790c868a97bae22f5c6c6f7a9c906,10,4.0,1,0,1,0,0,0.0,4.614583,late,0,-1,,0,1,success,1,0,0.6145833333333073,0,0,success,1,0,0.6145833333333073,0,0
floor_0p125,floor,adaptive,0.08,0.15,,0.05,8,0.125,,,R32,R32_290-v2.mid,b6d63759467030d9561098d602d2077dba3fd2e6533d64bc6401940ec9398bd7,11,4.0,1,0,1,1,0,0.0,0.866667,premature,0,-1,,1,1,premature,0,-1,,1,1,premature,0,-1,,1,1
floor_0p125,floor,adaptive,0.08,0.15,,0.05,8,0.125,,,R33,R33_144-v1.mid,14914529875824c38e895baf4969bc1f01031d5a20038d87474333091ce8bf16,21,4.0,1,0,1,0,0,0.0,4.573542,late,0,-1,,0,1,success,1,0,0.5735416666666548,0,0,success,1,0,0.5735416666666548,0,0
floor_0p125,floor,adaptive,0.08,0.15,,0.05,8,0.125,,,R34,R34_680-v3.mid,193fa77f9af23482857e237a7f27c3f78c79243d9a1ffca85d491c191040a3d9,15,4.0,1,0,1,0,0,0.0,4.773750,late,0,-1,,0,1,success,1,0,0.7737499999999811,0,0,success,1,0,0.7737499999999811,0,0
floor_0p125,floor,adaptive,0.08,0.15,,0.05,8,0.125,,,R35,R35_436-v2.mid,0db58df01ff0e7ef7665b41a914d45f2c8da7ce346a391eafaadda58c2fbcbd1,8,3.9999999999999996,1,0,1,1,0,0.0,2.049792,premature,0,-1,,1,1,premature,0,-1,,1,1,premature,0,-1,,1,1
floor_0p125,floor,adaptive,0.08,0.15,,0.05,8,0.125,,,R36,R36_230.mid,292e936198ef29131aa14fa25acb693df0d1183ea1dde8ce70b941f2378a5b3c,11,4.0,1,0,1,1,0,0.0,2.227917,premature,0,-1,,1,1,premature,0,-1,,1,1,premature,0,-1,,1,1
floor_0p125,floor,adaptive,0.08,0.15,,0.05,8,0.125,,,R37,R37_667-v3.mid,3423caa4b45632a7f2c919a198ed678b6eb9786448d01e549dc32a5398afcf9f,7,4.0,1,0,1,0,0,0.0,5.932083,late,0,-1,,0,1,late,0,-1,,0,1,success,1,0,1.9320833333332903,0,0
floor_0p125,floor,adaptive,0.08,0.15,,0.05,8,0.125,,,R38,R38_136.mid,3abb38ce19d8de517c62b2014f88ea09cffbe9e6bf5ed9c01ed0c1155a8acbe5,14,4.0,2,1,1,0,0,0.5,4.935833,late,0,-1,,0,1,success,1,0,0.9358333333333118,0,0,success,1,0,0.9358333333333118,0,0
floor_0p125,floor,adaptive,0.08,0.15,,0.05,8,0.125,,,R39,R39_578-v3.mid,fceb1f97ce180f42e04547ff0aa0b9478cd06770ac604a3832d919926ad92aa7,16,4.0,1,0,1,0,0,0.0,4.743958,late,0,-1,,0,1,success,1,0,0.7439583333333175,0,0,success,1,0,0.7439583333333175,0,0
floor_0p125,floor,adaptive,0.08,0.15,,0.05,8,0.125,,,R40,R40_454.mid,d848f11068ba98d752767ac7826bc58b93c22e9b031ee710f0fae41eccde2eec,12,3.9187499999999997,1,0,1,0,0,0.0,4.954375,late,0,-1,,0,1,late,0,-1,,0,1,success,1,0,1.035624999999976,0,0
floor_0p125,floor,adaptive,0.08,0.15,,0.05,8,0.125,,,P001,P001_pop909_clear_motif_melody_298_bridge.mid,8b00372060ba7b623d803e3af7e70f5ef60b65f66816ad377f725005f4c84fa9,10,4.948456,2,1,1,0,0,0.5,6.278662,late,0,-1,,0,1,late,0,-1,,0,1,success,1,0,1.330206047916632,0,0
floor_0p125,floor,adaptive,0.08,0.15,,0.05,8,0.125,,,P002,P002_pop909_clear_motif_melody_248_bridge.mid,ccb942640a73e3e0122c796c0971c8f675a924861614fa62562f002ab9ef196d,10,3.478248,1,0,1,0,0,0.0,4.030315,late,0,-1,,0,1,success,1,0,0.5520668562499793,0,0,success,1,0,0.5520668562499793,0,0
floor_0p125,floor,adaptive,0.08,0.15,,0.05,8,0.125,,,P003,P003_pop909_clear_motif_melody_339_melody.mid,628d1079f63c4bf7a08c4ee78f0765919be119f7b82f8dc3ffde83afbb2238ec,10,6.3124899,1,0,1,1,0,0.0,4.710481,premature,0,-1,,1,1,premature,0,-1,,1,1,premature,0,-1,,1,1
floor_0p125,floor,adaptive,0.08,0.15,,0.05,8,0.125,,,P004,P004_pop909_clear_motif_melody_268_melody.mid,e1ad81a5ae674340b836f4d87a0f82f0920845ccc4214feb28ccf9b9603f0948,10,8.0,1,0,1,0,0,0.0,8.347500,success,1,0,0.347500000000041,0,0,success,1,0,0.347500000000041,0,0,success,1,0,0.347500000000041,0,0
floor_0p125,floor,adaptive,0.08,0.15,,0.05,8,0.125,,,P005,P005_pop909_clear_motif_melody_021_melody.mid,a1fe99526a41a4b56b5a507d209dd13d4105ef53e85d25dd53ce7e9ee5915ff3,10,4.13157275,2,1,1,0,0,0.5,5.173503,late,0,-1,,0,1,late,0,-1,,0,1,success,1,0,1.0419303541666372,0,0
floor_0p125,floor,adaptive,0.08,0.15,,0.05,8,0.125,,,P006,P006_pop909_clear_motif_melody_220_melody.mid,81d85ebdbdb62cf3dd0eb82602b7fe26907e395242e71f5bb78ef112438b09cc,10,3.870936,2,1,1,0,0,0.5,5.055615,late,0,-1,,0,1,late,0,-1,,0,1,success,1,0,1.1846787749999712,0,0
floor_0p125,floor,adaptive,0.08,0.15,,0.05,8,0.125,,,P007,P007_pop909_clear_motif_melody_273_melody.mid,b6f10983b8aa291a839fc6e5232bc1920fa3b1e354e6e03e788a7a6b17af9d59,10,6.48648,1,0,1,1,0,0.0,5.257293,premature,0,-1,,1,1,premature,0,-1,,1,1,premature,0,-1,,1,1
floor_0p125,floor,adaptive,0.08,0.15,,0.05,8,0.125,,,P008,P008_pop909_clear_motif_melody_713_melody.mid,cc0088d140a0c7f748d7a717a6f796eed7338f6a4d8889e8e2eebd7fab8f8f51,10,5.454544,1,0,1,1,0,0.0,3.470284,premature,0,-1,,1,1,premature,0,-1,,1,1,premature,0,-1,,1,1
floor_0p125,floor,adaptive,0.08,0.15,,0.05,8,0.125,,,P009,P009_pop909_clear_motif_melody_328_melody.mid,e8885a270c794ef4d50b9e6e050e3a0d3d8301d178169d86d88126123dbf06e2,10,5.333328,1,0,1,1,0,0.0,2.229999,premature,0,-1,,1,1,premature,0,-1,,1,1,premature,0,-1,,1,1
floor_0p125,floor,adaptive,0.08,0.15,,0.05,8,0.125,,,P010,P010_pop909_clear_motif_melody_407_melody.mid,42e7658af7a87529d58b908a6d60cc195eeb297cdd129a98e1cb2649ce5aecce,10,6.15,1,0,1,1,0,0.0,5.520000,premature,0,-1,,1,1,premature,0,-1,,1,1,premature,0,-1,,1,1
floor_0p125,floor,adaptive,0.08,0.15,,0.05,8,0.125,,,P011,P011_pop909_clear_motif_melody_119_melody.mid,896c48c32a15cf85bd286aa4436d0a697c9a91692eb0fb128687d212976619d5,10,7.272728,1,0,1,1,0,0.0,2.383182,premature,0,-1,,1,1,premature,0,-1,,1,1,premature,0,-1,,1,1
floor_0p125,floor,adaptive,0.08,0.15,,0.05,8,0.125,,,P012,P012_pop909_clear_motif_melody_188_melody.mid,54bf4eb2f8bff2ccd5d214afc84523384678bdefdf3145e821781182c58bc003,10,4.363632000000001,1,0,1,1,0,0.0,1.535227,premature,0,-1,,1,1,premature,0,-1,,1,1,premature,0,-1,,1,1
floor_0p125,floor,adaptive,0.08,0.15,,0.05,8,0.125,,,P013,P013_pop909_expressive_rubato_203_bridge.mid,d94792fd3118efad79013d413549904951e6acf204434771004ef7b6bac68e4a,9,3.000000000000001,1,0,1,1,0,0.0,1.478958,premature,0,-1,,1,1,premature,0,-1,,1,1,premature,0,-1,,1,1
floor_0p125,floor,adaptive,0.08,0.15,,0.05,8,0.125,,,P014,P014_pop909_expressive_rubato_203_bridge.mid,d78dea53ea8b5558568755412ec7c72b704ce448c1990fbb631bad2aba3c7411,9,3.0,1,0,1,0,1,0.0,5.228958,late,0,-1,,0,1,late,0,-1,,0,1,late,0,-1,,0,1
floor_0p125,floor,adaptive,0.08,0.15,,0.05,8,0.125,,,P015,P015_pop909_expressive_rubato_263_bridge.mid,fdbb28e369fed211abc0a0b53b2006a331c357c454f4284639fd36961d3aac40,16,5.333328000000002,1,0,1,0,1,0.0,7.450550,late,0,-1,,0,1,late,0,-1,,0,1,late,0,-1,,0,1
floor_0p125,floor,adaptive,0.08,0.15,,0.05,8,0.125,,,P016,P016_pop909_expressive_rubato_617_bridge.mid,37d4c7b2c4a5856f926b9e67a662ac676aa83beca73c7dfc2dd6c188e52a38a4,4,1.3348119999999997,1,0,1,0,0,0.0,3.228689,late,0,-1,,0,1,late,0,-1,,0,1,success,1,0,1.893876566666626,0,0
floor_0p125,floor,adaptive,0.08,0.15,,0.05,8,0.125,,,P017,P017_pop909_expressive_rubato_178_bridge.mid,cfbf91b1d04e90e9d2e6b6f7ddd9fc480393f1166fde55646495523c989f5d8e,20,6.760552000000001,1,0,1,0,1,0.0,8.855200,late,0,-1,,0,1,late,0,-1,,0,1,late,0,-1,,0,1
floor_0p125,floor,adaptive,0.08,0.15,,0.05,8,0.125,,,P018,P018_pop909_expressive_rubato_191_bridge.mid,b6e56889014ca3786b340c447e92d66f50ed149b21600186179487f5799f9b73,22,7.272727999999999,1,0,1,1,0,0.0,3.178712,premature,0,-1,,1,1,premature,0,-1,,1,1,premature,0,-1,,1,1
floor_0p125,floor,adaptive,0.08,0.15,,0.05,8,0.125,,,P019,P019_pop909_expressive_rubato_178_bridge.mid,51d4e82b5c0b217263d7a849828b0f05a8411876b0a87f85f4c175bf27767739,20,6.760551999999999,1,0,1,1,0,0.0,1.409717,premature,0,-1,,1,1,premature,0,-1,,1,1,premature,0,-1,,1,1
floor_0p125,floor,adaptive,0.08,0.15,,0.05,8,0.125,,,P020,P020_pop909_expressive_rubato_212_bridge.mid,6f5eee7b1684521d31dac9b4e36649e423a8ce813df0a5f142967525e2bf2e17,17,5.783128,1,0,1,1,0,0.0,4.248793,premature,0,-1,,1,1,premature,0,-1,,1,1,premature,0,-1,,1,1
floor_0p125,floor,adaptive,0.08,0.15,,0.05,8,0.125,,,P021,P021_pop909_chord_arpeggio_polyphonic_227_piano.mid,41b21fee0bca14bd00917fcf3d879b2fcebb9856fef2228a36e0b912e58444c9,18,7.1641759999999985,1,0,1,0,0,0.0,8.476340,late,0,-1,,0,1,late,0,-1,,0,1,success,1,0,1.3121642583333868,0,0
floor_0p125,floor,adaptive,0.08,0.15,,0.05,8,0.125,,,P022,P022_pop909_chord_arpeggio_polyphonic_003_piano.mid,ea9963c2ef0400f7458ed0b378c21cc36273462aabccb9685efcd21625bbdcfd,19,2.9268239999999985,1,0,1,0,0,0.0,3.706763,late,0,-1,,0,1,success,1,0,0.7799393124999803,0,0,success,1,0,0.7799393124999803,0,0
floor_0p125,floor,adaptive,0.08,0.15,,0.05,8,0.125,,,P023,P023_pop909_chord_arpeggio_polyphonic_222_piano.mid,bddeab49734bbbb17982dc09bdfaac6a8c2e1a112b7fd3464c5e7c9deadcfc94,19,6.1538400000000015,1,0,1,0,0,0.0,7.295507,late,0,-1,,0,1,late,0,-1,,0,1,success,1,0,1.141666999999969,0,0
floor_0p125,floor,adaptive,0.08,0.15,,0.05,8,0.125,,,P024,P024_pop909_chord_arpeggio_polyphonic_287_piano.mid,ec7a6fe844d8678913cee3e05d68bc85d02d45d316e498dcfe79e58c814953c2,26,6.9347729000000005,1,0,1,0,1,0.0,9.017672,late,0,-1,,0,1,late,0,-1,,0,1,late,0,-1,,0,1
floor_0p125,floor,adaptive,0.08,0.15,,0.05,8,0.125,,,P025,P025_pop909_chord_arpeggio_polyphonic_566_piano.mid,52dae62297b7cdeff27e0bea0925c8bebbbb999e9935efba566c8ffc51c206e8,22,5.783128,1,0,1,0,0,0.0,6.842405,late,0,-1,,0,1,late,0,-1,,0,1,success,1,0,1.0592772499999734,0,0
floor_0p125,floor,adaptive,0.08,0.15,,0.05,8,0.125,,,P026,P026_pop909_chord_arpeggio_polyphonic_106_piano.mid,5a21694b1c7abc6be7e5c6ee6dd6611dbca54dacb44c602d9f7dc226f5eaad89,28,7.1641759999999985,1,0,1,0,0,0.0,8.537907,late,0,-1,,0,1,late,0,-1,,0,1,success,1,0,1.3737313958333965,0,0
floor_0p125,floor,adaptive,0.08,0.15,,0.05,8,0.125,,,P027,P027_pop909_chord_arpeggio_polyphonic_218_piano.mid,3d2716434e914a4c1b7b0fee64a762d631c9eb844e328c4f880eb95f36c370a6,32,7.0588159999999975,1,0,1,0,0,0.0,7.957198,late,0,-1,,0,1,success,1,0,0.8983824666666456,0,0,success,1,0,0.8983824666666456,0,0
floor_0p125,floor,adaptive,0.08,0.15,,0.05,8,0.125,,,P028,P028_pop909_chord_arpeggio_polyphonic_242_piano.mid,cd5c6e16ed3247ea34a6331d4c2e4dd980c5793b2def6bf2d11ae3b4d6d7560e,27,7.868856,1,0,1,0,0,0.0,9.021069,late,0,-1,,0,1,late,0,-1,,0,1,success,1,0,1.1522130437501543,0,0
floor_0p125,floor,adaptive,0.08,0.15,,0.05,8,0.125,,,P029,P029_pop909_sparse_short_062_melody.mid,de331be603af62c8ecaeb6b4de4413d0dfe0f3c4a24efa36a90905ae0bb82a26,3,3.24324,1,0,1,0,0,0.0,4.500268,late,0,-1,,0,1,late,0,-1,,0,1,success,1,0,1.257027749999958,0,0
floor_0p125,floor,adaptive,0.08,0.15,,0.05,8,0.125,,,P030,P030_pop909_sparse_short_062_melody.mid,f2c561cfdf3ae696074a8292cfd9b6e91d18a740bb99c9c5ad4661e2b5225717,3,2.12837625,1,0,1,1,0,0.0,1.258243,premature,0,-1,,1,1,premature,0,-1,,1,1,premature,0,-1,,1,1
floor_0p125,floor,adaptive,0.08,0.15,,0.05,8,0.125,,,P031,P031_pop909_sparse_short_062_melody.mid,113bb580ca65ca779549df831e3b90b62932fe9eb9935891172b6636ee9e6079,3,3.24324,1,0,1,0,0,0.0,4.500268,late,0,-1,,0,1,late,0,-1,,0,1,success,1,0,1.257027749999958,0,0
floor_0p125,floor,adaptive,0.08,0.15,,0.05,8,0.125,,,P032,P032_pop909_sparse_short_062_melody.mid,2638d2ec8832338b8f57a7147f9874c863c36279707599ffbd8782269c399746,3,3.24324,1,0,1,0,0,0.0,4.500268,late,0,-1,,0,1,late,0,-1,,0,1,success,1,0,1.257027749999958,0,0
floor_0p125,floor,adaptive,0.08,0.15,,0.05,8,0.125,,,P033,P033_pop909_sparse_short_062_melody.mid,dcf51fe0bedf2f9e1acede760976dcde4a78650e163ec3c6ce86d970b4cc65c3,3,3.24324,1,0,1,0,0,0.0,4.500268,late,0,-1,,0,1,late,0,-1,,0,1,success,1,0,1.257027749999958,0,0
floor_0p125,floor,adaptive,0.08,0.15,,0.05,8,0.125,,,P034,P034_pop909_dense_fast_095_bridge.mid,1eec4634489ebc2145d5d07f86a58778c994982c97d2dd5704238989cafe8164,49,1.7610275333333312,1,0,1,0,0,0.0,2.165807,success,1,0,0.40477943333332433,0,0,success,1,0,0.40477943333332433,0,0,success,1,0,0.40477943333332433,0,0
floor_0p125,floor,adaptive,0.08,0.15,,0.05,8,0.125,,,P035,P035_pop909_dense_fast_351_bridge.mid,cce631ae36062ea5c6c5856ce61c72dee517b0d26fc59e569c45986becb91fa5,28,1.0351939999999993,1,0,1,0,0,0.0,1.402946,success,1,0,0.36775208541665805,0,0,success,1,0,0.36775208541665805,0,0,success,1,0,0.36775208541665805,0,0
floor_0p125,floor,adaptive,0.08,0.15,,0.05,8,0.125,,,P036,P036_pop909_dense_fast_095_bridge.mid,8d7b860e3c98cfc78be2b1d435ac9d52da48b3df427707b2c9dc6e28266f4b58,38,1.6801452666666645,1,0,1,0,0,0.0,2.092572,success,1,0,0.4124264999999909,0,0,success,1,0,0.4124264999999909,0,0,success,1,0,0.4124264999999909,0,0
floor_0p125,floor,adaptive,0.08,0.15,,0.05,8,0.125,,,P037,P037_pop909_dense_fast_095_bridge.mid,14ee870cca3317109b67f85cc0241e6678d38b8efed31130577d8d722e145a58,30,0.7977932666666666,1,0,1,0,0,0.0,1.200220,success,1,0,0.4024264999999959,0,0,success,1,0,0.4024264999999959,0,0,success,1,0,0.4024264999999959,0,0
floor_0p125,floor,adaptive,0.08,0.15,,0.05,8,0.125,,,P038,P038_pop909_dense_fast_727_bridge.mid,4cec022a9c9e7dd2ec868ae3124b7089c195126defe23b8a3d440d2c7bbaf873,45,1.2854942770833329,1,0,1,0,0,0.0,1.688828,success,1,0,0.40333331874999057,0,0,success,1,0,0.40333331874999057,0,0,success,1,0,0.40333331874999057,0,0
floor_0p125,floor,adaptive,0.08,0.15,,0.05,8,0.125,,,P039,P039_pop909_chromatic_outside_789_piano.mid,89dc01789fe23c4372b236cc806e6567b05346295e667c74639aa4642a3e304b,16,7.272728,1,0,1,0,1,0.0,9.297879,late,0,-1,,0,1,late,0,-1,,0,1,late,0,-1,,0,1
floor_0p125,floor,adaptive,0.08,0.15,,0.05,8,0.125,,,P040,P040_pop909_chromatic_outside_064_piano.mid,76f70f424a678deaed9e02ef3b85db1c47a828b39689b0fb75fd6c5cd5f84a3f,23,7.562499999999999,1,0,1,0,0,0.0,7.688333,success,1,0,0.12583333333331392,0,0,success,1,0,0.12583333333331392,0,0,success,1,0,0.12583333333331392,0,0
floor_0p125,floor,adaptive,0.08,0.15,,0.05,8,0.125,,,P041,P041_pop909_chromatic_outside_796_piano.mid,5313ed35276167210c99ca9b0d50773ad1c5a71997072b20b1653efba88eb36f,20,6.486488,1,0,1,0,0,0.0,7.736556,late,0,-1,,0,1,late,0,-1,,0,1,success,1,0,1.2500675395833039,0,0
floor_0p125,floor,adaptive,0.08,0.15,,0.05,8,0.125,,,P042,P042_pop909_chromatic_outside_254_piano.mid,dfb97d893bd303a0043e98fe7c14dc376233ce114864c10be992cad37ef88538,24,3.3027539999999993,1,0,1,0,0,0.0,4.121791,late,0,-1,,0,1,success,1,0,0.8190365520833103,0,0,success,1,0,0.8190365520833103,0,0
floor_0p125,floor,adaptive,0.08,0.15,,0.05,8,0.125,,,P043,P043_pop909_chromatic_outside_311_bridge.mid,8bb993a52d683a9b093e77f22d9fa6d3df633472edafb5a0056e4e19b5852902,14,7.5,1,0,1,1,0,0.0,2.180937,premature,0,-1,,1,1,premature,0,-1,,1,1,premature,0,-1,,1,1
floor_0p125,floor,adaptive,0.08,0.15,,0.05,8,0.125,,,P044,P044_pop909_false_ending_pause_322_bridge.mid,92fa6bc714e6881f40bd275254b082416486b9d155453539c6e2e9cce641a65c,7,4.633333333333333,1,0,1,0,0,0.0,4.742500,success,1,0,0.10916666666663222,0,0,success,1,0,0.10916666666663222,0,0,success,1,0,0.10916666666663222,0,0
floor_0p125,floor,adaptive,0.08,0.15,,0.05,8,0.125,,,P045,P045_pop909_false_ending_pause_008_bridge.mid,28ee69826748317d665163811014939ed01825addd8f2c9505d27364a6b4adc8,7,4.876923483333333,1,0,1,1,0,0.0,2.204615,premature,0,-1,,1,1,premature,0,-1,,1,1,premature,0,-1,,1,1
floor_0p125,floor,adaptive,0.08,0.15,,0.05,8,0.125,,,P046,P046_pop909_false_ending_pause_253_bridge.mid,0e6ab6a38b763c541fa954510aaf319efab974b676865fe44aaa2c2338435f50,7,5.9943121875,1,0,1,1,0,0.0,2.430226,premature,0,-1,,1,1,premature,0,-1,,1,1,premature,0,-1,,1,1
floor_0p125,floor,adaptive,0.08,0.15,,0.05,8,0.125,,,P047,P047_pop909_false_ending_pause_396_melody.mid,45f3dedbc0915a84ff315fcf7040e15383bbafbc739845cd8f4e4db11fbe1207,7,3.8673180812499997,1,0,1,1,0,0.0,3.542681,premature,0,-1,,1,1,premature,0,-1,,1,1,premature,0,-1,,1,1
floor_0p125,floor,adaptive,0.08,0.15,,0.05,8,0.125,,,P048,P048_pop909_repetition_tail_234_bridge.mid,8edaf0b3c05cb78569d9801754c34b780426e21b3654154ff150d50ac4c12b59,8,4.000000000000001,1,0,1,1,0,0.0,3.011250,premature,0,-1,,1,1,premature,0,-1,,1,1,premature,0,-1,,1,1
floor_0p125,floor,adaptive,0.08,0.15,,0.05,8,0.125,,,P049,P049_pop909_repetition_tail_282_bridge.mid,b5bf7675db361f16e2641027f14dbd38a665a77edf6ca030a9254be54ddab400,8,5.691775224999999,1,0,1,0,0,0.0,7.096159,late,0,-1,,0,1,late,0,-1,,0,1,success,1,0,1.4043838916666296,0,0
floor_0p125,floor,adaptive,0.08,0.15,,0.05,8,0.125,,,P050,P050_pop909_repetition_tail_340_bridge.mid,92dfb3e992339ebac2e7204e10ece5a799d2ae91faeb4c2a0ff6f5611e0bfbac,8,5.245888,1,0,1,1,0,0.0,3.827151,premature,0,-1,,1,1,premature,0,-1,,1,1,premature,0,-1,,1,1
floor_0p50,floor,adaptive,0.08,0.15,,0.05,8,0.5,,,A01,A01_c_pentatonic_balanced.mid,e7a1620ba70d4372e998376d91e2f55590448a9cf5878e969a0f70d410659845,14,4.8,1,0,1,0,0,0.0,5.470000,late,0,-1,,0,1,success,1,0,0.669999999999976,0,0,success,1,0,0.669999999999976,0,0
floor_0p50,floor,adaptive,0.08,0.15,,0.05,8,0.5,,,A02,A02_a_minor_pentatonic_question.mid,5166d8996017b0341f9265fc4539b25d09211f1cc291b1e25a4623e68b1bbc0e,12,5.054348499999999,1,0,1,0,0,0.0,5.747174,late,0,-1,,0,1,success,1,0,0.6928259999999717,0,0,success,1,0,0.6928259999999717,0,0
floor_0p50,floor,adaptive,0.08,0.15,,0.05,8,0.5,,,A03,A03_a_blues_tension.mid,1c61cef65142077e0ea54a46832f15bf535a35b23c920ee8e40193b877467fd4,13,4.166669999999999,1,0,1,0,0,0.0,4.721114,late,0,-1,,0,1,success,1,0,0.5544439999999771,0,0,success,1,0,0.5544439999999771,0,0
floor_0p50,floor,adaptive,0.08,0.15,,0.05,8,0.5,,,A04,A04_classical_antecedent.mid,3b1b42414601831b09678bb49b714e6512be53f451a517170b48c6c3addb07f1,10,4.6499999999999995,1,0,1,0,0,0.0,5.425000,late,0,-1,,0,1,success,1,0,0.774999999999971,0,0,success,1,0,0.774999999999971,0,0
floor_0p50,floor,adaptive,0.08,0.15,,0.05,8,0.5,,,A05,A05_repetition_tail.mid,c615435e6cf9b0af8c8e4a2d9b7f28ccef90f4cc20ddffc10e23c15ec2296b28,12,4.182691749999999,2,1,1,0,0,0.5,4.720769,late,0,-1,,0,1,success,1,0,0.5380769999999764,0,0,success,1,0,0.5380769999999764,0,0
floor_0p50,floor,adaptive,0.08,0.15,,0.05,8,0.5,,,A06,A06_syncopated_pop.mid,25a2a2e4aea59cacc8434b36ae5173bd34aaa66ee7eec8c2e460f3f72addaf0e,12,4.3867945,1,0,1,0,0,0.0,5.318775,late,0,-1,,0,1,success,1,0,0.9319809999999737,0,0,success,1,0,0.9319809999999737,0,0
floor_0p50,floor,adaptive,0.08,0.15,,0.05,8,0.5,,,A07,A07_sparse_long_tones.mid,fb6faee9d721a971b5d6388dc979e5a15c26d45366bfef7ade9a8f82eec3358d,6,5.454543999999999,1,0,1,0,1,0.0,7.787726,late,0,-1,,0,1,late,0,-1,,0,1,late,0,-1,,0,1
floor_0p50,floor,adaptive,0.08,0.15,,0.05,8,0.5,,,A08,A08_dense_eighth_motion.mid,48faeb92585381b6928f2dc31a3119ec234d815efc25ec9d1ba67538fc3f6b41,16,4.285712000000002,1,0,1,0,0,0.0,4.977855,late,0,-1,,0,1,success,1,0,0.6921429999999793,0,0,success,1,0,0.6921429999999793,0,0
floor_0p50,floor,adaptive,0.08,0.15,,0.05,8,0.5,,,A09,A09_arched_contour.mid,91acd677fdf9a30e64f3584796b5fc38d648b1ddf3785f4d6a6445102c15ee7c,11,4.6875,1,0,1,0,0,0.0,5.492500,late,0,-1,,0,1,success,1,0,0.8049999999999695,0,0,success,1,0,0.8049999999999695,0,0
floor_0p50,floor,adaptive,0.08,0.15,,0.05,8,0.5,,,A10,A10_leap_gap_fill.mid,6639c3bceab3644ea59e759d1e92e76bcc9a082b5edaea30893d44682f7f3a97,13,4.6499999999999995,1,0,1,0,0,0.0,5.385000,late,0,-1,,0,1,success,1,0,0.7349999999999746,0,0,success,1,0,0.7349999999999746,0,0
floor_0p50,floor,adaptive,0.08,0.15,,0.05,8,0.5,,,R01,R01_390-v1.mid,e44793c8c043f7c92184c6189f5e7b1af47c202aaa6df435a76a4d26268313aa,13,4.0,1,0,1,1,0,0.0,2.044583,premature,0,-1,,1,1,premature,0,-1,,1,1,premature,0,-1,,1,1
floor_0p50,floor,adaptive,0.08,0.15,,0.05,8,0.5,,,R02,R02_667-v3.mid,af3cbab9e93480a553c9a217fc1abefdf3db788d071132050fca4cbfe862cdaa,8,4.0,1,0,1,0,0,0.0,4.377083,success,1,0,0.37708333333330746,0,0,success,1,0,0.37708333333330746,0,0,success,1,0,0.37708333333330746,0,0
floor_0p50,floor,adaptive,0.08,0.15,,0.05,8,0.5,,,R03,R03_174-v2.mid,88f11f634584a21ce30b0dc39c608cde9da43c7936400bba985f8702ecf9e962,12,3.9999999999999996,1,0,1,1,0,0.0,2.002917,premature,0,-1,,1,1,premature,0,-1,,1,1,premature,0,-1,,1,1
floor_0p50,floor,adaptive,0.08,0.15,,0.05,8,0.5,,,R04,R04_339-v2.mid,828aff4f088b889d0715fee3e65e9243f89520710a795fa7e4b585407a7da650,9,3.817708333333333,1,0,1,0,0,0.0,4.622292,late,0,-1,,0,1,success,1,0,0.8045833333333121,0,0,success,1,0,0.8045833333333121,0,0
floor_0p50,floor,adaptive,0.08,0.15,,0.05,8,0.5,,,R05,R05_581.mid,766b0c79d6f6905d1c32f244469b14bf48cb861e79ceede6ac2ee1929437dcf4,13,4.0,1,0,1,0,0,0.0,4.776875,late,0,-1,,0,1,success,1,0,0.7768749999999809,0,0,success,1,0,0.7768749999999809,0,0
floor_0p50,floor,adaptive,0.08,0.15,,0.05,8,0.5,,,R06,R06_132-v2.mid,e1ccff44d4528b8e4af0e40bdc4699a89e46169a5a6c766acc8ac50740c17bc4,15,4.0,1,0,1,0,0,0.0,4.744792,late,0,-1,,0,1,success,1,0,0.7447916666666501,0,0,success,1,0,0.7447916666666501,0,0
floor_0p50,floor,adaptive,0.08,0.15,,0.05,8,0.5,,,R07,R07_664-v2.mid,d84d97d7bfa78ff716110978692047e182ce9f01efee7a44f583544e113fed69,11,4.0,1,0,1,1,0,0.0,2.920625,premature,0,-1,,1,1,premature,0,-1,,1,1,premature,0,-1,,1,1
floor_0p50,floor,adaptive,0.08,0.15,,0.05,8,0.5,,,R08,R08_266-v1.mid,a60f28e61f3323d5039cd94cdaea65c36ca0311962a73686837cf9dfdde0799d,8,4.0,1,0,1,0,0,0.0,4.440000,success,1,0,0.4399999999999702,0,0,success,1,0,0.4399999999999702,0,0,success,1,0,0.4399999999999702,0,0
floor_0p50,floor,adaptive,0.08,0.15,,0.05,8,0.5,,,R09,R09_433.mid,e1f859f9f55ce2a1718a88f1ce5f88ffffd035cd2ac61aeba9f71e42eb3d1658,23,4.000000000000001,1,0,1,0,0,0.0,4.607708,late,0,-1,,0,1,success,1,0,0.6077083333333198,0,0,success,1,0,0.6077083333333198,0,0
floor_0p50,floor,adaptive,0.08,0.15,,0.05,8,0.5,,,R10,R10_039-v2.mid,25635c75dc841999c02ffb9b7d67ef21f421bef585b28e0635701689b574a8f6,11,4.000000000000001,1,0,1,1,0,0.0,3.580833,premature,0,-1,,1,1,premature,0,-1,,1,1,premature,0,-1,,1,1
floor_0p50,floor,adaptive,0.08,0.15,,0.05,8,0.5,,,R11,R11_538.mid,676637ee06573aad6e8ea80367346578ac11b8ed36c9f8ce5702eda3643830ab,20,3.921875,1,0,1,0,0,0.0,4.330833,success,1,0,0.4089583333333211,0,0,success,1,0,0.4089583333333211,0,0,success,1,0,0.4089583333333211,0,0
floor_0p50,floor,adaptive,0.08,0.15,,0.05,8,0.5,,,R12,R12_457.mid,151dd04bd54d11512876bab817410ae94fb81547894ff0a3b96401968101f6df,13,4.0,1,0,1,1,0,0.0,2.326250,premature,0,-1,,1,1,premature,0,-1,,1,1,premature,0,-1,,1,1
floor_0p50,floor,adaptive,0.08,0.15,,0.05,8,0.5,,,R13,R13_353-v1.mid,ef59a3cdc969d70fd54c9cd52a37e30deb9772958305ace368edde9ea5afc7c3,11,4.0,1,0,1,1,0,0.0,1.859167,premature,0,-1,,1,1,premature,0,-1,,1,1,premature,0,-1,,1,1
floor_0p50,floor,adaptive,0.08,0.15,,0.05,8,0.5,,,R14,R14_073.mid,6014529ddd8b96a82fd599bf2e0268f5da21dad2080ba59e69de225512a58ee3,12,3.939583333333333,1,0,1,0,0,0.0,4.832708,late,0,-1,,0,1,success,1,0,0.8931249999999782,0,0,success,1,0,0.8931249999999782,0,0
floor_0p50,floor,adaptive,0.08,0.15,,0.05,8,0.5,,,R15,R15_156-v2.mid,d6ae647242ceff286d61867ebb06ee767c382eed20c618f7988a94d4733b7d8d,9,4.0,1,0,1,1,0,0.0,3.896875,premature,0,-1,,1,1,premature,0,-1,,1,1,premature,0,-1,,1,1
floor_0p50,floor,adaptive,0.08,0.15,,0.05,8,0.5,,,R16,R16_249.mid,32c21206c709d04269f4de5a9705ca310189a55c657a53ea8612ed3c5ac480dd,8,4.0,1,0,1,0,0,0.0,5.295625,late,0,-1,,0,1,late,0,-1,,0,1,success,1,0,1.2956249999999647,0,0
floor_0p50,floor,adaptive,0.08,0.15,,0.05,8,0.5,,,R17,R17_319.mid,7b40b95a494f202130093514531c7232c45d539c2a7ebafe5dee64fac4bc0e7e,18,4.0,1,0,1,0,0,0.0,4.570208,late,0,-1,,0,1,success,1,0,0.5702083333333201,0,0,success,1,0,0.5702083333333201,0,0
floor_0p50,floor,adaptive,0.08,0.15,,0.05,8,0.5,,,R18,R18_249.mid,0dc5853f595ca79ae339d76ccf661f166c739dba3b0cb0d66eeb860ef17dd7c0,9,4.0,1,0,1,0,0,0.0,4.365625,success,1,0,0.3656249999999739,0,0,success,1,0,0.3656249999999739,0,0,success,1,0,0.3656249999999739,0,0
floor_0p50,floor,adaptive,0.08,0.15,,0.05,8,0.5,,,R19,R19_733.mid,73dc520e4f2e19e784486fb5160d0686a1f7d90b81c9bb57b8e6478f3b2032fe,10,4.0,1,0,1,1,0,0.0,1.744583,premature,0,-1,,1,1,premature,0,-1,,1,1,premature,0,-1,,1,1
floor_0p50,floor,adaptive,0.08,0.15,,0.05,8,0.5,,,R20,R20_660.mid,a3a01235dabd1fd09f3b7047e7b59bee8af87f41bc4456aa3e261bc412d6998a,8,3.983333333333334,1,0,1,0,0,0.0,5.447708,late,0,-1,,0,1,late,0,-1,,0,1,success,1,0,1.4643749999999653,0,0
floor_0p50,floor,adaptive,0.08,0.15,,0.05,8,0.5,,,R21,R21_756-v2.mid,7b479a282dd8ac5742239c1fda08a8a89a1834843d91b2b219beaa12a020ebdc,8,4.0,1,0,1,0,0,0.0,5.600625,late,0,-1,,0,1,late,0,-1,,0,1,success,1,0,1.6006249999999627,0,0
floor_0p50,floor,adaptive,0.08,0.15,,0.05,8,0.5,,,R22,R22_156.mid,530aaba96af00f7031edd5c0b26b6a257808c3f3d7df6c3d36f325fc29229487,10,4.0,1,0,1,1,0,0.0,3.791875,premature,0,-1,,1,1,premature,0,-1,,1,1,premature,0,-1,,1,1
floor_0p50,floor,adaptive,0.08,0.15,,0.05,8,0.5,,,R23,R23_645.mid,4089adb020ffa2aa242ec57c10ef8efd9ad726c8c6bf22e335e91d65a5783ac4,12,3.9999999999999996,1,0,1,1,0,0.0,3.363958,premature,0,-1,,1,1,premature,0,-1,,1,1,premature,0,-1,,1,1
floor_0p50,floor,adaptive,0.08,0.15,,0.05,8,0.5,,,R24,R24_242-v2.mid,5a18cae5a6fd996e3688bb05a6723665c26e561d21b88c112d65d4a6bdb51fca,15,4.000000000000001,2,1,1,1,0,0.5,3.341458,premature,0,-1,,1,1,premature,0,-1,,1,1,premature,0,-1,,1,1
floor_0p50,floor,adaptive,0.08,0.15,,0.05,8,0.5,,,R25,R25_618-v1.mid,56ff3fa00dc9e75c7913306f4a8cede335d24189bb8e26cfce827120f12743c7,10,4.0,1,0,1,1,0,0.0,3.186250,premature,0,-1,,1,1,premature,0,-1,,1,1,premature,0,-1,,1,1
floor_0p50,floor,adaptive,0.08,0.15,,0.05,8,0.5,,,R26,R26_560-v1.mid,f0d0a16aff422f9a5877f2944cdd0b959b4801aa449310959626fa7dbd7a6edb,15,3.951041666666667,2,1,1,0,0,0.5,4.622917,late,0,-1,,0,1,success,1,0,0.6718749999999831,0,0,success,1,0,0.6718749999999831,0,0
floor_0p50,floor,adaptive,0.08,0.15,,0.05,8,0.5,,,R27,R27_735.mid,c6fabc901af844a2236d5a2956bd48e11d7952607af238e872c0dc7f65dbaa6f,16,4.0,2,1,1,0,0,0.5,4.795625,late,0,-1,,0,1,success,1,0,0.7956249999999816,0,0,success,1,0,0.7956249999999816,0,0
floor_0p50,floor,adaptive,0.08,0.15,,0.05,8,0.5,,,R28,R28_804-v3.mid,f2326f94ae3ec36fd956ed7a74f507c37dfaeae99fddbfc7f2cbf87414f92030,11,3.9802083333333336,1,0,1,1,0,0.0,2.786250,premature,0,-1,,1,1,premature,0,-1,,1,1,premature,0,-1,,1,1
floor_0p50,floor,adaptive,0.08,0.15,,0.05,8,0.5,,,R29,R29_846-v2.mid,b750d5ab04a7fcc02298fea281e624dbc92dd1640a17037e580bb5b845ab517b,12,4.0,2,1,1,0,0,0.5,4.812917,late,0,-1,,0,1,success,1,0,0.8129166666666441,0,0,success,1,0,0.8129166666666441,0,0
floor_0p50,floor,adaptive,0.08,0.15,,0.05,8,0.5,,,R30,R30_002-v2.mid,3b8c10e5c6886af05080687f0bc745791d33e73b2cec916337c1799e43024254,19,4.0,1,0,1,0,0,0.0,4.747917,late,0,-1,,0,1,success,1,0,0.7479166666666499,0,0,success,1,0,0.7479166666666499,0,0
floor_0p50,floor,adaptive,0.08,0.15,,0.05,8,0.5,,,R31,R31_069-v5.mid,ad5859e7014674fc2b088288d32445f60e2790c868a97bae22f5c6c6f7a9c906,10,4.0,1,0,1,0,0,0.0,4.614583,late,0,-1,,0,1,success,1,0,0.6145833333333073,0,0,success,1,0,0.6145833333333073,0,0
floor_0p50,floor,adaptive,0.08,0.15,,0.05,8,0.5,,,R32,R32_290-v2.mid,b6d63759467030d9561098d602d2077dba3fd2e6533d64bc6401940ec9398bd7,11,4.0,1,0,1,1,0,0.0,0.866667,premature,0,-1,,1,1,premature,0,-1,,1,1,premature,0,-1,,1,1
floor_0p50,floor,adaptive,0.08,0.15,,0.05,8,0.5,,,R33,R33_144-v1.mid,14914529875824c38e895baf4969bc1f01031d5a20038d87474333091ce8bf16,21,4.0,1,0,1,0,0,0.0,4.573542,late,0,-1,,0,1,success,1,0,0.5735416666666548,0,0,success,1,0,0.5735416666666548,0,0
floor_0p50,floor,adaptive,0.08,0.15,,0.05,8,0.5,,,R34,R34_680-v3.mid,193fa77f9af23482857e237a7f27c3f78c79243d9a1ffca85d491c191040a3d9,15,4.0,1,0,1,0,0,0.0,4.773750,late,0,-1,,0,1,success,1,0,0.7737499999999811,0,0,success,1,0,0.7737499999999811,0,0
floor_0p50,floor,adaptive,0.08,0.15,,0.05,8,0.5,,,R35,R35_436-v2.mid,0db58df01ff0e7ef7665b41a914d45f2c8da7ce346a391eafaadda58c2fbcbd1,8,3.9999999999999996,1,0,1,1,0,0.0,2.049792,premature,0,-1,,1,1,premature,0,-1,,1,1,premature,0,-1,,1,1
floor_0p50,floor,adaptive,0.08,0.15,,0.05,8,0.5,,,R36,R36_230.mid,292e936198ef29131aa14fa25acb693df0d1183ea1dde8ce70b941f2378a5b3c,11,4.0,1,0,1,1,0,0.0,2.227917,premature,0,-1,,1,1,premature,0,-1,,1,1,premature,0,-1,,1,1
floor_0p50,floor,adaptive,0.08,0.15,,0.05,8,0.5,,,R37,R37_667-v3.mid,3423caa4b45632a7f2c919a198ed678b6eb9786448d01e549dc32a5398afcf9f,7,4.0,1,0,1,0,0,0.0,5.932083,late,0,-1,,0,1,late,0,-1,,0,1,success,1,0,1.9320833333332903,0,0
floor_0p50,floor,adaptive,0.08,0.15,,0.05,8,0.5,,,R38,R38_136.mid,3abb38ce19d8de517c62b2014f88ea09cffbe9e6bf5ed9c01ed0c1155a8acbe5,14,4.0,2,1,1,0,0,0.5,4.935833,late,0,-1,,0,1,success,1,0,0.9358333333333118,0,0,success,1,0,0.9358333333333118,0,0
floor_0p50,floor,adaptive,0.08,0.15,,0.05,8,0.5,,,R39,R39_578-v3.mid,fceb1f97ce180f42e04547ff0aa0b9478cd06770ac604a3832d919926ad92aa7,16,4.0,1,0,1,0,0,0.0,4.743958,late,0,-1,,0,1,success,1,0,0.7439583333333175,0,0,success,1,0,0.7439583333333175,0,0
floor_0p50,floor,adaptive,0.08,0.15,,0.05,8,0.5,,,R40,R40_454.mid,d848f11068ba98d752767ac7826bc58b93c22e9b031ee710f0fae41eccde2eec,12,3.9187499999999997,1,0,1,0,0,0.0,4.954375,late,0,-1,,0,1,late,0,-1,,0,1,success,1,0,1.035624999999976,0,0
floor_0p50,floor,adaptive,0.08,0.15,,0.05,8,0.5,,,P001,P001_pop909_clear_motif_melody_298_bridge.mid,8b00372060ba7b623d803e3af7e70f5ef60b65f66816ad377f725005f4c84fa9,10,4.948456,2,1,1,0,0,0.5,6.278662,late,0,-1,,0,1,late,0,-1,,0,1,success,1,0,1.330206047916632,0,0
floor_0p50,floor,adaptive,0.08,0.15,,0.05,8,0.5,,,P002,P002_pop909_clear_motif_melody_248_bridge.mid,ccb942640a73e3e0122c796c0971c8f675a924861614fa62562f002ab9ef196d,10,3.478248,1,0,1,0,0,0.0,4.030315,late,0,-1,,0,1,success,1,0,0.5520668562499793,0,0,success,1,0,0.5520668562499793,0,0
floor_0p50,floor,adaptive,0.08,0.15,,0.05,8,0.5,,,P003,P003_pop909_clear_motif_melody_339_melody.mid,628d1079f63c4bf7a08c4ee78f0765919be119f7b82f8dc3ffde83afbb2238ec,10,6.3124899,1,0,1,1,0,0.0,4.710481,premature,0,-1,,1,1,premature,0,-1,,1,1,premature,0,-1,,1,1
floor_0p50,floor,adaptive,0.08,0.15,,0.05,8,0.5,,,P004,P004_pop909_clear_motif_melody_268_melody.mid,e1ad81a5ae674340b836f4d87a0f82f0920845ccc4214feb28ccf9b9603f0948,10,8.0,1,0,1,0,0,0.0,8.347500,success,1,0,0.347500000000041,0,0,success,1,0,0.347500000000041,0,0,success,1,0,0.347500000000041,0,0
floor_0p50,floor,adaptive,0.08,0.15,,0.05,8,0.5,,,P005,P005_pop909_clear_motif_melody_021_melody.mid,a1fe99526a41a4b56b5a507d209dd13d4105ef53e85d25dd53ce7e9ee5915ff3,10,4.13157275,2,1,1,0,0,0.5,5.173503,late,0,-1,,0,1,late,0,-1,,0,1,success,1,0,1.0419303541666372,0,0
floor_0p50,floor,adaptive,0.08,0.15,,0.05,8,0.5,,,P006,P006_pop909_clear_motif_melody_220_melody.mid,81d85ebdbdb62cf3dd0eb82602b7fe26907e395242e71f5bb78ef112438b09cc,10,3.870936,2,1,1,0,0,0.5,5.055615,late,0,-1,,0,1,late,0,-1,,0,1,success,1,0,1.1846787749999712,0,0
floor_0p50,floor,adaptive,0.08,0.15,,0.05,8,0.5,,,P007,P007_pop909_clear_motif_melody_273_melody.mid,b6f10983b8aa291a839fc6e5232bc1920fa3b1e354e6e03e788a7a6b17af9d59,10,6.48648,1,0,1,1,0,0.0,5.257293,premature,0,-1,,1,1,premature,0,-1,,1,1,premature,0,-1,,1,1
floor_0p50,floor,adaptive,0.08,0.15,,0.05,8,0.5,,,P008,P008_pop909_clear_motif_melody_713_melody.mid,cc0088d140a0c7f748d7a717a6f796eed7338f6a4d8889e8e2eebd7fab8f8f51,10,5.454544,1,0,1,1,0,0.0,3.470284,premature,0,-1,,1,1,premature,0,-1,,1,1,premature,0,-1,,1,1
floor_0p50,floor,adaptive,0.08,0.15,,0.05,8,0.5,,,P009,P009_pop909_clear_motif_melody_328_melody.mid,e8885a270c794ef4d50b9e6e050e3a0d3d8301d178169d86d88126123dbf06e2,10,5.333328,1,0,1,1,0,0.0,2.229999,premature,0,-1,,1,1,premature,0,-1,,1,1,premature,0,-1,,1,1
floor_0p50,floor,adaptive,0.08,0.15,,0.05,8,0.5,,,P010,P010_pop909_clear_motif_melody_407_melody.mid,42e7658af7a87529d58b908a6d60cc195eeb297cdd129a98e1cb2649ce5aecce,10,6.15,1,0,1,1,0,0.0,5.520000,premature,0,-1,,1,1,premature,0,-1,,1,1,premature,0,-1,,1,1
floor_0p50,floor,adaptive,0.08,0.15,,0.05,8,0.5,,,P011,P011_pop909_clear_motif_melody_119_melody.mid,896c48c32a15cf85bd286aa4436d0a697c9a91692eb0fb128687d212976619d5,10,7.272728,1,0,1,1,0,0.0,2.383182,premature,0,-1,,1,1,premature,0,-1,,1,1,premature,0,-1,,1,1
floor_0p50,floor,adaptive,0.08,0.15,,0.05,8,0.5,,,P012,P012_pop909_clear_motif_melody_188_melody.mid,54bf4eb2f8bff2ccd5d214afc84523384678bdefdf3145e821781182c58bc003,10,4.363632000000001,1,0,1,1,0,0.0,1.535227,premature,0,-1,,1,1,premature,0,-1,,1,1,premature,0,-1,,1,1
floor_0p50,floor,adaptive,0.08,0.15,,0.05,8,0.5,,,P013,P013_pop909_expressive_rubato_203_bridge.mid,d94792fd3118efad79013d413549904951e6acf204434771004ef7b6bac68e4a,9,3.000000000000001,1,0,1,1,0,0.0,1.478958,premature,0,-1,,1,1,premature,0,-1,,1,1,premature,0,-1,,1,1
floor_0p50,floor,adaptive,0.08,0.15,,0.05,8,0.5,,,P014,P014_pop909_expressive_rubato_203_bridge.mid,d78dea53ea8b5558568755412ec7c72b704ce448c1990fbb631bad2aba3c7411,9,3.0,1,0,1,0,1,0.0,5.228958,late,0,-1,,0,1,late,0,-1,,0,1,late,0,-1,,0,1
floor_0p50,floor,adaptive,0.08,0.15,,0.05,8,0.5,,,P015,P015_pop909_expressive_rubato_263_bridge.mid,fdbb28e369fed211abc0a0b53b2006a331c357c454f4284639fd36961d3aac40,16,5.333328000000002,1,0,1,0,1,0.0,7.450550,late,0,-1,,0,1,late,0,-1,,0,1,late,0,-1,,0,1
floor_0p50,floor,adaptive,0.08,0.15,,0.05,8,0.5,,,P016,P016_pop909_expressive_rubato_617_bridge.mid,37d4c7b2c4a5856f926b9e67a662ac676aa83beca73c7dfc2dd6c188e52a38a4,4,1.3348119999999997,1,0,1,0,0,0.0,3.228689,late,0,-1,,0,1,late,0,-1,,0,1,success,1,0,1.893876566666626,0,0
floor_0p50,floor,adaptive,0.08,0.15,,0.05,8,0.5,,,P017,P017_pop909_expressive_rubato_178_bridge.mid,cfbf91b1d04e90e9d2e6b6f7ddd9fc480393f1166fde55646495523c989f5d8e,20,6.760552000000001,1,0,1,0,1,0.0,8.855200,late,0,-1,,0,1,late,0,-1,,0,1,late,0,-1,,0,1
floor_0p50,floor,adaptive,0.08,0.15,,0.05,8,0.5,,,P018,P018_pop909_expressive_rubato_191_bridge.mid,b6e56889014ca3786b340c447e92d66f50ed149b21600186179487f5799f9b73,22,7.272727999999999,1,0,1,1,0,0.0,3.178712,premature,0,-1,,1,1,premature,0,-1,,1,1,premature,0,-1,,1,1
floor_0p50,floor,adaptive,0.08,0.15,,0.05,8,0.5,,,P019,P019_pop909_expressive_rubato_178_bridge.mid,51d4e82b5c0b217263d7a849828b0f05a8411876b0a87f85f4c175bf27767739,20,6.760551999999999,1,0,1,1,0,0.0,1.409717,premature,0,-1,,1,1,premature,0,-1,,1,1,premature,0,-1,,1,1
floor_0p50,floor,adaptive,0.08,0.15,,0.05,8,0.5,,,P020,P020_pop909_expressive_rubato_212_bridge.mid,6f5eee7b1684521d31dac9b4e36649e423a8ce813df0a5f142967525e2bf2e17,17,5.783128,1,0,1,1,0,0.0,4.248793,premature,0,-1,,1,1,premature,0,-1,,1,1,premature,0,-1,,1,1
floor_0p50,floor,adaptive,0.08,0.15,,0.05,8,0.5,,,P021,P021_pop909_chord_arpeggio_polyphonic_227_piano.mid,41b21fee0bca14bd00917fcf3d879b2fcebb9856fef2228a36e0b912e58444c9,18,7.1641759999999985,1,0,1,0,0,0.0,8.476340,late,0,-1,,0,1,late,0,-1,,0,1,success,1,0,1.3121642583333868,0,0
floor_0p50,floor,adaptive,0.08,0.15,,0.05,8,0.5,,,P022,P022_pop909_chord_arpeggio_polyphonic_003_piano.mid,ea9963c2ef0400f7458ed0b378c21cc36273462aabccb9685efcd21625bbdcfd,19,2.9268239999999985,1,0,1,0,0,0.0,3.706763,late,0,-1,,0,1,success,1,0,0.7799393124999803,0,0,success,1,0,0.7799393124999803,0,0
floor_0p50,floor,adaptive,0.08,0.15,,0.05,8,0.5,,,P023,P023_pop909_chord_arpeggio_polyphonic_222_piano.mid,bddeab49734bbbb17982dc09bdfaac6a8c2e1a112b7fd3464c5e7c9deadcfc94,19,6.1538400000000015,1,0,1,0,0,0.0,7.295507,late,0,-1,,0,1,late,0,-1,,0,1,success,1,0,1.141666999999969,0,0
floor_0p50,floor,adaptive,0.08,0.15,,0.05,8,0.5,,,P024,P024_pop909_chord_arpeggio_polyphonic_287_piano.mid,ec7a6fe844d8678913cee3e05d68bc85d02d45d316e498dcfe79e58c814953c2,26,6.9347729000000005,1,0,1,0,1,0.0,9.017672,late,0,-1,,0,1,late,0,-1,,0,1,late,0,-1,,0,1
floor_0p50,floor,adaptive,0.08,0.15,,0.05,8,0.5,,,P025,P025_pop909_chord_arpeggio_polyphonic_566_piano.mid,52dae62297b7cdeff27e0bea0925c8bebbbb999e9935efba566c8ffc51c206e8,22,5.783128,1,0,1,0,0,0.0,6.842405,late,0,-1,,0,1,late,0,-1,,0,1,success,1,0,1.0592772499999734,0,0
floor_0p50,floor,adaptive,0.08,0.15,,0.05,8,0.5,,,P026,P026_pop909_chord_arpeggio_polyphonic_106_piano.mid,5a21694b1c7abc6be7e5c6ee6dd6611dbca54dacb44c602d9f7dc226f5eaad89,28,7.1641759999999985,1,0,1,0,0,0.0,8.537907,late,0,-1,,0,1,late,0,-1,,0,1,success,1,0,1.3737313958333965,0,0
floor_0p50,floor,adaptive,0.08,0.15,,0.05,8,0.5,,,P027,P027_pop909_chord_arpeggio_polyphonic_218_piano.mid,3d2716434e914a4c1b7b0fee64a762d631c9eb844e328c4f880eb95f36c370a6,32,7.0588159999999975,1,0,1,0,0,0.0,7.957198,late,0,-1,,0,1,success,1,0,0.8983824666666456,0,0,success,1,0,0.8983824666666456,0,0
floor_0p50,floor,adaptive,0.08,0.15,,0.05,8,0.5,,,P028,P028_pop909_chord_arpeggio_polyphonic_242_piano.mid,cd5c6e16ed3247ea34a6331d4c2e4dd980c5793b2def6bf2d11ae3b4d6d7560e,27,7.868856,1,0,1,0,0,0.0,9.021069,late,0,-1,,0,1,late,0,-1,,0,1,success,1,0,1.1522130437501543,0,0
floor_0p50,floor,adaptive,0.08,0.15,,0.05,8,0.5,,,P029,P029_pop909_sparse_short_062_melody.mid,de331be603af62c8ecaeb6b4de4413d0dfe0f3c4a24efa36a90905ae0bb82a26,3,3.24324,1,0,1,0,0,0.0,4.500268,late,0,-1,,0,1,late,0,-1,,0,1,success,1,0,1.257027749999958,0,0
floor_0p50,floor,adaptive,0.08,0.15,,0.05,8,0.5,,,P030,P030_pop909_sparse_short_062_melody.mid,f2c561cfdf3ae696074a8292cfd9b6e91d18a740bb99c9c5ad4661e2b5225717,3,2.12837625,1,0,1,1,0,0.0,1.258243,premature,0,-1,,1,1,premature,0,-1,,1,1,premature,0,-1,,1,1
floor_0p50,floor,adaptive,0.08,0.15,,0.05,8,0.5,,,P031,P031_pop909_sparse_short_062_melody.mid,113bb580ca65ca779549df831e3b90b62932fe9eb9935891172b6636ee9e6079,3,3.24324,1,0,1,0,0,0.0,4.500268,late,0,-1,,0,1,late,0,-1,,0,1,success,1,0,1.257027749999958,0,0
floor_0p50,floor,adaptive,0.08,0.15,,0.05,8,0.5,,,P032,P032_pop909_sparse_short_062_melody.mid,2638d2ec8832338b8f57a7147f9874c863c36279707599ffbd8782269c399746,3,3.24324,1,0,1,0,0,0.0,4.500268,late,0,-1,,0,1,late,0,-1,,0,1,success,1,0,1.257027749999958,0,0
floor_0p50,floor,adaptive,0.08,0.15,,0.05,8,0.5,,,P033,P033_pop909_sparse_short_062_melody.mid,dcf51fe0bedf2f9e1acede760976dcde4a78650e163ec3c6ce86d970b4cc65c3,3,3.24324,1,0,1,0,0,0.0,4.500268,late,0,-1,,0,1,late,0,-1,,0,1,success,1,0,1.257027749999958,0,0
floor_0p50,floor,adaptive,0.08,0.15,,0.05,8,0.5,,,P034,P034_pop909_dense_fast_095_bridge.mid,1eec4634489ebc2145d5d07f86a58778c994982c97d2dd5704238989cafe8164,49,1.7610275333333312,1,0,1,0,0,0.0,2.165807,success,1,0,0.40477943333332433,0,0,success,1,0,0.40477943333332433,0,0,success,1,0,0.40477943333332433,0,0
floor_0p50,floor,adaptive,0.08,0.15,,0.05,8,0.5,,,P035,P035_pop909_dense_fast_351_bridge.mid,cce631ae36062ea5c6c5856ce61c72dee517b0d26fc59e569c45986becb91fa5,28,1.0351939999999993,1,0,1,0,0,0.0,1.402946,success,1,0,0.36775208541665805,0,0,success,1,0,0.36775208541665805,0,0,success,1,0,0.36775208541665805,0,0
floor_0p50,floor,adaptive,0.08,0.15,,0.05,8,0.5,,,P036,P036_pop909_dense_fast_095_bridge.mid,8d7b860e3c98cfc78be2b1d435ac9d52da48b3df427707b2c9dc6e28266f4b58,38,1.6801452666666645,1,0,1,0,0,0.0,2.092572,success,1,0,0.4124264999999909,0,0,success,1,0,0.4124264999999909,0,0,success,1,0,0.4124264999999909,0,0
floor_0p50,floor,adaptive,0.08,0.15,,0.05,8,0.5,,,P037,P037_pop909_dense_fast_095_bridge.mid,14ee870cca3317109b67f85cc0241e6678d38b8efed31130577d8d722e145a58,30,0.7977932666666666,1,0,1,0,0,0.0,1.200220,success,1,0,0.4024264999999959,0,0,success,1,0,0.4024264999999959,0,0,success,1,0,0.4024264999999959,0,0
floor_0p50,floor,adaptive,0.08,0.15,,0.05,8,0.5,,,P038,P038_pop909_dense_fast_727_bridge.mid,4cec022a9c9e7dd2ec868ae3124b7089c195126defe23b8a3d440d2c7bbaf873,45,1.2854942770833329,1,0,1,0,0,0.0,1.688828,success,1,0,0.40333331874999057,0,0,success,1,0,0.40333331874999057,0,0,success,1,0,0.40333331874999057,0,0
floor_0p50,floor,adaptive,0.08,0.15,,0.05,8,0.5,,,P039,P039_pop909_chromatic_outside_789_piano.mid,89dc01789fe23c4372b236cc806e6567b05346295e667c74639aa4642a3e304b,16,7.272728,1,0,1,0,1,0.0,9.297879,late,0,-1,,0,1,late,0,-1,,0,1,late,0,-1,,0,1
floor_0p50,floor,adaptive,0.08,0.15,,0.05,8,0.5,,,P040,P040_pop909_chromatic_outside_064_piano.mid,76f70f424a678deaed9e02ef3b85db1c47a828b39689b0fb75fd6c5cd5f84a3f,23,7.562499999999999,1,0,1,0,0,0.0,7.688333,success,1,0,0.12583333333331392,0,0,success,1,0,0.12583333333331392,0,0,success,1,0,0.12583333333331392,0,0
floor_0p50,floor,adaptive,0.08,0.15,,0.05,8,0.5,,,P041,P041_pop909_chromatic_outside_796_piano.mid,5313ed35276167210c99ca9b0d50773ad1c5a71997072b20b1653efba88eb36f,20,6.486488,1,0,1,0,0,0.0,7.736556,late,0,-1,,0,1,late,0,-1,,0,1,success,1,0,1.2500675395833039,0,0
floor_0p50,floor,adaptive,0.08,0.15,,0.05,8,0.5,,,P042,P042_pop909_chromatic_outside_254_piano.mid,dfb97d893bd303a0043e98fe7c14dc376233ce114864c10be992cad37ef88538,24,3.3027539999999993,1,0,1,0,0,0.0,4.121791,late,0,-1,,0,1,success,1,0,0.8190365520833103,0,0,success,1,0,0.8190365520833103,0,0
floor_0p50,floor,adaptive,0.08,0.15,,0.05,8,0.5,,,P043,P043_pop909_chromatic_outside_311_bridge.mid,8bb993a52d683a9b093e77f22d9fa6d3df633472edafb5a0056e4e19b5852902,14,7.5,1,0,1,1,0,0.0,2.180937,premature,0,-1,,1,1,premature,0,-1,,1,1,premature,0,-1,,1,1
floor_0p50,floor,adaptive,0.08,0.15,,0.05,8,0.5,,,P044,P044_pop909_false_ending_pause_322_bridge.mid,92fa6bc714e6881f40bd275254b082416486b9d155453539c6e2e9cce641a65c,7,4.633333333333333,1,0,1,0,0,0.0,4.742500,success,1,0,0.10916666666663222,0,0,success,1,0,0.10916666666663222,0,0,success,1,0,0.10916666666663222,0,0
floor_0p50,floor,adaptive,0.08,0.15,,0.05,8,0.5,,,P045,P045_pop909_false_ending_pause_008_bridge.mid,28ee69826748317d665163811014939ed01825addd8f2c9505d27364a6b4adc8,7,4.876923483333333,1,0,1,1,0,0.0,2.204615,premature,0,-1,,1,1,premature,0,-1,,1,1,premature,0,-1,,1,1
floor_0p50,floor,adaptive,0.08,0.15,,0.05,8,0.5,,,P046,P046_pop909_false_ending_pause_253_bridge.mid,0e6ab6a38b763c541fa954510aaf319efab974b676865fe44aaa2c2338435f50,7,5.9943121875,1,0,1,1,0,0.0,2.430226,premature,0,-1,,1,1,premature,0,-1,,1,1,premature,0,-1,,1,1
floor_0p50,floor,adaptive,0.08,0.15,,0.05,8,0.5,,,P047,P047_pop909_false_ending_pause_396_melody.mid,45f3dedbc0915a84ff315fcf7040e15383bbafbc739845cd8f4e4db11fbe1207,7,3.8673180812499997,1,0,1,1,0,0.0,3.542681,premature,0,-1,,1,1,premature,0,-1,,1,1,premature,0,-1,,1,1
floor_0p50,floor,adaptive,0.08,0.15,,0.05,8,0.5,,,P048,P048_pop909_repetition_tail_234_bridge.mid,8edaf0b3c05cb78569d9801754c34b780426e21b3654154ff150d50ac4c12b59,8,4.000000000000001,1,0,1,1,0,0.0,3.011250,premature,0,-1,,1,1,premature,0,-1,,1,1,premature,0,-1,,1,1
floor_0p50,floor,adaptive,0.08,0.15,,0.05,8,0.5,,,P049,P049_pop909_repetition_tail_282_bridge.mid,b5bf7675db361f16e2641027f14dbd38a665a77edf6ca030a9254be54ddab400,8,5.691775224999999,1,0,1,0,0,0.0,7.096159,late,0,-1,,0,1,late,0,-1,,0,1,success,1,0,1.4043838916666296,0,0
floor_0p50,floor,adaptive,0.08,0.15,,0.05,8,0.5,,,P050,P050_pop909_repetition_tail_340_bridge.mid,92dfb3e992339ebac2e7204e10ece5a799d2ae91faeb4c2a0ff6f5611e0bfbac,8,5.245888,1,0,1,1,0,0.0,3.827151,premature,0,-1,,1,1,premature,0,-1,,1,1,premature,0,-1,,1,1
max_cutoff_2s,clamp,adaptive,0.08,0.15,,0.05,8,0.25,,2.0,A01,A01_c_pentatonic_balanced.mid,e7a1620ba70d4372e998376d91e2f55590448a9cf5878e969a0f70d410659845,14,4.8,1,0,1,0,0,0.0,5.470000,late,0,-1,,0,1,success,1,0,0.669999999999976,0,0,success,1,0,0.669999999999976,0,0
max_cutoff_2s,clamp,adaptive,0.08,0.15,,0.05,8,0.25,,2.0,A02,A02_a_minor_pentatonic_question.mid,5166d8996017b0341f9265fc4539b25d09211f1cc291b1e25a4623e68b1bbc0e,12,5.054348499999999,1,0,1,0,0,0.0,5.747174,late,0,-1,,0,1,success,1,0,0.6928259999999717,0,0,success,1,0,0.6928259999999717,0,0
max_cutoff_2s,clamp,adaptive,0.08,0.15,,0.05,8,0.25,,2.0,A03,A03_a_blues_tension.mid,1c61cef65142077e0ea54a46832f15bf535a35b23c920ee8e40193b877467fd4,13,4.166669999999999,1,0,1,0,0,0.0,4.721114,late,0,-1,,0,1,success,1,0,0.5544439999999771,0,0,success,1,0,0.5544439999999771,0,0
max_cutoff_2s,clamp,adaptive,0.08,0.15,,0.05,8,0.25,,2.0,A04,A04_classical_antecedent.mid,3b1b42414601831b09678bb49b714e6512be53f451a517170b48c6c3addb07f1,10,4.6499999999999995,1,0,1,0,0,0.0,5.425000,late,0,-1,,0,1,success,1,0,0.774999999999971,0,0,success,1,0,0.774999999999971,0,0
max_cutoff_2s,clamp,adaptive,0.08,0.15,,0.05,8,0.25,,2.0,A05,A05_repetition_tail.mid,c615435e6cf9b0af8c8e4a2d9b7f28ccef90f4cc20ddffc10e23c15ec2296b28,12,4.182691749999999,2,1,1,0,0,0.5,4.720769,late,0,-1,,0,1,success,1,0,0.5380769999999764,0,0,success,1,0,0.5380769999999764,0,0
max_cutoff_2s,clamp,adaptive,0.08,0.15,,0.05,8,0.25,,2.0,A06,A06_syncopated_pop.mid,25a2a2e4aea59cacc8434b36ae5173bd34aaa66ee7eec8c2e460f3f72addaf0e,12,4.3867945,1,0,1,0,0,0.0,5.318775,late,0,-1,,0,1,success,1,0,0.9319809999999737,0,0,success,1,0,0.9319809999999737,0,0
max_cutoff_2s,clamp,adaptive,0.08,0.15,,0.05,8,0.25,,2.0,A07,A07_sparse_long_tones.mid,fb6faee9d721a971b5d6388dc979e5a15c26d45366bfef7ade9a8f82eec3358d,6,5.454543999999999,1,0,1,0,0,0.0,6.932726,late,0,-1,,0,1,late,0,-1,,0,1,success,1,0,1.4781819999999541,0,0
max_cutoff_2s,clamp,adaptive,0.08,0.15,,0.05,8,0.25,,2.0,A08,A08_dense_eighth_motion.mid,48faeb92585381b6928f2dc31a3119ec234d815efc25ec9d1ba67538fc3f6b41,16,4.285712000000002,1,0,1,0,0,0.0,4.977855,late,0,-1,,0,1,success,1,0,0.6921429999999793,0,0,success,1,0,0.6921429999999793,0,0
max_cutoff_2s,clamp,adaptive,0.08,0.15,,0.05,8,0.25,,2.0,A09,A09_arched_contour.mid,91acd677fdf9a30e64f3584796b5fc38d648b1ddf3785f4d6a6445102c15ee7c,11,4.6875,1,0,1,0,0,0.0,5.492500,late,0,-1,,0,1,success,1,0,0.8049999999999695,0,0,success,1,0,0.8049999999999695,0,0
max_cutoff_2s,clamp,adaptive,0.08,0.15,,0.05,8,0.25,,2.0,A10,A10_leap_gap_fill.mid,6639c3bceab3644ea59e759d1e92e76bcc9a082b5edaea30893d44682f7f3a97,13,4.6499999999999995,1,0,1,0,0,0.0,5.385000,late,0,-1,,0,1,success,1,0,0.7349999999999746,0,0,success,1,0,0.7349999999999746,0,0
max_cutoff_2s,clamp,adaptive,0.08,0.15,,0.05,8,0.25,,2.0,R01,R01_390-v1.mid,e44793c8c043f7c92184c6189f5e7b1af47c202aaa6df435a76a4d26268313aa,13,4.0,1,0,1,1,0,0.0,2.044583,premature,0,-1,,1,1,premature,0,-1,,1,1,premature,0,-1,,1,1
max_cutoff_2s,clamp,adaptive,0.08,0.15,,0.05,8,0.25,,2.0,R02,R02_667-v3.mid,af3cbab9e93480a553c9a217fc1abefdf3db788d071132050fca4cbfe862cdaa,8,4.0,1,0,1,0,0,0.0,4.377083,success,1,0,0.37708333333330746,0,0,success,1,0,0.37708333333330746,0,0,success,1,0,0.37708333333330746,0,0
max_cutoff_2s,clamp,adaptive,0.08,0.15,,0.05,8,0.25,,2.0,R03,R03_174-v2.mid,88f11f634584a21ce30b0dc39c608cde9da43c7936400bba985f8702ecf9e962,12,3.9999999999999996,1,0,1,1,0,0.0,2.002917,premature,0,-1,,1,1,premature,0,-1,,1,1,premature,0,-1,,1,1
max_cutoff_2s,clamp,adaptive,0.08,0.15,,0.05,8,0.25,,2.0,R04,R04_339-v2.mid,828aff4f088b889d0715fee3e65e9243f89520710a795fa7e4b585407a7da650,9,3.817708333333333,1,0,1,0,0,0.0,4.622292,late,0,-1,,0,1,success,1,0,0.8045833333333121,0,0,success,1,0,0.8045833333333121,0,0
max_cutoff_2s,clamp,adaptive,0.08,0.15,,0.05,8,0.25,,2.0,R05,R05_581.mid,766b0c79d6f6905d1c32f244469b14bf48cb861e79ceede6ac2ee1929437dcf4,13,4.0,1,0,1,0,0,0.0,4.776875,late,0,-1,,0,1,success,1,0,0.7768749999999809,0,0,success,1,0,0.7768749999999809,0,0
max_cutoff_2s,clamp,adaptive,0.08,0.15,,0.05,8,0.25,,2.0,R06,R06_132-v2.mid,e1ccff44d4528b8e4af0e40bdc4699a89e46169a5a6c766acc8ac50740c17bc4,15,4.0,1,0,1,0,0,0.0,4.744792,late,0,-1,,0,1,success,1,0,0.7447916666666501,0,0,success,1,0,0.7447916666666501,0,0
max_cutoff_2s,clamp,adaptive,0.08,0.15,,0.05,8,0.25,,2.0,R07,R07_664-v2.mid,d84d97d7bfa78ff716110978692047e182ce9f01efee7a44f583544e113fed69,11,4.0,1,0,1,1,0,0.0,2.920625,premature,0,-1,,1,1,premature,0,-1,,1,1,premature,0,-1,,1,1
max_cutoff_2s,clamp,adaptive,0.08,0.15,,0.05,8,0.25,,2.0,R08,R08_266-v1.mid,a60f28e61f3323d5039cd94cdaea65c36ca0311962a73686837cf9dfdde0799d,8,4.0,1,0,1,0,0,0.0,4.440000,success,1,0,0.4399999999999702,0,0,success,1,0,0.4399999999999702,0,0,success,1,0,0.4399999999999702,0,0
max_cutoff_2s,clamp,adaptive,0.08,0.15,,0.05,8,0.25,,2.0,R09,R09_433.mid,e1f859f9f55ce2a1718a88f1ce5f88ffffd035cd2ac61aeba9f71e42eb3d1658,23,4.000000000000001,1,0,1,0,0,0.0,4.607708,late,0,-1,,0,1,success,1,0,0.6077083333333198,0,0,success,1,0,0.6077083333333198,0,0
max_cutoff_2s,clamp,adaptive,0.08,0.15,,0.05,8,0.25,,2.0,R10,R10_039-v2.mid,25635c75dc841999c02ffb9b7d67ef21f421bef585b28e0635701689b574a8f6,11,4.000000000000001,1,0,1,1,0,0.0,3.580833,premature,0,-1,,1,1,premature,0,-1,,1,1,premature,0,-1,,1,1
max_cutoff_2s,clamp,adaptive,0.08,0.15,,0.05,8,0.25,,2.0,R11,R11_538.mid,676637ee06573aad6e8ea80367346578ac11b8ed36c9f8ce5702eda3643830ab,20,3.921875,1,0,1,0,0,0.0,4.330833,success,1,0,0.4089583333333211,0,0,success,1,0,0.4089583333333211,0,0,success,1,0,0.4089583333333211,0,0
max_cutoff_2s,clamp,adaptive,0.08,0.15,,0.05,8,0.25,,2.0,R12,R12_457.mid,151dd04bd54d11512876bab817410ae94fb81547894ff0a3b96401968101f6df,13,4.0,1,0,1,1,0,0.0,2.326250,premature,0,-1,,1,1,premature,0,-1,,1,1,premature,0,-1,,1,1
max_cutoff_2s,clamp,adaptive,0.08,0.15,,0.05,8,0.25,,2.0,R13,R13_353-v1.mid,ef59a3cdc969d70fd54c9cd52a37e30deb9772958305ace368edde9ea5afc7c3,11,4.0,1,0,1,1,0,0.0,1.859167,premature,0,-1,,1,1,premature,0,-1,,1,1,premature,0,-1,,1,1
max_cutoff_2s,clamp,adaptive,0.08,0.15,,0.05,8,0.25,,2.0,R14,R14_073.mid,6014529ddd8b96a82fd599bf2e0268f5da21dad2080ba59e69de225512a58ee3,12,3.939583333333333,1,0,1,0,0,0.0,4.832708,late,0,-1,,0,1,success,1,0,0.8931249999999782,0,0,success,1,0,0.8931249999999782,0,0
max_cutoff_2s,clamp,adaptive,0.08,0.15,,0.05,8,0.25,,2.0,R15,R15_156-v2.mid,d6ae647242ceff286d61867ebb06ee767c382eed20c618f7988a94d4733b7d8d,9,4.0,1,0,1,1,0,0.0,3.896875,premature,0,-1,,1,1,premature,0,-1,,1,1,premature,0,-1,,1,1
max_cutoff_2s,clamp,adaptive,0.08,0.15,,0.05,8,0.25,,2.0,R16,R16_249.mid,32c21206c709d04269f4de5a9705ca310189a55c657a53ea8612ed3c5ac480dd,8,4.0,1,0,1,0,0,0.0,5.295625,late,0,-1,,0,1,late,0,-1,,0,1,success,1,0,1.2956249999999647,0,0
max_cutoff_2s,clamp,adaptive,0.08,0.15,,0.05,8,0.25,,2.0,R17,R17_319.mid,7b40b95a494f202130093514531c7232c45d539c2a7ebafe5dee64fac4bc0e7e,18,4.0,1,0,1,0,0,0.0,4.570208,late,0,-1,,0,1,success,1,0,0.5702083333333201,0,0,success,1,0,0.5702083333333201,0,0
max_cutoff_2s,clamp,adaptive,0.08,0.15,,0.05,8,0.25,,2.0,R18,R18_249.mid,0dc5853f595ca79ae339d76ccf661f166c739dba3b0cb0d66eeb860ef17dd7c0,9,4.0,1,0,1,0,0,0.0,4.365625,success,1,0,0.3656249999999739,0,0,success,1,0,0.3656249999999739,0,0,success,1,0,0.3656249999999739,0,0
max_cutoff_2s,clamp,adaptive,0.08,0.15,,0.05,8,0.25,,2.0,R19,R19_733.mid,73dc520e4f2e19e784486fb5160d0686a1f7d90b81c9bb57b8e6478f3b2032fe,10,4.0,1,0,1,1,0,0.0,1.744583,premature,0,-1,,1,1,premature,0,-1,,1,1,premature,0,-1,,1,1
max_cutoff_2s,clamp,adaptive,0.08,0.15,,0.05,8,0.25,,2.0,R20,R20_660.mid,a3a01235dabd1fd09f3b7047e7b59bee8af87f41bc4456aa3e261bc412d6998a,8,3.983333333333334,1,0,1,0,0,0.0,5.447708,late,0,-1,,0,1,late,0,-1,,0,1,success,1,0,1.4643749999999653,0,0
max_cutoff_2s,clamp,adaptive,0.08,0.15,,0.05,8,0.25,,2.0,R21,R21_756-v2.mid,7b479a282dd8ac5742239c1fda08a8a89a1834843d91b2b219beaa12a020ebdc,8,4.0,1,0,1,0,0,0.0,5.600625,late,0,-1,,0,1,late,0,-1,,0,1,success,1,0,1.6006249999999627,0,0
max_cutoff_2s,clamp,adaptive,0.08,0.15,,0.05,8,0.25,,2.0,R22,R22_156.mid,530aaba96af00f7031edd5c0b26b6a257808c3f3d7df6c3d36f325fc29229487,10,4.0,1,0,1,1,0,0.0,3.791875,premature,0,-1,,1,1,premature,0,-1,,1,1,premature,0,-1,,1,1
max_cutoff_2s,clamp,adaptive,0.08,0.15,,0.05,8,0.25,,2.0,R23,R23_645.mid,4089adb020ffa2aa242ec57c10ef8efd9ad726c8c6bf22e335e91d65a5783ac4,12,3.9999999999999996,1,0,1,1,0,0.0,3.363958,premature,0,-1,,1,1,premature,0,-1,,1,1,premature,0,-1,,1,1
max_cutoff_2s,clamp,adaptive,0.08,0.15,,0.05,8,0.25,,2.0,R24,R24_242-v2.mid,5a18cae5a6fd996e3688bb05a6723665c26e561d21b88c112d65d4a6bdb51fca,15,4.000000000000001,2,1,1,1,0,0.5,3.341458,premature,0,-1,,1,1,premature,0,-1,,1,1,premature,0,-1,,1,1
max_cutoff_2s,clamp,adaptive,0.08,0.15,,0.05,8,0.25,,2.0,R25,R25_618-v1.mid,56ff3fa00dc9e75c7913306f4a8cede335d24189bb8e26cfce827120f12743c7,10,4.0,1,0,1,1,0,0.0,3.186250,premature,0,-1,,1,1,premature,0,-1,,1,1,premature,0,-1,,1,1
max_cutoff_2s,clamp,adaptive,0.08,0.15,,0.05,8,0.25,,2.0,R26,R26_560-v1.mid,f0d0a16aff422f9a5877f2944cdd0b959b4801aa449310959626fa7dbd7a6edb,15,3.951041666666667,2,1,1,0,0,0.5,4.622917,late,0,-1,,0,1,success,1,0,0.6718749999999831,0,0,success,1,0,0.6718749999999831,0,0
max_cutoff_2s,clamp,adaptive,0.08,0.15,,0.05,8,0.25,,2.0,R27,R27_735.mid,c6fabc901af844a2236d5a2956bd48e11d7952607af238e872c0dc7f65dbaa6f,16,4.0,2,1,1,0,0,0.5,4.795625,late,0,-1,,0,1,success,1,0,0.7956249999999816,0,0,success,1,0,0.7956249999999816,0,0
max_cutoff_2s,clamp,adaptive,0.08,0.15,,0.05,8,0.25,,2.0,R28,R28_804-v3.mid,f2326f94ae3ec36fd956ed7a74f507c37dfaeae99fddbfc7f2cbf87414f92030,11,3.9802083333333336,1,0,1,1,0,0.0,2.786250,premature,0,-1,,1,1,premature,0,-1,,1,1,premature,0,-1,,1,1
max_cutoff_2s,clamp,adaptive,0.08,0.15,,0.05,8,0.25,,2.0,R29,R29_846-v2.mid,b750d5ab04a7fcc02298fea281e624dbc92dd1640a17037e580bb5b845ab517b,12,4.0,2,1,1,0,0,0.5,4.812917,late,0,-1,,0,1,success,1,0,0.8129166666666441,0,0,success,1,0,0.8129166666666441,0,0
max_cutoff_2s,clamp,adaptive,0.08,0.15,,0.05,8,0.25,,2.0,R30,R30_002-v2.mid,3b8c10e5c6886af05080687f0bc745791d33e73b2cec916337c1799e43024254,19,4.0,1,0,1,0,0,0.0,4.747917,late,0,-1,,0,1,success,1,0,0.7479166666666499,0,0,success,1,0,0.7479166666666499,0,0
max_cutoff_2s,clamp,adaptive,0.08,0.15,,0.05,8,0.25,,2.0,R31,R31_069-v5.mid,ad5859e7014674fc2b088288d32445f60e2790c868a97bae22f5c6c6f7a9c906,10,4.0,1,0,1,0,0,0.0,4.614583,late,0,-1,,0,1,success,1,0,0.6145833333333073,0,0,success,1,0,0.6145833333333073,0,0
max_cutoff_2s,clamp,adaptive,0.08,0.15,,0.05,8,0.25,,2.0,R32,R32_290-v2.mid,b6d63759467030d9561098d602d2077dba3fd2e6533d64bc6401940ec9398bd7,11,4.0,1,0,1,1,0,0.0,0.866667,premature,0,-1,,1,1,premature,0,-1,,1,1,premature,0,-1,,1,1
max_cutoff_2s,clamp,adaptive,0.08,0.15,,0.05,8,0.25,,2.0,R33,R33_144-v1.mid,14914529875824c38e895baf4969bc1f01031d5a20038d87474333091ce8bf16,21,4.0,1,0,1,0,0,0.0,4.573542,late,0,-1,,0,1,success,1,0,0.5735416666666548,0,0,success,1,0,0.5735416666666548,0,0
max_cutoff_2s,clamp,adaptive,0.08,0.15,,0.05,8,0.25,,2.0,R34,R34_680-v3.mid,193fa77f9af23482857e237a7f27c3f78c79243d9a1ffca85d491c191040a3d9,15,4.0,1,0,1,0,0,0.0,4.773750,late,0,-1,,0,1,success,1,0,0.7737499999999811,0,0,success,1,0,0.7737499999999811,0,0
max_cutoff_2s,clamp,adaptive,0.08,0.15,,0.05,8,0.25,,2.0,R35,R35_436-v2.mid,0db58df01ff0e7ef7665b41a914d45f2c8da7ce346a391eafaadda58c2fbcbd1,8,3.9999999999999996,1,0,1,1,0,0.0,2.049792,premature,0,-1,,1,1,premature,0,-1,,1,1,premature,0,-1,,1,1
max_cutoff_2s,clamp,adaptive,0.08,0.15,,0.05,8,0.25,,2.0,R36,R36_230.mid,292e936198ef29131aa14fa25acb693df0d1183ea1dde8ce70b941f2378a5b3c,11,4.0,1,0,1,1,0,0.0,2.227917,premature,0,-1,,1,1,premature,0,-1,,1,1,premature,0,-1,,1,1
max_cutoff_2s,clamp,adaptive,0.08,0.15,,0.05,8,0.25,,2.0,R37,R37_667-v3.mid,3423caa4b45632a7f2c919a198ed678b6eb9786448d01e549dc32a5398afcf9f,7,4.0,1,0,1,0,0,0.0,5.932083,late,0,-1,,0,1,late,0,-1,,0,1,success,1,0,1.9320833333332903,0,0
max_cutoff_2s,clamp,adaptive,0.08,0.15,,0.05,8,0.25,,2.0,R38,R38_136.mid,3abb38ce19d8de517c62b2014f88ea09cffbe9e6bf5ed9c01ed0c1155a8acbe5,14,4.0,2,1,1,0,0,0.5,4.935833,late,0,-1,,0,1,success,1,0,0.9358333333333118,0,0,success,1,0,0.9358333333333118,0,0
max_cutoff_2s,clamp,adaptive,0.08,0.15,,0.05,8,0.25,,2.0,R39,R39_578-v3.mid,fceb1f97ce180f42e04547ff0aa0b9478cd06770ac604a3832d919926ad92aa7,16,4.0,1,0,1,0,0,0.0,4.743958,late,0,-1,,0,1,success,1,0,0.7439583333333175,0,0,success,1,0,0.7439583333333175,0,0
max_cutoff_2s,clamp,adaptive,0.08,0.15,,0.05,8,0.25,,2.0,R40,R40_454.mid,d848f11068ba98d752767ac7826bc58b93c22e9b031ee710f0fae41eccde2eec,12,3.9187499999999997,1,0,1,0,0,0.0,4.954375,late,0,-1,,0,1,late,0,-1,,0,1,success,1,0,1.035624999999976,0,0
max_cutoff_2s,clamp,adaptive,0.08,0.15,,0.05,8,0.25,,2.0,P001,P001_pop909_clear_motif_melody_298_bridge.mid,8b00372060ba7b623d803e3af7e70f5ef60b65f66816ad377f725005f4c84fa9,10,4.948456,2,1,1,0,0,0.5,6.278662,late,0,-1,,0,1,late,0,-1,,0,1,success,1,0,1.330206047916632,0,0
max_cutoff_2s,clamp,adaptive,0.08,0.15,,0.05,8,0.25,,2.0,P002,P002_pop909_clear_motif_melody_248_bridge.mid,ccb942640a73e3e0122c796c0971c8f675a924861614fa62562f002ab9ef196d,10,3.478248,1,0,1,0,0,0.0,4.030315,late,0,-1,,0,1,success,1,0,0.5520668562499793,0,0,success,1,0,0.5520668562499793,0,0
max_cutoff_2s,clamp,adaptive,0.08,0.15,,0.05,8,0.25,,2.0,P003,P003_pop909_clear_motif_melody_339_melody.mid,628d1079f63c4bf7a08c4ee78f0765919be119f7b82f8dc3ffde83afbb2238ec,10,6.3124899,1,0,1,1,0,0.0,4.710481,premature,0,-1,,1,1,premature,0,-1,,1,1,premature,0,-1,,1,1
max_cutoff_2s,clamp,adaptive,0.08,0.15,,0.05,8,0.25,,2.0,P004,P004_pop909_clear_motif_melody_268_melody.mid,e1ad81a5ae674340b836f4d87a0f82f0920845ccc4214feb28ccf9b9603f0948,10,8.0,1,0,1,1,0,0.0,2.497500,premature,0,-1,,1,1,premature,0,-1,,1,1,premature,0,-1,,1,1
max_cutoff_2s,clamp,adaptive,0.08,0.15,,0.05,8,0.25,,2.0,P005,P005_pop909_clear_motif_melody_021_melody.mid,a1fe99526a41a4b56b5a507d209dd13d4105ef53e85d25dd53ce7e9ee5915ff3,10,4.13157275,2,1,1,0,0,0.5,5.173503,late,0,-1,,0,1,late,0,-1,,0,1,success,1,0,1.0419303541666372,0,0
max_cutoff_2s,clamp,adaptive,0.08,0.15,,0.05,8,0.25,,2.0,P006,P006_pop909_clear_motif_melody_220_melody.mid,81d85ebdbdb62cf3dd0eb82602b7fe26907e395242e71f5bb78ef112438b09cc,10,3.870936,2,1,1,0,0,0.5,5.055615,late,0,-1,,0,1,late,0,-1,,0,1,success,1,0,1.1846787749999712,0,0
max_cutoff_2s,clamp,adaptive,0.08,0.15,,0.05,8,0.25,,2.0,P007,P007_pop909_clear_motif_melody_273_melody.mid,b6f10983b8aa291a839fc6e5232bc1920fa3b1e354e6e03e788a7a6b17af9d59,10,6.48648,1,0,1,1,0,0.0,5.257293,premature,0,-1,,1,1,premature,0,-1,,1,1,premature,0,-1,,1,1
max_cutoff_2s,clamp,adaptive,0.08,0.15,,0.05,8,0.25,,2.0,P008,P008_pop909_clear_motif_melody_713_melody.mid,cc0088d140a0c7f748d7a717a6f796eed7338f6a4d8889e8e2eebd7fab8f8f51,10,5.454544,1,0,1,1,0,0.0,3.470284,premature,0,-1,,1,1,premature,0,-1,,1,1,premature,0,-1,,1,1
max_cutoff_2s,clamp,adaptive,0.08,0.15,,0.05,8,0.25,,2.0,P009,P009_pop909_clear_motif_melody_328_melody.mid,e8885a270c794ef4d50b9e6e050e3a0d3d8301d178169d86d88126123dbf06e2,10,5.333328,1,0,1,1,0,0.0,2.229999,premature,0,-1,,1,1,premature,0,-1,,1,1,premature,0,-1,,1,1
max_cutoff_2s,clamp,adaptive,0.08,0.15,,0.05,8,0.25,,2.0,P010,P010_pop909_clear_motif_melody_407_melody.mid,42e7658af7a87529d58b908a6d60cc195eeb297cdd129a98e1cb2649ce5aecce,10,6.15,1,0,1,1,0,0.0,5.520000,premature,0,-1,,1,1,premature,0,-1,,1,1,premature,0,-1,,1,1
max_cutoff_2s,clamp,adaptive,0.08,0.15,,0.05,8,0.25,,2.0,P011,P011_pop909_clear_motif_melody_119_melody.mid,896c48c32a15cf85bd286aa4436d0a697c9a91692eb0fb128687d212976619d5,10,7.272728,1,0,1,1,0,0.0,2.383182,premature,0,-1,,1,1,premature,0,-1,,1,1,premature,0,-1,,1,1
max_cutoff_2s,clamp,adaptive,0.08,0.15,,0.05,8,0.25,,2.0,P012,P012_pop909_clear_motif_melody_188_melody.mid,54bf4eb2f8bff2ccd5d214afc84523384678bdefdf3145e821781182c58bc003,10,4.363632000000001,1,0,1,1,0,0.0,1.535227,premature,0,-1,,1,1,premature,0,-1,,1,1,premature,0,-1,,1,1
max_cutoff_2s,clamp,adaptive,0.08,0.15,,0.05,8,0.25,,2.0,P013,P013_pop909_expressive_rubato_203_bridge.mid,d94792fd3118efad79013d413549904951e6acf204434771004ef7b6bac68e4a,9,3.000000000000001,1,0,1,1,0,0.0,1.478958,premature,0,-1,,1,1,premature,0,-1,,1,1,premature,0,-1,,1,1
max_cutoff_2s,clamp,adaptive,0.08,0.15,,0.05,8,0.25,,2.0,P014,P014_pop909_expressive_rubato_203_bridge.mid,d78dea53ea8b5558568755412ec7c72b704ce448c1990fbb631bad2aba3c7411,9,3.0,1,0,1,0,0,0.0,4.983958,late,0,-1,,0,1,late,0,-1,,0,1,success,1,0,1.9839583333332875,0,0
max_cutoff_2s,clamp,adaptive,0.08,0.15,,0.05,8,0.25,,2.0,P015,P015_pop909_expressive_rubato_263_bridge.mid,fdbb28e369fed211abc0a0b53b2006a331c357c454f4284639fd36961d3aac40,16,5.333328000000002,1,0,1,0,0,0.0,7.315550,late,0,-1,,0,1,late,0,-1,,0,1,success,1,0,1.9822223999999542,0,0
max_cutoff_2s,clamp,adaptive,0.08,0.15,,0.05,8,0.25,,2.0,P016,P016_pop909_expressive_rubato_617_bridge.mid,37d4c7b2c4a5856f926b9e67a662ac676aa83beca73c7dfc2dd6c188e52a38a4,4,1.3348119999999997,1,0,1,0,0,0.0,3.228689,late,0,-1,,0,1,late,0,-1,,0,1,success,1,0,1.893876566666626,0,0
max_cutoff_2s,clamp,adaptive,0.08,0.15,,0.05,8,0.25,,2.0,P017,P017_pop909_expressive_rubato_178_bridge.mid,cfbf91b1d04e90e9d2e6b6f7ddd9fc480393f1166fde55646495523c989f5d8e,20,6.760552000000001,1,0,1,0,0,0.0,8.685200,late,0,-1,,0,1,late,0,-1,,0,1,success,1,0,1.9246482666667433,0,0
max_cutoff_2s,clamp,adaptive,0.08,0.15,,0.05,8,0.25,,2.0,P018,P018_pop909_expressive_rubato_191_bridge.mid,b6e56889014ca3786b340c447e92d66f50ed149b21600186179487f5799f9b73,22,7.272727999999999,1,0,1,1,0,0.0,3.178712,premature,0,-1,,1,1,premature,0,-1,,1,1,premature,0,-1,,1,1
max_cutoff_2s,clamp,adaptive,0.08,0.15,,0.05,8,0.25,,2.0,P019,P019_pop909_expressive_rubato_178_bridge.mid,51d4e82b5c0b217263d7a849828b0f05a8411876b0a87f85f4c175bf27767739,20,6.760551999999999,1,0,1,1,0,0.0,1.409717,premature,0,-1,,1,1,premature,0,-1,,1,1,premature,0,-1,,1,1
max_cutoff_2s,clamp,adaptive,0.08,0.15,,0.05,8,0.25,,2.0,P020,P020_pop909_expressive_rubato_212_bridge.mid,6f5eee7b1684521d31dac9b4e36649e423a8ce813df0a5f142967525e2bf2e17,17,5.783128,1,0,1,1,0,0.0,4.248793,premature,0,-1,,1,1,premature,0,-1,,1,1,premature,0,-1,,1,1
max_cutoff_2s,clamp,adaptive,0.08,0.15,,0.05,8,0.25,,2.0,P021,P021_pop909_chord_arpeggio_polyphonic_227_piano.mid,41b21fee0bca14bd00917fcf3d879b2fcebb9856fef2228a36e0b912e58444c9,18,7.1641759999999985,1,0,1,0,0,0.0,8.476340,late,0,-1,,0,1,late,0,-1,,0,1,success,1,0,1.3121642583333868,0,0
max_cutoff_2s,clamp,adaptive,0.08,0.15,,0.05,8,0.25,,2.0,P022,P022_pop909_chord_arpeggio_polyphonic_003_piano.mid,ea9963c2ef0400f7458ed0b378c21cc36273462aabccb9685efcd21625bbdcfd,19,2.9268239999999985,1,0,1,0,0,0.0,3.706763,late,0,-1,,0,1,success,1,0,0.7799393124999803,0,0,success,1,0,0.7799393124999803,0,0
max_cutoff_2s,clamp,adaptive,0.08,0.15,,0.05,8,0.25,,2.0,P023,P023_pop909_chord_arpeggio_polyphonic_222_piano.mid,bddeab49734bbbb17982dc09bdfaac6a8c2e1a112b7fd3464c5e7c9deadcfc94,19,6.1538400000000015,1,0,1,0,0,0.0,7.295507,late,0,-1,,0,1,late,0,-1,,0,1,success,1,0,1.141666999999969,0,0
max_cutoff_2s,clamp,adaptive,0.08,0.15,,0.05,8,0.25,,2.0,P024,P024_pop909_chord_arpeggio_polyphonic_287_piano.mid,ec7a6fe844d8678913cee3e05d68bc85d02d45d316e498dcfe79e58c814953c2,26,6.9347729000000005,1,0,1,0,0,0.0,8.412672,late,0,-1,,0,1,late,0,-1,,0,1,success,1,0,1.4778994916666939,0,0
max_cutoff_2s,clamp,adaptive,0.08,0.15,,0.05,8,0.25,,2.0,P025,P025_pop909_chord_arpeggio_polyphonic_566_piano.mid,52dae62297b7cdeff27e0bea0925c8bebbbb999e9935efba566c8ffc51c206e8,22,5.783128,1,0,1,0,0,0.0,6.842405,late,0,-1,,0,1,late,0,-1,,0,1,success,1,0,1.0592772499999734,0,0
max_cutoff_2s,clamp,adaptive,0.08,0.15,,0.05,8,0.25,,2.0,P026,P026_pop909_chord_arpeggio_polyphonic_106_piano.mid,5a21694b1c7abc6be7e5c6ee6dd6611dbca54dacb44c602d9f7dc226f5eaad89,28,7.1641759999999985,1,0,1,0,0,0.0,8.537907,late,0,-1,,0,1,late,0,-1,,0,1,success,1,0,1.3737313958333965,0,0
max_cutoff_2s,clamp,adaptive,0.08,0.15,,0.05,8,0.25,,2.0,P027,P027_pop909_chord_arpeggio_polyphonic_218_piano.mid,3d2716434e914a4c1b7b0fee64a762d631c9eb844e328c4f880eb95f36c370a6,32,7.0588159999999975,1,0,1,0,0,0.0,7.957198,late,0,-1,,0,1,success,1,0,0.8983824666666456,0,0,success,1,0,0.8983824666666456,0,0
max_cutoff_2s,clamp,adaptive,0.08,0.15,,0.05,8,0.25,,2.0,P028,P028_pop909_chord_arpeggio_polyphonic_242_piano.mid,cd5c6e16ed3247ea34a6331d4c2e4dd980c5793b2def6bf2d11ae3b4d6d7560e,27,7.868856,1,0,1,0,0,0.0,9.021069,late,0,-1,,0,1,late,0,-1,,0,1,success,1,0,1.1522130437501543,0,0
max_cutoff_2s,clamp,adaptive,0.08,0.15,,0.05,8,0.25,,2.0,P029,P029_pop909_sparse_short_062_melody.mid,de331be603af62c8ecaeb6b4de4413d0dfe0f3c4a24efa36a90905ae0bb82a26,3,3.24324,1,0,1,0,0,0.0,4.500268,late,0,-1,,0,1,late,0,-1,,0,1,success,1,0,1.257027749999958,0,0
max_cutoff_2s,clamp,adaptive,0.08,0.15,,0.05,8,0.25,,2.0,P030,P030_pop909_sparse_short_062_melody.mid,f2c561cfdf3ae696074a8292cfd9b6e91d18a740bb99c9c5ad4661e2b5225717,3,2.12837625,1,0,1,1,0,0.0,1.258243,premature,0,-1,,1,1,premature,0,-1,,1,1,premature,0,-1,,1,1
max_cutoff_2s,clamp,adaptive,0.08,0.15,,0.05,8,0.25,,2.0,P031,P031_pop909_sparse_short_062_melody.mid,113bb580ca65ca779549df831e3b90b62932fe9eb9935891172b6636ee9e6079,3,3.24324,1,0,1,0,0,0.0,4.500268,late,0,-1,,0,1,late,0,-1,,0,1,success,1,0,1.257027749999958,0,0
max_cutoff_2s,clamp,adaptive,0.08,0.15,,0.05,8,0.25,,2.0,P032,P032_pop909_sparse_short_062_melody.mid,2638d2ec8832338b8f57a7147f9874c863c36279707599ffbd8782269c399746,3,3.24324,1,0,1,0,0,0.0,4.500268,late,0,-1,,0,1,late,0,-1,,0,1,success,1,0,1.257027749999958,0,0
max_cutoff_2s,clamp,adaptive,0.08,0.15,,0.05,8,0.25,,2.0,P033,P033_pop909_sparse_short_062_melody.mid,dcf51fe0bedf2f9e1acede760976dcde4a78650e163ec3c6ce86d970b4cc65c3,3,3.24324,1,0,1,0,0,0.0,4.500268,late,0,-1,,0,1,late,0,-1,,0,1,success,1,0,1.257027749999958,0,0
max_cutoff_2s,clamp,adaptive,0.08,0.15,,0.05,8,0.25,,2.0,P034,P034_pop909_dense_fast_095_bridge.mid,1eec4634489ebc2145d5d07f86a58778c994982c97d2dd5704238989cafe8164,49,1.7610275333333312,1,0,1,0,0,0.0,2.165807,success,1,0,0.40477943333332433,0,0,success,1,0,0.40477943333332433,0,0,success,1,0,0.40477943333332433,0,0
max_cutoff_2s,clamp,adaptive,0.08,0.15,,0.05,8,0.25,,2.0,P035,P035_pop909_dense_fast_351_bridge.mid,cce631ae36062ea5c6c5856ce61c72dee517b0d26fc59e569c45986becb91fa5,28,1.0351939999999993,1,0,1,0,0,0.0,1.402946,success,1,0,0.36775208541665805,0,0,success,1,0,0.36775208541665805,0,0,success,1,0,0.36775208541665805,0,0
max_cutoff_2s,clamp,adaptive,0.08,0.15,,0.05,8,0.25,,2.0,P036,P036_pop909_dense_fast_095_bridge.mid,8d7b860e3c98cfc78be2b1d435ac9d52da48b3df427707b2c9dc6e28266f4b58,38,1.6801452666666645,1,0,1,0,0,0.0,2.092572,success,1,0,0.4124264999999909,0,0,success,1,0,0.4124264999999909,0,0,success,1,0,0.4124264999999909,0,0
max_cutoff_2s,clamp,adaptive,0.08,0.15,,0.05,8,0.25,,2.0,P037,P037_pop909_dense_fast_095_bridge.mid,14ee870cca3317109b67f85cc0241e6678d38b8efed31130577d8d722e145a58,30,0.7977932666666666,1,0,1,0,0,0.0,1.200220,success,1,0,0.4024264999999959,0,0,success,1,0,0.4024264999999959,0,0,success,1,0,0.4024264999999959,0,0
max_cutoff_2s,clamp,adaptive,0.08,0.15,,0.05,8,0.25,,2.0,P038,P038_pop909_dense_fast_727_bridge.mid,4cec022a9c9e7dd2ec868ae3124b7089c195126defe23b8a3d440d2c7bbaf873,45,1.2854942770833329,1,0,1,0,0,0.0,1.688828,success,1,0,0.40333331874999057,0,0,success,1,0,0.40333331874999057,0,0,success,1,0,0.40333331874999057,0,0
max_cutoff_2s,clamp,adaptive,0.08,0.15,,0.05,8,0.25,,2.0,P039,P039_pop909_chromatic_outside_789_piano.mid,89dc01789fe23c4372b236cc806e6567b05346295e667c74639aa4642a3e304b,16,7.272728,1,0,1,0,0,0.0,8.192879,late,0,-1,,0,1,success,1,0,0.9201513916666544,0,0,success,1,0,0.9201513916666544,0,0
max_cutoff_2s,clamp,adaptive,0.08,0.15,,0.05,8,0.25,,2.0,P040,P040_pop909_chromatic_outside_064_piano.mid,76f70f424a678deaed9e02ef3b85db1c47a828b39689b0fb75fd6c5cd5f84a3f,23,7.562499999999999,1,0,1,0,0,0.0,7.688333,success,1,0,0.12583333333331392,0,0,success,1,0,0.12583333333331392,0,0,success,1,0,0.12583333333331392,0,0
max_cutoff_2s,clamp,adaptive,0.08,0.15,,0.05,8,0.25,,2.0,P041,P041_pop909_chromatic_outside_796_piano.mid,5313ed35276167210c99ca9b0d50773ad1c5a71997072b20b1653efba88eb36f,20,6.486488,1,0,1,0,0,0.0,7.736556,late,0,-1,,0,1,late,0,-1,,0,1,success,1,0,1.2500675395833039,0,0
max_cutoff_2s,clamp,adaptive,0.08,0.15,,0.05,8,0.25,,2.0,P042,P042_pop909_chromatic_outside_254_piano.mid,dfb97d893bd303a0043e98fe7c14dc376233ce114864c10be992cad37ef88538,24,3.3027539999999993,1,0,1,0,0,0.0,4.121791,late,0,-1,,0,1,success,1,0,0.8190365520833103,0,0,success,1,0,0.8190365520833103,0,0
max_cutoff_2s,clamp,adaptive,0.08,0.15,,0.05,8,0.25,,2.0,P043,P043_pop909_chromatic_outside_311_bridge.mid,8bb993a52d683a9b093e77f22d9fa6d3df633472edafb5a0056e4e19b5852902,14,7.5,1,0,1,1,0,0.0,2.180937,premature,0,-1,,1,1,premature,0,-1,,1,1,premature,0,-1,,1,1
max_cutoff_2s,clamp,adaptive,0.08,0.15,,0.05,8,0.25,,2.0,P044,P044_pop909_false_ending_pause_322_bridge.mid,92fa6bc714e6881f40bd275254b082416486b9d155453539c6e2e9cce641a65c,7,4.633333333333333,1,0,1,0,0,0.0,4.742500,success,1,0,0.10916666666663222,0,0,success,1,0,0.10916666666663222,0,0,success,1,0,0.10916666666663222,0,0
max_cutoff_2s,clamp,adaptive,0.08,0.15,,0.05,8,0.25,,2.0,P045,P045_pop909_false_ending_pause_008_bridge.mid,28ee69826748317d665163811014939ed01825addd8f2c9505d27364a6b4adc8,7,4.876923483333333,1,0,1,1,0,0.0,2.204615,premature,0,-1,,1,1,premature,0,-1,,1,1,premature,0,-1,,1,1
max_cutoff_2s,clamp,adaptive,0.08,0.15,,0.05,8,0.25,,2.0,P046,P046_pop909_false_ending_pause_253_bridge.mid,0e6ab6a38b763c541fa954510aaf319efab974b676865fe44aaa2c2338435f50,7,5.9943121875,1,0,1,1,0,0.0,2.430226,premature,0,-1,,1,1,premature,0,-1,,1,1,premature,0,-1,,1,1
max_cutoff_2s,clamp,adaptive,0.08,0.15,,0.05,8,0.25,,2.0,P047,P047_pop909_false_ending_pause_396_melody.mid,45f3dedbc0915a84ff315fcf7040e15383bbafbc739845cd8f4e4db11fbe1207,7,3.8673180812499997,1,0,1,1,0,0.0,3.542681,premature,0,-1,,1,1,premature,0,-1,,1,1,premature,0,-1,,1,1
max_cutoff_2s,clamp,adaptive,0.08,0.15,,0.05,8,0.25,,2.0,P048,P048_pop909_repetition_tail_234_bridge.mid,8edaf0b3c05cb78569d9801754c34b780426e21b3654154ff150d50ac4c12b59,8,4.000000000000001,1,0,1,1,0,0.0,3.011250,premature,0,-1,,1,1,premature,0,-1,,1,1,premature,0,-1,,1,1
max_cutoff_2s,clamp,adaptive,0.08,0.15,,0.05,8,0.25,,2.0,P049,P049_pop909_repetition_tail_282_bridge.mid,b5bf7675db361f16e2641027f14dbd38a665a77edf6ca030a9254be54ddab400,8,5.691775224999999,1,0,1,0,0,0.0,7.096159,late,0,-1,,0,1,late,0,-1,,0,1,success,1,0,1.4043838916666296,0,0
max_cutoff_2s,clamp,adaptive,0.08,0.15,,0.05,8,0.25,,2.0,P050,P050_pop909_repetition_tail_340_bridge.mid,92dfb3e992339ebac2e7204e10ece5a799d2ae91faeb4c2a0ff6f5611e0bfbac,8,5.245888,1,0,1,1,0,0.0,3.827151,premature,0,-1,,1,1,premature,0,-1,,1,1,premature,0,-1,,1,1
max_cutoff_4s,clamp,adaptive,0.08,0.15,,0.05,8,0.25,,4.0,A01,A01_c_pentatonic_balanced.mid,e7a1620ba70d4372e998376d91e2f55590448a9cf5878e969a0f70d410659845,14,4.8,1,0,1,0,0,0.0,5.470000,late,0,-1,,0,1,success,1,0,0.669999999999976,0,0,success,1,0,0.669999999999976,0,0
max_cutoff_4s,clamp,adaptive,0.08,0.15,,0.05,8,0.25,,4.0,A02,A02_a_minor_pentatonic_question.mid,5166d8996017b0341f9265fc4539b25d09211f1cc291b1e25a4623e68b1bbc0e,12,5.054348499999999,1,0,1,0,0,0.0,5.747174,late,0,-1,,0,1,success,1,0,0.6928259999999717,0,0,success,1,0,0.6928259999999717,0,0
max_cutoff_4s,clamp,adaptive,0.08,0.15,,0.05,8,0.25,,4.0,A03,A03_a_blues_tension.mid,1c61cef65142077e0ea54a46832f15bf535a35b23c920ee8e40193b877467fd4,13,4.166669999999999,1,0,1,0,0,0.0,4.721114,late,0,-1,,0,1,success,1,0,0.5544439999999771,0,0,success,1,0,0.5544439999999771,0,0
max_cutoff_4s,clamp,adaptive,0.08,0.15,,0.05,8,0.25,,4.0,A04,A04_classical_antecedent.mid,3b1b42414601831b09678bb49b714e6512be53f451a517170b48c6c3addb07f1,10,4.6499999999999995,1,0,1,0,0,0.0,5.425000,late,0,-1,,0,1,success,1,0,0.774999999999971,0,0,success,1,0,0.774999999999971,0,0
max_cutoff_4s,clamp,adaptive,0.08,0.15,,0.05,8,0.25,,4.0,A05,A05_repetition_tail.mid,c615435e6cf9b0af8c8e4a2d9b7f28ccef90f4cc20ddffc10e23c15ec2296b28,12,4.182691749999999,2,1,1,0,0,0.5,4.720769,late,0,-1,,0,1,success,1,0,0.5380769999999764,0,0,success,1,0,0.5380769999999764,0,0
max_cutoff_4s,clamp,adaptive,0.08,0.15,,0.05,8,0.25,,4.0,A06,A06_syncopated_pop.mid,25a2a2e4aea59cacc8434b36ae5173bd34aaa66ee7eec8c2e460f3f72addaf0e,12,4.3867945,1,0,1,0,0,0.0,5.318775,late,0,-1,,0,1,success,1,0,0.9319809999999737,0,0,success,1,0,0.9319809999999737,0,0
max_cutoff_4s,clamp,adaptive,0.08,0.15,,0.05,8,0.25,,4.0,A07,A07_sparse_long_tones.mid,fb6faee9d721a971b5d6388dc979e5a15c26d45366bfef7ade9a8f82eec3358d,6,5.454543999999999,1,0,1,0,1,0.0,7.787726,late,0,-1,,0,1,late,0,-1,,0,1,late,0,-1,,0,1
max_cutoff_4s,clamp,adaptive,0.08,0.15,,0.05,8,0.25,,4.0,A08,A08_dense_eighth_motion.mid,48faeb92585381b6928f2dc31a3119ec234d815efc25ec9d1ba67538fc3f6b41,16,4.285712000000002,1,0,1,0,0,0.0,4.977855,late,0,-1,,0,1,success,1,0,0.6921429999999793,0,0,success,1,0,0.6921429999999793,0,0
max_cutoff_4s,clamp,adaptive,0.08,0.15,,0.05,8,0.25,,4.0,A09,A09_arched_contour.mid,91acd677fdf9a30e64f3584796b5fc38d648b1ddf3785f4d6a6445102c15ee7c,11,4.6875,1,0,1,0,0,0.0,5.492500,late,0,-1,,0,1,success,1,0,0.8049999999999695,0,0,success,1,0,0.8049999999999695,0,0
max_cutoff_4s,clamp,adaptive,0.08,0.15,,0.05,8,0.25,,4.0,A10,A10_leap_gap_fill.mid,6639c3bceab3644ea59e759d1e92e76bcc9a082b5edaea30893d44682f7f3a97,13,4.6499999999999995,1,0,1,0,0,0.0,5.385000,late,0,-1,,0,1,success,1,0,0.7349999999999746,0,0,success,1,0,0.7349999999999746,0,0
max_cutoff_4s,clamp,adaptive,0.08,0.15,,0.05,8,0.25,,4.0,R01,R01_390-v1.mid,e44793c8c043f7c92184c6189f5e7b1af47c202aaa6df435a76a4d26268313aa,13,4.0,1,0,1,1,0,0.0,2.044583,premature,0,-1,,1,1,premature,0,-1,,1,1,premature,0,-1,,1,1
max_cutoff_4s,clamp,adaptive,0.08,0.15,,0.05,8,0.25,,4.0,R02,R02_667-v3.mid,af3cbab9e93480a553c9a217fc1abefdf3db788d071132050fca4cbfe862cdaa,8,4.0,1,0,1,0,0,0.0,4.377083,success,1,0,0.37708333333330746,0,0,success,1,0,0.37708333333330746,0,0,success,1,0,0.37708333333330746,0,0
max_cutoff_4s,clamp,adaptive,0.08,0.15,,0.05,8,0.25,,4.0,R03,R03_174-v2.mid,88f11f634584a21ce30b0dc39c608cde9da43c7936400bba985f8702ecf9e962,12,3.9999999999999996,1,0,1,1,0,0.0,2.002917,premature,0,-1,,1,1,premature,0,-1,,1,1,premature,0,-1,,1,1
max_cutoff_4s,clamp,adaptive,0.08,0.15,,0.05,8,0.25,,4.0,R04,R04_339-v2.mid,828aff4f088b889d0715fee3e65e9243f89520710a795fa7e4b585407a7da650,9,3.817708333333333,1,0,1,0,0,0.0,4.622292,late,0,-1,,0,1,success,1,0,0.8045833333333121,0,0,success,1,0,0.8045833333333121,0,0
max_cutoff_4s,clamp,adaptive,0.08,0.15,,0.05,8,0.25,,4.0,R05,R05_581.mid,766b0c79d6f6905d1c32f244469b14bf48cb861e79ceede6ac2ee1929437dcf4,13,4.0,1,0,1,0,0,0.0,4.776875,late,0,-1,,0,1,success,1,0,0.7768749999999809,0,0,success,1,0,0.7768749999999809,0,0
max_cutoff_4s,clamp,adaptive,0.08,0.15,,0.05,8,0.25,,4.0,R06,R06_132-v2.mid,e1ccff44d4528b8e4af0e40bdc4699a89e46169a5a6c766acc8ac50740c17bc4,15,4.0,1,0,1,0,0,0.0,4.744792,late,0,-1,,0,1,success,1,0,0.7447916666666501,0,0,success,1,0,0.7447916666666501,0,0
max_cutoff_4s,clamp,adaptive,0.08,0.15,,0.05,8,0.25,,4.0,R07,R07_664-v2.mid,d84d97d7bfa78ff716110978692047e182ce9f01efee7a44f583544e113fed69,11,4.0,1,0,1,1,0,0.0,2.920625,premature,0,-1,,1,1,premature,0,-1,,1,1,premature,0,-1,,1,1
max_cutoff_4s,clamp,adaptive,0.08,0.15,,0.05,8,0.25,,4.0,R08,R08_266-v1.mid,a60f28e61f3323d5039cd94cdaea65c36ca0311962a73686837cf9dfdde0799d,8,4.0,1,0,1,0,0,0.0,4.440000,success,1,0,0.4399999999999702,0,0,success,1,0,0.4399999999999702,0,0,success,1,0,0.4399999999999702,0,0
max_cutoff_4s,clamp,adaptive,0.08,0.15,,0.05,8,0.25,,4.0,R09,R09_433.mid,e1f859f9f55ce2a1718a88f1ce5f88ffffd035cd2ac61aeba9f71e42eb3d1658,23,4.000000000000001,1,0,1,0,0,0.0,4.607708,late,0,-1,,0,1,success,1,0,0.6077083333333198,0,0,success,1,0,0.6077083333333198,0,0
max_cutoff_4s,clamp,adaptive,0.08,0.15,,0.05,8,0.25,,4.0,R10,R10_039-v2.mid,25635c75dc841999c02ffb9b7d67ef21f421bef585b28e0635701689b574a8f6,11,4.000000000000001,1,0,1,1,0,0.0,3.580833,premature,0,-1,,1,1,premature,0,-1,,1,1,premature,0,-1,,1,1
max_cutoff_4s,clamp,adaptive,0.08,0.15,,0.05,8,0.25,,4.0,R11,R11_538.mid,676637ee06573aad6e8ea80367346578ac11b8ed36c9f8ce5702eda3643830ab,20,3.921875,1,0,1,0,0,0.0,4.330833,success,1,0,0.4089583333333211,0,0,success,1,0,0.4089583333333211,0,0,success,1,0,0.4089583333333211,0,0
max_cutoff_4s,clamp,adaptive,0.08,0.15,,0.05,8,0.25,,4.0,R12,R12_457.mid,151dd04bd54d11512876bab817410ae94fb81547894ff0a3b96401968101f6df,13,4.0,1,0,1,1,0,0.0,2.326250,premature,0,-1,,1,1,premature,0,-1,,1,1,premature,0,-1,,1,1
max_cutoff_4s,clamp,adaptive,0.08,0.15,,0.05,8,0.25,,4.0,R13,R13_353-v1.mid,ef59a3cdc969d70fd54c9cd52a37e30deb9772958305ace368edde9ea5afc7c3,11,4.0,1,0,1,1,0,0.0,1.859167,premature,0,-1,,1,1,premature,0,-1,,1,1,premature,0,-1,,1,1
max_cutoff_4s,clamp,adaptive,0.08,0.15,,0.05,8,0.25,,4.0,R14,R14_073.mid,6014529ddd8b96a82fd599bf2e0268f5da21dad2080ba59e69de225512a58ee3,12,3.939583333333333,1,0,1,0,0,0.0,4.832708,late,0,-1,,0,1,success,1,0,0.8931249999999782,0,0,success,1,0,0.8931249999999782,0,0
max_cutoff_4s,clamp,adaptive,0.08,0.15,,0.05,8,0.25,,4.0,R15,R15_156-v2.mid,d6ae647242ceff286d61867ebb06ee767c382eed20c618f7988a94d4733b7d8d,9,4.0,1,0,1,1,0,0.0,3.896875,premature,0,-1,,1,1,premature,0,-1,,1,1,premature,0,-1,,1,1
max_cutoff_4s,clamp,adaptive,0.08,0.15,,0.05,8,0.25,,4.0,R16,R16_249.mid,32c21206c709d04269f4de5a9705ca310189a55c657a53ea8612ed3c5ac480dd,8,4.0,1,0,1,0,0,0.0,5.295625,late,0,-1,,0,1,late,0,-1,,0,1,success,1,0,1.2956249999999647,0,0
max_cutoff_4s,clamp,adaptive,0.08,0.15,,0.05,8,0.25,,4.0,R17,R17_319.mid,7b40b95a494f202130093514531c7232c45d539c2a7ebafe5dee64fac4bc0e7e,18,4.0,1,0,1,0,0,0.0,4.570208,late,0,-1,,0,1,success,1,0,0.5702083333333201,0,0,success,1,0,0.5702083333333201,0,0
max_cutoff_4s,clamp,adaptive,0.08,0.15,,0.05,8,0.25,,4.0,R18,R18_249.mid,0dc5853f595ca79ae339d76ccf661f166c739dba3b0cb0d66eeb860ef17dd7c0,9,4.0,1,0,1,0,0,0.0,4.365625,success,1,0,0.3656249999999739,0,0,success,1,0,0.3656249999999739,0,0,success,1,0,0.3656249999999739,0,0
max_cutoff_4s,clamp,adaptive,0.08,0.15,,0.05,8,0.25,,4.0,R19,R19_733.mid,73dc520e4f2e19e784486fb5160d0686a1f7d90b81c9bb57b8e6478f3b2032fe,10,4.0,1,0,1,1,0,0.0,1.744583,premature,0,-1,,1,1,premature,0,-1,,1,1,premature,0,-1,,1,1
max_cutoff_4s,clamp,adaptive,0.08,0.15,,0.05,8,0.25,,4.0,R20,R20_660.mid,a3a01235dabd1fd09f3b7047e7b59bee8af87f41bc4456aa3e261bc412d6998a,8,3.983333333333334,1,0,1,0,0,0.0,5.447708,late,0,-1,,0,1,late,0,-1,,0,1,success,1,0,1.4643749999999653,0,0
max_cutoff_4s,clamp,adaptive,0.08,0.15,,0.05,8,0.25,,4.0,R21,R21_756-v2.mid,7b479a282dd8ac5742239c1fda08a8a89a1834843d91b2b219beaa12a020ebdc,8,4.0,1,0,1,0,0,0.0,5.600625,late,0,-1,,0,1,late,0,-1,,0,1,success,1,0,1.6006249999999627,0,0
max_cutoff_4s,clamp,adaptive,0.08,0.15,,0.05,8,0.25,,4.0,R22,R22_156.mid,530aaba96af00f7031edd5c0b26b6a257808c3f3d7df6c3d36f325fc29229487,10,4.0,1,0,1,1,0,0.0,3.791875,premature,0,-1,,1,1,premature,0,-1,,1,1,premature,0,-1,,1,1
max_cutoff_4s,clamp,adaptive,0.08,0.15,,0.05,8,0.25,,4.0,R23,R23_645.mid,4089adb020ffa2aa242ec57c10ef8efd9ad726c8c6bf22e335e91d65a5783ac4,12,3.9999999999999996,1,0,1,1,0,0.0,3.363958,premature,0,-1,,1,1,premature,0,-1,,1,1,premature,0,-1,,1,1
max_cutoff_4s,clamp,adaptive,0.08,0.15,,0.05,8,0.25,,4.0,R24,R24_242-v2.mid,5a18cae5a6fd996e3688bb05a6723665c26e561d21b88c112d65d4a6bdb51fca,15,4.000000000000001,2,1,1,1,0,0.5,3.341458,premature,0,-1,,1,1,premature,0,-1,,1,1,premature,0,-1,,1,1
max_cutoff_4s,clamp,adaptive,0.08,0.15,,0.05,8,0.25,,4.0,R25,R25_618-v1.mid,56ff3fa00dc9e75c7913306f4a8cede335d24189bb8e26cfce827120f12743c7,10,4.0,1,0,1,1,0,0.0,3.186250,premature,0,-1,,1,1,premature,0,-1,,1,1,premature,0,-1,,1,1
max_cutoff_4s,clamp,adaptive,0.08,0.15,,0.05,8,0.25,,4.0,R26,R26_560-v1.mid,f0d0a16aff422f9a5877f2944cdd0b959b4801aa449310959626fa7dbd7a6edb,15,3.951041666666667,2,1,1,0,0,0.5,4.622917,late,0,-1,,0,1,success,1,0,0.6718749999999831,0,0,success,1,0,0.6718749999999831,0,0
max_cutoff_4s,clamp,adaptive,0.08,0.15,,0.05,8,0.25,,4.0,R27,R27_735.mid,c6fabc901af844a2236d5a2956bd48e11d7952607af238e872c0dc7f65dbaa6f,16,4.0,2,1,1,0,0,0.5,4.795625,late,0,-1,,0,1,success,1,0,0.7956249999999816,0,0,success,1,0,0.7956249999999816,0,0
max_cutoff_4s,clamp,adaptive,0.08,0.15,,0.05,8,0.25,,4.0,R28,R28_804-v3.mid,f2326f94ae3ec36fd956ed7a74f507c37dfaeae99fddbfc7f2cbf87414f92030,11,3.9802083333333336,1,0,1,1,0,0.0,2.786250,premature,0,-1,,1,1,premature,0,-1,,1,1,premature,0,-1,,1,1
max_cutoff_4s,clamp,adaptive,0.08,0.15,,0.05,8,0.25,,4.0,R29,R29_846-v2.mid,b750d5ab04a7fcc02298fea281e624dbc92dd1640a17037e580bb5b845ab517b,12,4.0,2,1,1,0,0,0.5,4.812917,late,0,-1,,0,1,success,1,0,0.8129166666666441,0,0,success,1,0,0.8129166666666441,0,0
max_cutoff_4s,clamp,adaptive,0.08,0.15,,0.05,8,0.25,,4.0,R30,R30_002-v2.mid,3b8c10e5c6886af05080687f0bc745791d33e73b2cec916337c1799e43024254,19,4.0,1,0,1,0,0,0.0,4.747917,late,0,-1,,0,1,success,1,0,0.7479166666666499,0,0,success,1,0,0.7479166666666499,0,0
max_cutoff_4s,clamp,adaptive,0.08,0.15,,0.05,8,0.25,,4.0,R31,R31_069-v5.mid,ad5859e7014674fc2b088288d32445f60e2790c868a97bae22f5c6c6f7a9c906,10,4.0,1,0,1,0,0,0.0,4.614583,late,0,-1,,0,1,success,1,0,0.6145833333333073,0,0,success,1,0,0.6145833333333073,0,0
max_cutoff_4s,clamp,adaptive,0.08,0.15,,0.05,8,0.25,,4.0,R32,R32_290-v2.mid,b6d63759467030d9561098d602d2077dba3fd2e6533d64bc6401940ec9398bd7,11,4.0,1,0,1,1,0,0.0,0.866667,premature,0,-1,,1,1,premature,0,-1,,1,1,premature,0,-1,,1,1
max_cutoff_4s,clamp,adaptive,0.08,0.15,,0.05,8,0.25,,4.0,R33,R33_144-v1.mid,14914529875824c38e895baf4969bc1f01031d5a20038d87474333091ce8bf16,21,4.0,1,0,1,0,0,0.0,4.573542,late,0,-1,,0,1,success,1,0,0.5735416666666548,0,0,success,1,0,0.5735416666666548,0,0
max_cutoff_4s,clamp,adaptive,0.08,0.15,,0.05,8,0.25,,4.0,R34,R34_680-v3.mid,193fa77f9af23482857e237a7f27c3f78c79243d9a1ffca85d491c191040a3d9,15,4.0,1,0,1,0,0,0.0,4.773750,late,0,-1,,0,1,success,1,0,0.7737499999999811,0,0,success,1,0,0.7737499999999811,0,0
max_cutoff_4s,clamp,adaptive,0.08,0.15,,0.05,8,0.25,,4.0,R35,R35_436-v2.mid,0db58df01ff0e7ef7665b41a914d45f2c8da7ce346a391eafaadda58c2fbcbd1,8,3.9999999999999996,1,0,1,1,0,0.0,2.049792,premature,0,-1,,1,1,premature,0,-1,,1,1,premature,0,-1,,1,1
max_cutoff_4s,clamp,adaptive,0.08,0.15,,0.05,8,0.25,,4.0,R36,R36_230.mid,292e936198ef29131aa14fa25acb693df0d1183ea1dde8ce70b941f2378a5b3c,11,4.0,1,0,1,1,0,0.0,2.227917,premature,0,-1,,1,1,premature,0,-1,,1,1,premature,0,-1,,1,1
max_cutoff_4s,clamp,adaptive,0.08,0.15,,0.05,8,0.25,,4.0,R37,R37_667-v3.mid,3423caa4b45632a7f2c919a198ed678b6eb9786448d01e549dc32a5398afcf9f,7,4.0,1,0,1,0,0,0.0,5.932083,late,0,-1,,0,1,late,0,-1,,0,1,success,1,0,1.9320833333332903,0,0
max_cutoff_4s,clamp,adaptive,0.08,0.15,,0.05,8,0.25,,4.0,R38,R38_136.mid,3abb38ce19d8de517c62b2014f88ea09cffbe9e6bf5ed9c01ed0c1155a8acbe5,14,4.0,2,1,1,0,0,0.5,4.935833,late,0,-1,,0,1,success,1,0,0.9358333333333118,0,0,success,1,0,0.9358333333333118,0,0
max_cutoff_4s,clamp,adaptive,0.08,0.15,,0.05,8,0.25,,4.0,R39,R39_578-v3.mid,fceb1f97ce180f42e04547ff0aa0b9478cd06770ac604a3832d919926ad92aa7,16,4.0,1,0,1,0,0,0.0,4.743958,late,0,-1,,0,1,success,1,0,0.7439583333333175,0,0,success,1,0,0.7439583333333175,0,0
max_cutoff_4s,clamp,adaptive,0.08,0.15,,0.05,8,0.25,,4.0,R40,R40_454.mid,d848f11068ba98d752767ac7826bc58b93c22e9b031ee710f0fae41eccde2eec,12,3.9187499999999997,1,0,1,0,0,0.0,4.954375,late,0,-1,,0,1,late,0,-1,,0,1,success,1,0,1.035624999999976,0,0
max_cutoff_4s,clamp,adaptive,0.08,0.15,,0.05,8,0.25,,4.0,P001,P001_pop909_clear_motif_melody_298_bridge.mid,8b00372060ba7b623d803e3af7e70f5ef60b65f66816ad377f725005f4c84fa9,10,4.948456,2,1,1,0,0,0.5,6.278662,late,0,-1,,0,1,late,0,-1,,0,1,success,1,0,1.330206047916632,0,0
max_cutoff_4s,clamp,adaptive,0.08,0.15,,0.05,8,0.25,,4.0,P002,P002_pop909_clear_motif_melody_248_bridge.mid,ccb942640a73e3e0122c796c0971c8f675a924861614fa62562f002ab9ef196d,10,3.478248,1,0,1,0,0,0.0,4.030315,late,0,-1,,0,1,success,1,0,0.5520668562499793,0,0,success,1,0,0.5520668562499793,0,0
max_cutoff_4s,clamp,adaptive,0.08,0.15,,0.05,8,0.25,,4.0,P003,P003_pop909_clear_motif_melody_339_melody.mid,628d1079f63c4bf7a08c4ee78f0765919be119f7b82f8dc3ffde83afbb2238ec,10,6.3124899,1,0,1,1,0,0.0,4.710481,premature,0,-1,,1,1,premature,0,-1,,1,1,premature,0,-1,,1,1
max_cutoff_4s,clamp,adaptive,0.08,0.15,,0.05,8,0.25,,4.0,P004,P004_pop909_clear_motif_melody_268_melody.mid,e1ad81a5ae674340b836f4d87a0f82f0920845ccc4214feb28ccf9b9603f0948,10,8.0,1,0,1,1,0,0.0,4.497500,premature,0,-1,,1,1,premature,0,-1,,1,1,premature,0,-1,,1,1
max_cutoff_4s,clamp,adaptive,0.08,0.15,,0.05,8,0.25,,4.0,P005,P005_pop909_clear_motif_melody_021_melody.mid,a1fe99526a41a4b56b5a507d209dd13d4105ef53e85d25dd53ce7e9ee5915ff3,10,4.13157275,2,1,1,0,0,0.5,5.173503,late,0,-1,,0,1,late,0,-1,,0,1,success,1,0,1.0419303541666372,0,0
max_cutoff_4s,clamp,adaptive,0.08,0.15,,0.05,8,0.25,,4.0,P006,P006_pop909_clear_motif_melody_220_melody.mid,81d85ebdbdb62cf3dd0eb82602b7fe26907e395242e71f5bb78ef112438b09cc,10,3.870936,2,1,1,0,0,0.5,5.055615,late,0,-1,,0,1,late,0,-1,,0,1,success,1,0,1.1846787749999712,0,0
max_cutoff_4s,clamp,adaptive,0.08,0.15,,0.05,8,0.25,,4.0,P007,P007_pop909_clear_motif_melody_273_melody.mid,b6f10983b8aa291a839fc6e5232bc1920fa3b1e354e6e03e788a7a6b17af9d59,10,6.48648,1,0,1,1,0,0.0,5.257293,premature,0,-1,,1,1,premature,0,-1,,1,1,premature,0,-1,,1,1
max_cutoff_4s,clamp,adaptive,0.08,0.15,,0.05,8,0.25,,4.0,P008,P008_pop909_clear_motif_melody_713_melody.mid,cc0088d140a0c7f748d7a717a6f796eed7338f6a4d8889e8e2eebd7fab8f8f51,10,5.454544,1,0,1,1,0,0.0,3.470284,premature,0,-1,,1,1,premature,0,-1,,1,1,premature,0,-1,,1,1
max_cutoff_4s,clamp,adaptive,0.08,0.15,,0.05,8,0.25,,4.0,P009,P009_pop909_clear_motif_melody_328_melody.mid,e8885a270c794ef4d50b9e6e050e3a0d3d8301d178169d86d88126123dbf06e2,10,5.333328,1,0,1,1,0,0.0,2.229999,premature,0,-1,,1,1,premature,0,-1,,1,1,premature,0,-1,,1,1
max_cutoff_4s,clamp,adaptive,0.08,0.15,,0.05,8,0.25,,4.0,P010,P010_pop909_clear_motif_melody_407_melody.mid,42e7658af7a87529d58b908a6d60cc195eeb297cdd129a98e1cb2649ce5aecce,10,6.15,1,0,1,1,0,0.0,5.520000,premature,0,-1,,1,1,premature,0,-1,,1,1,premature,0,-1,,1,1
max_cutoff_4s,clamp,adaptive,0.08,0.15,,0.05,8,0.25,,4.0,P011,P011_pop909_clear_motif_melody_119_melody.mid,896c48c32a15cf85bd286aa4436d0a697c9a91692eb0fb128687d212976619d5,10,7.272728,1,0,1,1,0,0.0,2.383182,premature,0,-1,,1,1,premature,0,-1,,1,1,premature,0,-1,,1,1
max_cutoff_4s,clamp,adaptive,0.08,0.15,,0.05,8,0.25,,4.0,P012,P012_pop909_clear_motif_melody_188_melody.mid,54bf4eb2f8bff2ccd5d214afc84523384678bdefdf3145e821781182c58bc003,10,4.363632000000001,1,0,1,1,0,0.0,1.535227,premature,0,-1,,1,1,premature,0,-1,,1,1,premature,0,-1,,1,1
max_cutoff_4s,clamp,adaptive,0.08,0.15,,0.05,8,0.25,,4.0,P013,P013_pop909_expressive_rubato_203_bridge.mid,d94792fd3118efad79013d413549904951e6acf204434771004ef7b6bac68e4a,9,3.000000000000001,1,0,1,1,0,0.0,1.478958,premature,0,-1,,1,1,premature,0,-1,,1,1,premature,0,-1,,1,1
max_cutoff_4s,clamp,adaptive,0.08,0.15,,0.05,8,0.25,,4.0,P014,P014_pop909_expressive_rubato_203_bridge.mid,d78dea53ea8b5558568755412ec7c72b704ce448c1990fbb631bad2aba3c7411,9,3.0,1,0,1,0,1,0.0,5.228958,late,0,-1,,0,1,late,0,-1,,0,1,late,0,-1,,0,1
max_cutoff_4s,clamp,adaptive,0.08,0.15,,0.05,8,0.25,,4.0,P015,P015_pop909_expressive_rubato_263_bridge.mid,fdbb28e369fed211abc0a0b53b2006a331c357c454f4284639fd36961d3aac40,16,5.333328000000002,1,0,1,0,1,0.0,7.450550,late,0,-1,,0,1,late,0,-1,,0,1,late,0,-1,,0,1
max_cutoff_4s,clamp,adaptive,0.08,0.15,,0.05,8,0.25,,4.0,P016,P016_pop909_expressive_rubato_617_bridge.mid,37d4c7b2c4a5856f926b9e67a662ac676aa83beca73c7dfc2dd6c188e52a38a4,4,1.3348119999999997,1,0,1,0,0,0.0,3.228689,late,0,-1,,0,1,late,0,-1,,0,1,success,1,0,1.893876566666626,0,0
max_cutoff_4s,clamp,adaptive,0.08,0.15,,0.05,8,0.25,,4.0,P017,P017_pop909_expressive_rubato_178_bridge.mid,cfbf91b1d04e90e9d2e6b6f7ddd9fc480393f1166fde55646495523c989f5d8e,20,6.760552000000001,1,0,1,0,1,0.0,8.855200,late,0,-1,,0,1,late,0,-1,,0,1,late,0,-1,,0,1
max_cutoff_4s,clamp,adaptive,0.08,0.15,,0.05,8,0.25,,4.0,P018,P018_pop909_expressive_rubato_191_bridge.mid,b6e56889014ca3786b340c447e92d66f50ed149b21600186179487f5799f9b73,22,7.272727999999999,1,0,1,1,0,0.0,3.178712,premature,0,-1,,1,1,premature,0,-1,,1,1,premature,0,-1,,1,1
max_cutoff_4s,clamp,adaptive,0.08,0.15,,0.05,8,0.25,,4.0,P019,P019_pop909_expressive_rubato_178_bridge.mid,51d4e82b5c0b217263d7a849828b0f05a8411876b0a87f85f4c175bf27767739,20,6.760551999999999,1,0,1,1,0,0.0,1.409717,premature,0,-1,,1,1,premature,0,-1,,1,1,premature,0,-1,,1,1
max_cutoff_4s,clamp,adaptive,0.08,0.15,,0.05,8,0.25,,4.0,P020,P020_pop909_expressive_rubato_212_bridge.mid,6f5eee7b1684521d31dac9b4e36649e423a8ce813df0a5f142967525e2bf2e17,17,5.783128,1,0,1,1,0,0.0,4.248793,premature,0,-1,,1,1,premature,0,-1,,1,1,premature,0,-1,,1,1
max_cutoff_4s,clamp,adaptive,0.08,0.15,,0.05,8,0.25,,4.0,P021,P021_pop909_chord_arpeggio_polyphonic_227_piano.mid,41b21fee0bca14bd00917fcf3d879b2fcebb9856fef2228a36e0b912e58444c9,18,7.1641759999999985,1,0,1,0,0,0.0,8.476340,late,0,-1,,0,1,late,0,-1,,0,1,success,1,0,1.3121642583333868,0,0
max_cutoff_4s,clamp,adaptive,0.08,0.15,,0.05,8,0.25,,4.0,P022,P022_pop909_chord_arpeggio_polyphonic_003_piano.mid,ea9963c2ef0400f7458ed0b378c21cc36273462aabccb9685efcd21625bbdcfd,19,2.9268239999999985,1,0,1,0,0,0.0,3.706763,late,0,-1,,0,1,success,1,0,0.7799393124999803,0,0,success,1,0,0.7799393124999803,0,0
max_cutoff_4s,clamp,adaptive,0.08,0.15,,0.05,8,0.25,,4.0,P023,P023_pop909_chord_arpeggio_polyphonic_222_piano.mid,bddeab49734bbbb17982dc09bdfaac6a8c2e1a112b7fd3464c5e7c9deadcfc94,19,6.1538400000000015,1,0,1,0,0,0.0,7.295507,late,0,-1,,0,1,late,0,-1,,0,1,success,1,0,1.141666999999969,0,0
max_cutoff_4s,clamp,adaptive,0.08,0.15,,0.05,8,0.25,,4.0,P024,P024_pop909_chord_arpeggio_polyphonic_287_piano.mid,ec7a6fe844d8678913cee3e05d68bc85d02d45d316e498dcfe79e58c814953c2,26,6.9347729000000005,1,0,1,0,1,0.0,9.017672,late,0,-1,,0,1,late,0,-1,,0,1,late,0,-1,,0,1
max_cutoff_4s,clamp,adaptive,0.08,0.15,,0.05,8,0.25,,4.0,P025,P025_pop909_chord_arpeggio_polyphonic_566_piano.mid,52dae62297b7cdeff27e0bea0925c8bebbbb999e9935efba566c8ffc51c206e8,22,5.783128,1,0,1,0,0,0.0,6.842405,late,0,-1,,0,1,late,0,-1,,0,1,success,1,0,1.0592772499999734,0,0
max_cutoff_4s,clamp,adaptive,0.08,0.15,,0.05,8,0.25,,4.0,P026,P026_pop909_chord_arpeggio_polyphonic_106_piano.mid,5a21694b1c7abc6be7e5c6ee6dd6611dbca54dacb44c602d9f7dc226f5eaad89,28,7.1641759999999985,1,0,1,0,0,0.0,8.537907,late,0,-1,,0,1,late,0,-1,,0,1,success,1,0,1.3737313958333965,0,0
max_cutoff_4s,clamp,adaptive,0.08,0.15,,0.05,8,0.25,,4.0,P027,P027_pop909_chord_arpeggio_polyphonic_218_piano.mid,3d2716434e914a4c1b7b0fee64a762d631c9eb844e328c4f880eb95f36c370a6,32,7.0588159999999975,1,0,1,0,0,0.0,7.957198,late,0,-1,,0,1,success,1,0,0.8983824666666456,0,0,success,1,0,0.8983824666666456,0,0
max_cutoff_4s,clamp,adaptive,0.08,0.15,,0.05,8,0.25,,4.0,P028,P028_pop909_chord_arpeggio_polyphonic_242_piano.mid,cd5c6e16ed3247ea34a6331d4c2e4dd980c5793b2def6bf2d11ae3b4d6d7560e,27,7.868856,1,0,1,0,0,0.0,9.021069,late,0,-1,,0,1,late,0,-1,,0,1,success,1,0,1.1522130437501543,0,0
max_cutoff_4s,clamp,adaptive,0.08,0.15,,0.05,8,0.25,,4.0,P029,P029_pop909_sparse_short_062_melody.mid,de331be603af62c8ecaeb6b4de4413d0dfe0f3c4a24efa36a90905ae0bb82a26,3,3.24324,1,0,1,0,0,0.0,4.500268,late,0,-1,,0,1,late,0,-1,,0,1,success,1,0,1.257027749999958,0,0
max_cutoff_4s,clamp,adaptive,0.08,0.15,,0.05,8,0.25,,4.0,P030,P030_pop909_sparse_short_062_melody.mid,f2c561cfdf3ae696074a8292cfd9b6e91d18a740bb99c9c5ad4661e2b5225717,3,2.12837625,1,0,1,1,0,0.0,1.258243,premature,0,-1,,1,1,premature,0,-1,,1,1,premature,0,-1,,1,1
max_cutoff_4s,clamp,adaptive,0.08,0.15,,0.05,8,0.25,,4.0,P031,P031_pop909_sparse_short_062_melody.mid,113bb580ca65ca779549df831e3b90b62932fe9eb9935891172b6636ee9e6079,3,3.24324,1,0,1,0,0,0.0,4.500268,late,0,-1,,0,1,late,0,-1,,0,1,success,1,0,1.257027749999958,0,0
max_cutoff_4s,clamp,adaptive,0.08,0.15,,0.05,8,0.25,,4.0,P032,P032_pop909_sparse_short_062_melody.mid,2638d2ec8832338b8f57a7147f9874c863c36279707599ffbd8782269c399746,3,3.24324,1,0,1,0,0,0.0,4.500268,late,0,-1,,0,1,late,0,-1,,0,1,success,1,0,1.257027749999958,0,0
max_cutoff_4s,clamp,adaptive,0.08,0.15,,0.05,8,0.25,,4.0,P033,P033_pop909_sparse_short_062_melody.mid,dcf51fe0bedf2f9e1acede760976dcde4a78650e163ec3c6ce86d970b4cc65c3,3,3.24324,1,0,1,0,0,0.0,4.500268,late,0,-1,,0,1,late,0,-1,,0,1,success,1,0,1.257027749999958,0,0
max_cutoff_4s,clamp,adaptive,0.08,0.15,,0.05,8,0.25,,4.0,P034,P034_pop909_dense_fast_095_bridge.mid,1eec4634489ebc2145d5d07f86a58778c994982c97d2dd5704238989cafe8164,49,1.7610275333333312,1,0,1,0,0,0.0,2.165807,success,1,0,0.40477943333332433,0,0,success,1,0,0.40477943333332433,0,0,success,1,0,0.40477943333332433,0,0
max_cutoff_4s,clamp,adaptive,0.08,0.15,,0.05,8,0.25,,4.0,P035,P035_pop909_dense_fast_351_bridge.mid,cce631ae36062ea5c6c5856ce61c72dee517b0d26fc59e569c45986becb91fa5,28,1.0351939999999993,1,0,1,0,0,0.0,1.402946,success,1,0,0.36775208541665805,0,0,success,1,0,0.36775208541665805,0,0,success,1,0,0.36775208541665805,0,0
max_cutoff_4s,clamp,adaptive,0.08,0.15,,0.05,8,0.25,,4.0,P036,P036_pop909_dense_fast_095_bridge.mid,8d7b860e3c98cfc78be2b1d435ac9d52da48b3df427707b2c9dc6e28266f4b58,38,1.6801452666666645,1,0,1,0,0,0.0,2.092572,success,1,0,0.4124264999999909,0,0,success,1,0,0.4124264999999909,0,0,success,1,0,0.4124264999999909,0,0
max_cutoff_4s,clamp,adaptive,0.08,0.15,,0.05,8,0.25,,4.0,P037,P037_pop909_dense_fast_095_bridge.mid,14ee870cca3317109b67f85cc0241e6678d38b8efed31130577d8d722e145a58,30,0.7977932666666666,1,0,1,0,0,0.0,1.200220,success,1,0,0.4024264999999959,0,0,success,1,0,0.4024264999999959,0,0,success,1,0,0.4024264999999959,0,0
max_cutoff_4s,clamp,adaptive,0.08,0.15,,0.05,8,0.25,,4.0,P038,P038_pop909_dense_fast_727_bridge.mid,4cec022a9c9e7dd2ec868ae3124b7089c195126defe23b8a3d440d2c7bbaf873,45,1.2854942770833329,1,0,1,0,0,0.0,1.688828,success,1,0,0.40333331874999057,0,0,success,1,0,0.40333331874999057,0,0,success,1,0,0.40333331874999057,0,0
max_cutoff_4s,clamp,adaptive,0.08,0.15,,0.05,8,0.25,,4.0,P039,P039_pop909_chromatic_outside_789_piano.mid,89dc01789fe23c4372b236cc806e6567b05346295e667c74639aa4642a3e304b,16,7.272728,1,0,1,0,1,0.0,9.297879,late,0,-1,,0,1,late,0,-1,,0,1,late,0,-1,,0,1
max_cutoff_4s,clamp,adaptive,0.08,0.15,,0.05,8,0.25,,4.0,P040,P040_pop909_chromatic_outside_064_piano.mid,76f70f424a678deaed9e02ef3b85db1c47a828b39689b0fb75fd6c5cd5f84a3f,23,7.562499999999999,1,0,1,0,0,0.0,7.688333,success,1,0,0.12583333333331392,0,0,success,1,0,0.12583333333331392,0,0,success,1,0,0.12583333333331392,0,0
max_cutoff_4s,clamp,adaptive,0.08,0.15,,0.05,8,0.25,,4.0,P041,P041_pop909_chromatic_outside_796_piano.mid,5313ed35276167210c99ca9b0d50773ad1c5a71997072b20b1653efba88eb36f,20,6.486488,1,0,1,0,0,0.0,7.736556,late,0,-1,,0,1,late,0,-1,,0,1,success,1,0,1.2500675395833039,0,0
max_cutoff_4s,clamp,adaptive,0.08,0.15,,0.05,8,0.25,,4.0,P042,P042_pop909_chromatic_outside_254_piano.mid,dfb97d893bd303a0043e98fe7c14dc376233ce114864c10be992cad37ef88538,24,3.3027539999999993,1,0,1,0,0,0.0,4.121791,late,0,-1,,0,1,success,1,0,0.8190365520833103,0,0,success,1,0,0.8190365520833103,0,0
max_cutoff_4s,clamp,adaptive,0.08,0.15,,0.05,8,0.25,,4.0,P043,P043_pop909_chromatic_outside_311_bridge.mid,8bb993a52d683a9b093e77f22d9fa6d3df633472edafb5a0056e4e19b5852902,14,7.5,1,0,1,1,0,0.0,2.180937,premature,0,-1,,1,1,premature,0,-1,,1,1,premature,0,-1,,1,1
max_cutoff_4s,clamp,adaptive,0.08,0.15,,0.05,8,0.25,,4.0,P044,P044_pop909_false_ending_pause_322_bridge.mid,92fa6bc714e6881f40bd275254b082416486b9d155453539c6e2e9cce641a65c,7,4.633333333333333,1,0,1,0,0,0.0,4.742500,success,1,0,0.10916666666663222,0,0,success,1,0,0.10916666666663222,0,0,success,1,0,0.10916666666663222,0,0
max_cutoff_4s,clamp,adaptive,0.08,0.15,,0.05,8,0.25,,4.0,P045,P045_pop909_false_ending_pause_008_bridge.mid,28ee69826748317d665163811014939ed01825addd8f2c9505d27364a6b4adc8,7,4.876923483333333,1,0,1,1,0,0.0,2.204615,premature,0,-1,,1,1,premature,0,-1,,1,1,premature,0,-1,,1,1
max_cutoff_4s,clamp,adaptive,0.08,0.15,,0.05,8,0.25,,4.0,P046,P046_pop909_false_ending_pause_253_bridge.mid,0e6ab6a38b763c541fa954510aaf319efab974b676865fe44aaa2c2338435f50,7,5.9943121875,1,0,1,1,0,0.0,2.430226,premature,0,-1,,1,1,premature,0,-1,,1,1,premature,0,-1,,1,1
max_cutoff_4s,clamp,adaptive,0.08,0.15,,0.05,8,0.25,,4.0,P047,P047_pop909_false_ending_pause_396_melody.mid,45f3dedbc0915a84ff315fcf7040e15383bbafbc739845cd8f4e4db11fbe1207,7,3.8673180812499997,1,0,1,1,0,0.0,3.542681,premature,0,-1,,1,1,premature,0,-1,,1,1,premature,0,-1,,1,1
max_cutoff_4s,clamp,adaptive,0.08,0.15,,0.05,8,0.25,,4.0,P048,P048_pop909_repetition_tail_234_bridge.mid,8edaf0b3c05cb78569d9801754c34b780426e21b3654154ff150d50ac4c12b59,8,4.000000000000001,1,0,1,1,0,0.0,3.011250,premature,0,-1,,1,1,premature,0,-1,,1,1,premature,0,-1,,1,1
max_cutoff_4s,clamp,adaptive,0.08,0.15,,0.05,8,0.25,,4.0,P049,P049_pop909_repetition_tail_282_bridge.mid,b5bf7675db361f16e2641027f14dbd38a665a77edf6ca030a9254be54ddab400,8,5.691775224999999,1,0,1,0,0,0.0,7.096159,late,0,-1,,0,1,late,0,-1,,0,1,success,1,0,1.4043838916666296,0,0
max_cutoff_4s,clamp,adaptive,0.08,0.15,,0.05,8,0.25,,4.0,P050,P050_pop909_repetition_tail_340_bridge.mid,92dfb3e992339ebac2e7204e10ece5a799d2ae91faeb4c2a0ff6f5611e0bfbac,8,5.245888,1,0,1,1,0,0.0,3.827151,premature,0,-1,,1,1,premature,0,-1,,1,1,premature,0,-1,,1,1
